site_id,longitude,latitude,Depth,SBT,SBS,Chl,SBT_var,Chl_var,Fishing,life_history_class,split,spatial_block
630,170.625,53.375,306.363636363636,2.41322895884514,34.4480449799448,0.977763403545726,0.119654752314091,1.35068329355933,0.129433564164422,slow,train,116_47
876,170.875,52.875,186.2,2.42096623331308,34.4470554403961,0.946727311611175,0.0863795891404152,1.38480880260467,0.0544574066996575,slow,train,116_47
877,170.875,53.125,148.142857142857,2.41206529204335,34.4479128651853,0.808430444626581,0.0927065121276038,1.16629203160604,0.105517406193983,slow,train,116_47
878,170.875,53.375,177.333333333333,2.48332165181637,34.4335255678743,0.95780873298645,0.10205389559269,1.42001112302144,0.124511495232582,slow,train,116_47
1621,171.625,53.125,458.0,2.26627401262522,34.4775230856612,0.695754766464235,0.0904568620026114,1.28654932975769,0.0567391812801361,slow,train,117_47
2116,172.125,52.875,331.636363636364,2.3998452052474,34.4424961600453,0.717318095944144,0.0906899124383926,1.52917781201276,0.102209941230037,slow,train,117_47
2364,172.375,52.875,207.485714285714,2.67571033537388,34.386817715796,1.30043078064919,0.122925068225179,2.36928232397352,0.099947004392743,slow,train,117_47
2365,172.375,53.125,227.666666666667,3.03558459877968,34.3043305445462,0.401622951030731,0.125492110848427,1.71377774079641,0.117116302251816,slow,train,117_47
2611,172.625,52.625,333.0,3.80985952913761,33.9342088438571,1.11943846940994,0.205979593098164,2.96401317914327,0.0,slow,train,117_47
2613,172.625,53.125,115.0,3.14300975203514,34.2753379605711,0.236100509762764,0.0827661976218223,1.86459964513779,0.0,slow,train,117_47
2858,172.875,52.375,173.333333333333,3.60005494952202,34.1023997403681,0.67905573050181,0.170903652906418,1.8650563955307,0.0219032261520624,slow,train,117_47
2859,172.875,52.625,178.666666666667,3.50009375172002,34.1030537084277,1.67821791626158,0.16127724306924,2.98808118275234,0.0075334359315179,slow,train,117_47
2861,172.875,53.125,105.461538461538,3.41953561856196,33.8611078842615,1.42648606346204,0.663819836882445,2.76793177311237,0.0,slow,train,117_47
3106,173.125,52.375,135.142857142857,3.6242256090045,33.6194079968014,1.11666650431497,2.79186812256064,2.94409314223698,0.0,slow,train,117_47
3109,173.125,53.125,127.857142857143,3.8147657428469,33.9248110806303,1.4386191538402,0.187401087156364,1.91236175809588,0.0,slow,train,117_47
3353,173.375,52.125,172.333333333333,3.51948608458042,33.3653777372092,0.130186885595322,1.36405529826879,2.60916543006897,0.0,slow,train,117_47
3601,173.625,52.125,215.5,3.84615620970726,33.2634967798367,0.498246133327484,2.13646656498313,2.35306707620621,0.0,slow,train,117_47
3602,173.625,52.375,87.0,3.78560748696327,33.3750419318676,0.0,1.05374309420586,2.09067726135254,0.0,slow,train,117_47
3604,173.625,52.875,116.833333333333,3.30658896267414,33.3218888612464,1.30405636628469,1.40897854417562,2.50128227472305,0.0,slow,train,117_47
3849,173.875,52.125,370.0,2.02954803854227,34.3095186911523,0.813293254375459,0.831031219661236,2.13442740440369,0.0,slow,train,117_47
4098,174.125,52.375,193.666666666667,3.50947601348162,33.5111883934587,0.681871679094103,0.908556371927261,2.29710519313812,0.037245968149768,slow,train,118_47
4346,174.375,52.375,243.409090909091,3.59329648688436,33.4069476462901,0.350206618959254,1.06563976407051,2.05521765622226,0.0371648484671658,slow,train,118_47
5089,175.125,52.125,231.8,3.38911101222038,34.1930142813362,0.354442811012268,0.142423779889941,2.09579632282257,0.0658545080572367,slow,train,118_47
5090,175.125,52.375,952.0,3.2982879281044,34.2243720497936,0.414447355270386,0.128177739679813,1.81603932380676,0.0652388110756874,slow,train,118_47
5337,175.375,52.125,201.428571428571,3.46078591155154,34.1652533372066,0.0,0.117609615836825,1.75799228463854,0.067656621336937,slow,train,118_47
5338,175.375,52.375,230.4,3.50088200122118,34.1581468842924,0.0,0.137992492318153,1.79459717273712,0.0680845379829407,slow,train,118_47
5583,175.625,51.625,186.625,2.79564807750285,34.3663212668616,0.652172982692719,0.143559068441391,2.81990188360214,0.0503760790452361,slow,train,118_47
5584,175.625,51.875,91.3333333333333,2.91692863404751,34.339426830411,0.443504979213079,0.148442029953003,2.45259662469228,0.0480030663311481,slow,train,118_47
5833,175.875,52.125,189.0,3.50748526763457,34.149742556306,0.564719658631545,0.178941758779379,2.32437788981658,0.0513169819918963,slow,train,118_47
6081,176.125,52.125,155.235294117647,3.41142901865875,34.1875523657483,0.151103896253249,0.154416476978975,1.40801008308635,0.0814731984454043,slow,train,118_47
6082,176.125,52.375,165.076923076923,3.52512027093997,34.143521475534,0.226122720883443,0.137755856491052,1.27997161333377,0.0814118752112756,slow,train,118_47
6329,176.375,52.125,125.4,3.31257059052587,34.2219305690378,0.0530766233801842,0.15187231041491,1.16582746803761,0.0724257685244083,slow,train,118_47
6330,176.375,52.375,223.75,3.21240884251893,34.2421490815468,0.0,0.137333292514086,1.03948906064034,0.084228515625,slow,train,118_47
6576,176.625,51.875,227.538461538462,3.55948880773324,34.1247408543355,0.0386554873906649,0.169983402467691,1.35810116162667,0.0177614330672301,slow,train,118_47
6824,176.875,51.875,295.2,3.60664694756269,34.1026031970978,0.226033091545105,0.115726187825203,0.781652235984802,0.0176731824874878,slow,train,118_47
7073,177.125,52.125,94.0,3.64839626848698,34.0891750529408,0.0,0.161137729883194,2.17820000648499,0.0532703548669815,slow,validation,119_47
7319,177.375,51.625,342.8,3.60254525989294,34.1175572667271,0.418973302841188,0.138578447699547,2.33728039264679,0.0,slow,validation,119_47
7815,177.875,51.625,262.857142857143,3.77521375460284,33.9862840782319,0.0,0.226429900952748,2.43530435221536,0.0,slow,validation,119_47
7817,177.875,52.125,213.846153846154,3.89066628194772,33.8094611759656,0.22128566641074,0.367743343687975,1.15757082975828,0.0,slow,validation,119_47
8063,178.125,51.625,297.5,3.8809473104775,33.6405529640615,0.0,0.60133671015501,1.4903926551342,0.0,slow,validation,119_47
8064,178.125,51.875,219.727272727273,5.16661997884512,33.1774345831946,0.257770458405668,2.96287006884814,1.08947195519101,0.0,slow,validation,119_47
8065,178.125,52.125,268.0,3.81374555267394,33.9499343535863,0.162133939564228,0.115909298881888,1.40902197360992,0.0,slow,validation,119_47
8312,178.375,51.875,186.111111111111,4.80104646086693,33.1401624406377,0.0911647809876336,2.50878424197436,1.13129699009436,0.0,slow,validation,119_47
8313,178.375,52.125,344.875,5.88106938265264,32.8070161747746,0.168674431741238,4.51112399250269,0.911260910332202,0.0,slow,validation,119_47
8558,178.625,51.375,173.0,3.59900860062667,34.1090120840818,0.371654527527946,0.171496583947114,3.54438895838601,0.0129145834195827,slow,validation,119_47
8560,178.625,51.875,413.333333333333,3.88058108836412,33.4238715469837,0.213659485181173,0.901394695043562,1.14173946777979,0.0,slow,validation,119_47
8561,178.625,52.125,384.5,3.89779352769256,33.1568345893175,0.45509421825409,1.14554277062416,1.04931527376175,0.0608962923288345,slow,validation,119_47
8806,178.875,51.375,185.545454545455,3.19780989736318,34.2448194511235,0.359898773106663,0.136434383690357,1.869690136476,0.0169215903363445,slow,validation,119_47
9053,179.125,51.125,227.0,3.14795375056565,34.2772453674115,0.112278766930103,0.197027496993542,2.66317096352577,0.0,slow,validation,119_47
9302,179.375,51.375,163.4,3.15238503813744,34.2799157369882,0.244222629070282,0.183550523221493,1.9133780002594,0.0,slow,validation,119_47
9305,179.375,52.125,318.285714285714,3.65530217119626,33.9886819611171,0.16417041846684,0.190749403621469,1.38155065264021,0.0752222138856138,slow,validation,119_47
9554,179.625,52.375,255.666666666667,3.72530291229487,33.5993529763072,0.48365585009257,0.810571610927581,1.29701654116313,0.0,slow,validation,119_47
9802,179.875,52.375,256.0,3.27887815609574,34.2181157553568,0.217428281903267,0.13879818096757,1.56031936407089,0.0,slow,validation,119_47
10051,-179.875,52.625,400.5,3.43379011005163,34.1555528109893,0.0,0.106936857104302,1.35600411891937,0.0623891018331051,slow,train,0_47
10297,-179.625,52.125,409.5,2.25968201458454,34.4737082719803,1.45302534103394,0.0574968717992306,1.86313778162002,0.0570397619158029,slow,train,0_47
10547,-179.375,52.625,146.0,1.78701134026051,34.5606860239059,0.296504894892375,0.0332041382789612,1.66771324475606,0.0077400179579854,slow,train,0_47
10791,-179.125,51.625,244.6,3.28935210853815,34.2301705665886,0.115831053256989,0.182378612458706,1.86988816261291,0.0150988943874836,slow,train,0_47
11039,-178.875,51.625,261.125,4.06826992146671,33.9915158227086,0.37943971157074,0.495681630447507,1.67444857954979,0.0,slow,train,0_47
11286,-178.625,51.375,270.0,4.05124059319496,34.0067750774324,0.753099083900451,0.417493209242821,1.6925699710846,0.0370142869651318,slow,train,0_47
11287,-178.625,51.625,175.173913043478,3.4993597910456,34.1609598947284,0.343524538952371,0.269475784638654,1.185177989628,0.0,slow,train,0_47
11534,-178.375,51.375,362.1,3.8312875919044,34.0643024677411,0.51359592974186,0.323813592642546,1.8854168176651,0.0245056312531233,slow,train,0_47
11535,-178.375,51.625,254.533333333333,3.50923186540604,34.1690318193287,0.353018192450205,0.235602892935276,1.24846647580465,0.0,slow,train,0_47
11783,-178.125,51.625,126.620689655172,3.62983259584369,34.0694432580394,0.753979327349827,0.777274864757883,1.79102051874687,0.0,slow,train,0_47
11784,-178.125,51.875,123.5,6.17166662961245,32.7743359375745,0.836732844511669,4.45753348991275,1.35390155514081,0.0,slow,train,0_47
11819,-178.125,60.625,160.8,2.08096562325954,33.218787163496,0.510050337016583,1.17029938548803,3.38192805051803,0.116487196087837,slow,train,0_50
12031,-177.875,51.625,90.8888888888889,3.29316081851721,34.1988721396774,0.0,0.245043285191059,1.95468791325887,0.0,slow,train,0_47
12279,-177.625,51.625,193.833333333333,2.85460983775556,34.3469292973168,0.804769734541576,0.211920529603958,1.55010539789995,0.0,slow,train,0_47
12280,-177.625,51.875,95.9,4.32158575728535,33.7743766279891,0.562893509864806,0.610565507411957,1.76010760068893,0.0,slow,train,0_47
12308,-177.625,58.875,134.5,2.45048373565078,33.2350382697768,0.441703822463751,1.18088320456445,3.10345368087292,0.0070516429841518,slow,train,0_49
12309,-177.625,59.125,134.833333333333,2.66508989408612,33.1967629725114,0.396612231930097,1.5892818979919,4.19886295000711,0.0070282587936768,slow,train,0_49
12316,-177.625,60.875,134.0,1.48158209770918,32.9889827873558,0.309346030155818,2.27179784327745,1.52048377195994,0.0954680678745108,slow,train,0_50
12317,-177.625,61.125,135.142857142857,1.6730988238539,33.0916557727116,0.889872885176113,1.07889034599066,4.72472576584135,0.238367108362061,slow,train,0_50
12775,-177.125,51.625,161.583333333333,3.50154120102525,34.1204565251246,1.29767150183519,0.315439313650131,2.22749456763268,0.0,slow,train,0_47
12776,-177.125,51.875,91.3333333333333,2.42081974446773,34.4284391496331,2.01600289344788,0.218024231493473,2.31884622573853,0.0,slow,train,0_47
12804,-177.125,58.875,136.0,2.40104375034571,33.1553086638451,0.339768528938293,1.73076570779085,1.17085421085358,0.0059274984523654,slow,train,0_49
12806,-177.125,59.375,149.4,2.29344769343734,33.1105990475044,0.42143866121769,1.55388042703271,5.28120431900024,0.0147008462809026,slow,train,0_49
12807,-177.125,59.625,172.1,2.39137548655272,33.2152775349095,0.817044994235038,1.43405255153775,3.89111989736557,0.0099344696849584,slow,train,0_49
12808,-177.125,59.875,135.666666666667,2.28019045293331,33.0698568373919,0.308279653390249,2.17999816685915,4.9191947778066,0.0561986056466898,slow,train,0_49
12809,-177.125,60.125,136.714285714286,1.83936366332429,33.105389101963,0.510162872927529,1.23793537808316,2.55717708383288,0.0565844098372119,slow,train,0_50
13023,-176.875,51.625,174.0,2.75481431186199,34.3913082964718,1.37821829319,0.147953733801842,2.45742583274841,0.0,slow,train,1_47
13051,-176.875,58.625,136.1,2.59697258099914,33.1966612441465,0.353860995173454,1.51139866188168,3.92480782270432,0.0054421371314674,slow,train,1_49
13052,-176.875,58.875,135.666666666667,2.39420760422945,33.1545457011089,0.38950186719497,1.47795037552714,2.26326633493105,0.0064193620346486,slow,train,1_49
13053,-176.875,59.125,137.0,2.56437881290913,33.0932543613017,0.343796968460083,1.74126407504082,6.4962276617686,0.0064193620346486,slow,train,1_49
13059,-176.875,60.625,129.0,1.43502305969596,32.898037629202,0.384451892971992,1.48898586854339,3.80202805399894,0.0353761181235314,slow,test,1_50
13271,-176.625,51.625,181.857142857143,2.49207610424076,34.4351241564644,1.37740417037691,0.134874372610024,3.5284070117133,0.0,slow,train,1_47
13272,-176.625,51.875,96.0,5.00268564373255,33.2575456704944,0.361608505249023,1.84063234180212,2.27358222007751,0.0,slow,train,1_47
13305,-176.625,60.125,141.444444444444,1.98395745456219,33.0293350387365,0.743226556314362,1.52494888007641,2.50591637028588,0.105815769897567,slow,test,1_50
13519,-176.375,51.625,212.857142857143,3.25758495607546,34.2480892914214,1.93595994370324,0.280526138842106,2.87186186654227,0.0,slow,train,1_47
13521,-176.375,52.125,180.8,4.83231911659241,33.0222479626536,0.843066704273223,2.75442975908518,2.89055807590485,0.0,slow,train,1_47
13548,-176.375,58.875,134.571428571429,2.41108869974102,33.0995033894266,0.392818919249944,1.56261744030884,4.60986644881113,0.0580043340367931,slow,train,1_49
13549,-176.375,59.125,134.666666666667,2.67815181612968,33.090711152181,0.605302840471268,1.37455366551876,5.25645017623902,0.0584910822411379,slow,train,1_49
13551,-176.375,59.625,135.0,1.6612750813365,32.9828790854663,1.372194647789,0.877468183636665,8.41818332672119,0.0670968815684319,slow,train,1_49
13767,-176.125,51.625,272.0,3.13910338282585,34.238715749234,1.50142610073089,0.206305123865604,2.35976680119832,0.0,slow,train,1_47
13795,-176.125,58.625,140.4,2.6291268825531,33.1766716204584,0.330473111569881,1.56362193524838,3.3817528784275,0.0608668215572834,slow,train,1_49
13802,-176.125,60.375,121.75,1.35959961544722,32.7873698843177,0.510984113439918,1.44914090260863,4.48621232062579,0.0552346110343933,slow,test,1_50
14044,-175.875,58.875,133.5,2.64934234321117,33.0454420298338,0.360503166913987,1.50480666384101,2.86252707242966,0.172772139310837,slow,train,1_49
14046,-175.875,59.375,136.5,2.2161015830934,32.9864395782351,0.36725231508414,1.52616962045431,2.01950557033221,0.481193229556084,slow,train,1_49
14047,-175.875,59.625,137.0,1.80981477051973,32.8830835595727,0.299091632664204,1.36088137328625,1.9812597155571,0.687652409076691,slow,train,1_49
14048,-175.875,59.875,129.75,1.40125738084316,32.8234198736027,0.359281286597252,1.44383068196475,1.97262507677078,0.543543085455894,slow,train,1_49
14049,-175.875,60.125,129.333333333333,1.59303569421172,32.8213853063062,0.687664538621902,1.4935758523643,3.1342037220796,0.524538076172272,slow,test,1_50
14050,-175.875,60.375,121.5,1.36060672625899,32.8066346934066,0.108896434307098,1.93255409225821,1.3551772236824,0.0552346110343933,slow,test,1_50
14265,-175.625,52.125,150.25,2.83007295615971,34.0460676583462,0.227191045880318,0.85238196887076,1.47347646951676,0.0,slow,train,1_47
14291,-175.625,58.625,135.0,2.76376640796661,33.1648033112288,0.474702636400859,1.36226487904787,2.27609574794769,0.178024426102638,slow,train,1_49
14292,-175.625,58.875,133.0,2.68468277715146,33.0885494244285,0.442662067711353,1.46855067461729,2.74020084738731,0.172772139310837,slow,train,1_49
14293,-175.625,59.125,133.0,2.30875577777624,33.0633716541343,0.464969765394926,1.29331339336932,5.19244349002837,0.172772139310837,slow,train,1_49
14512,-175.375,51.875,216.818181818182,3.25966814160347,34.0286929160356,1.27998406236822,0.404176041483879,2.27730973200365,0.0736597590148449,slow,train,1_47
14513,-175.375,52.125,138.272727272727,3.73382589966059,33.4714526776224,0.435597923668948,1.06337584555149,1.41467177326029,0.0835704482583835,slow,train,1_47
14539,-175.375,58.625,136.0,2.81340985000134,33.1675160676241,0.376555293798447,1.7175817117095,1.01921916007996,0.178024426102638,slow,train,1_49
14545,-175.375,60.125,117.333333333333,1.27967163920402,32.7778964303434,0.306627064943314,1.7087923809886,2.95166699091593,0.682307322820028,slow,test,1_50
14760,-175.125,51.875,255.4,3.19999391287565,34.0296639595181,0.733886662125587,0.343296609073877,2.42667855024338,0.109404785186052,slow,train,1_47
14761,-175.125,52.125,196.0,3.0957670994103,34.2822046251967,0.398254424333572,0.281991027295589,1.25558090209961,0.208079926669598,slow,train,1_47
14787,-175.125,58.625,142.0,3.10272531956434,33.2132938317955,0.318405985832214,1.46708578616381,0.978817224502563,0.160083621740341,slow,train,1_49
14788,-175.125,58.875,130.0,2.37522509135306,33.066423505079,0.262228339910507,1.23032318986953,1.26435056328773,0.151229411363602,slow,train,1_49
14789,-175.125,59.125,129.6,2.84549090713262,33.0909146089107,0.670465803146362,1.48276009261608,2.4061637878418,0.151229411363602,slow,train,1_49
14790,-175.125,59.375,133.0,2.3573900744319,32.9871516767889,0.659343683719635,1.37640919089317,2.55311950445175,0.581148082017899,slow,train,1_49
14791,-175.125,59.625,125.6,1.60407118722796,32.8078554337844,1.40038740336895,1.47638782784343,3.30538269281387,0.728160911798477,slow,train,1_49
14792,-175.125,59.875,117.0,1.57411421835423,32.7906124759465,0.0,2.29840998351574,1.38327944278717,0.644981801509857,slow,train,1_49
14793,-175.125,60.125,117.0,1.88027590513229,32.6349680777639,0.471754878759384,0.853297524154186,2.40118217468262,0.642129600048065,slow,test,1_50
15008,-174.875,51.875,262.5,2.5156712718308,34.427930507809,1.82906940579414,0.0703146457672119,2.25371134281158,0.181288652122021,slow,train,1_47
15009,-174.875,52.125,210.0,3.16132085770369,34.2544836457819,0.772175073623657,0.23316141217947,1.76890786488851,0.272308737039566,slow,train,1_47
15010,-174.875,52.375,211.0,4.12814723700285,32.9348124330863,1.41679897904396,1.24625385180116,2.00579208135605,0.259281545877457,slow,train,1_47
15035,-174.875,58.625,163.333333333333,3.06870735436678,33.232791768387,0.35053480664889,1.16067995131016,5.11771804756588,0.175093084573746,slow,train,1_49
15037,-174.875,59.125,131.0,2.26114690303802,32.985930936411,0.0,1.23856318742037,5.56124305725098,0.151229411363602,slow,train,1_49
15256,-174.625,51.875,259.2,2.02779017239809,34.5295571442693,0.610821622610092,0.0747093111276626,1.52845125198364,0.200513651967048,slow,train,1_47
15258,-174.625,52.375,132.666666666667,4.84911650419235,32.7845087740571,2.8339831829071,4.66811120510102,3.9037652015686,0.21057653427124,slow,train,1_47
15287,-174.625,59.625,116.0,1.88979768007994,32.6563310343772,0.314058303833008,0.750022888183594,1.3718329668045,0.529495596885681,slow,train,1_49
15288,-174.625,59.875,108.0,1.34910735189915,32.6801354717463,0.57938232421875,1.34564653337002,2.71157078742981,0.342547476291656,slow,train,1_49
15297,-174.625,62.125,73.0,-0.265785679221153,32.5693532824516,0.325843542814255,3.3860896602273,3.96062850952148,0.911162376403809,fast,test,1_50
15506,-174.375,52.375,152.0,7.74239327386021,32.570879207924,0.68890905380249,5.49955747649074,3.20326036214828,0.154722563922406,slow,train,1_47
15530,-174.375,58.375,166.2,3.6236396536231,34.0211187768728,0.637155978381634,0.197979674488306,2.68790084123611,0.168494588136673,slow,train,1_49
15531,-174.375,58.625,156.0,2.7587695106864,33.08984646108,0.692224639654159,1.43932614997029,3.79386320710182,0.308684080839157,slow,train,1_49
15532,-174.375,58.875,126.6,2.65798518508673,33.0573442485184,0.563115799427033,1.30462965667248,4.81773297786712,0.260393351316452,slow,train,1_49
15533,-174.375,59.125,127.0,2.66047549545765,33.067415356636,0.543303400278092,1.50956755131483,1.84467186927795,0.267089337110519,slow,train,1_49
15534,-174.375,59.375,120.4,2.44030276089907,32.9950864892453,0.823218733072281,1.35765861868858,2.63254107236862,0.427228182554245,slow,train,1_49
15535,-174.375,59.625,115.0,1.55987224727869,32.8099408652633,0.333725068304274,1.5360169261694,2.61776796314451,0.529495596885681,slow,train,1_49
15536,-174.375,59.875,107.0,1.50160223990679,32.7990050660446,0.470461130142212,1.50553910806775,3.86566478013992,0.520668804645538,slow,train,1_49
15752,-174.125,51.875,129.666666666667,2.73308513313532,34.1570787364617,1.6770235200723,0.344981230795383,1.91247327129046,0.259270695348581,slow,train,1_47
15788,-174.125,60.875,83.0,0.644642494618891,32.4559261556715,0.395253459612529,1.83867915719747,2.56856473286947,0.908865511417389,fast,test,1_50
16000,-173.875,51.875,141.114285714286,4.07587164619139,33.6603027994611,1.24828689353807,0.792023332842759,1.5151290178299,0.408697399071285,slow,train,2_47
16001,-173.875,52.125,145.4,3.85084385275841,33.0271309241653,2.7646265745163,1.51454817205667,3.08599693775177,0.420308578014374,slow,train,2_47
16002,-173.875,52.375,133.192307692308,3.29265374174485,33.8317044741976,1.83475910471036,0.706583311351445,2.79996163111467,0.419104956663572,slow,train,2_47
16031,-173.875,59.625,104.3,1.21375165879726,32.6783043611795,0.267649206519127,1.39288918599486,2.72787586450577,0.487795299291611,slow,train,2_49
16250,-173.625,52.375,172.846153846154,3.502132790593,33.6677848647993,2.25443689639752,0.711541395347852,3.01822174512423,0.43274341409023,slow,train,2_47
16251,-173.625,52.625,234.666666666667,3.2567827552557,34.218878718093,1.5987029671669,0.167485579848289,2.586476902167,0.433226108551026,slow,train,2_47
16272,-173.625,57.875,118.0,3.27484971284866,33.187353098765,0.0,1.24881740659475,1.57383835315704,0.229510173201561,slow,train,2_49
16273,-173.625,58.125,117.0,2.9862666875124,33.1141086760908,0.334894299507141,1.51908932626247,0.719052135944366,0.327840268611908,slow,train,2_49
16274,-173.625,58.375,115.6,2.88211311846971,33.0729086883366,0.424282142519951,1.36703390479088,3.57121362686157,0.372195243835449,slow,train,2_49
16275,-173.625,58.625,126.1,2.63718376904726,33.0239264806732,0.455241373181343,1.28060548603535,3.30022114515305,0.662504422664642,slow,train,2_49
16276,-173.625,58.875,117.5,2.24991609156132,32.9383729258552,0.349277764558792,1.42838831618428,2.09269565343857,0.614974111318588,slow,train,2_49
16277,-173.625,59.125,117.75,2.4880215022713,32.9947050078772,1.34300827234983,0.828943753615021,4.12984639406204,0.638056367635727,slow,train,2_49
16497,-173.375,52.125,107.2,3.90856045782566,32.9834894556552,1.73666859865189,1.54179509729147,11.6952289104462,0.526842832565308,slow,train,2_47
16498,-173.375,52.375,151.857142857143,3.91584304613726,33.0471859446594,2.93461129495076,1.44741442693131,3.45593864577157,0.422124841383525,slow,train,2_47
16499,-173.375,52.625,217.333333333333,3.26068912446499,34.2191330390051,1.34052196145058,0.166997283697128,2.50344216823578,0.408443992336591,slow,train,2_47
16516,-173.375,56.875,142.0,3.49433883279562,33.2646666560322,0.653876841068268,1.01809747517109,1.46330189704895,0.26247051358223,slow,train,2_48
16517,-173.375,57.125,143.0,3.83077488094568,33.3384197205305,0.872801840305328,1.19095431268215,0.982295334339142,0.26247051358223,slow,train,2_49
16518,-173.375,57.375,121.3,3.12294078022242,33.1286049680784,0.433442518115044,1.24339731931686,2.96598637104034,0.303061404824257,slow,train,2_49
16519,-173.375,57.625,145.9,3.08514665812254,33.1656849570572,0.353172981739044,1.4027039386332,3.56454262137413,0.329327926039696,slow,train,2_49
16520,-173.375,57.875,117.0,2.99557919268097,33.1350356539977,0.406729200056621,1.37668124160596,4.06380716391972,0.314446347100394,slow,train,2_49
16521,-173.375,58.125,117.0,2.97820980101824,32.9813531599939,0.313958704471588,1.77251502871513,2.3536491394043,0.325188517570496,slow,train,2_49
16533,-173.375,61.125,75.0,-0.404217638075352,32.2611163370311,0.352743893861771,2.15704824775457,2.27319550514221,0.93703705072403,fast,validation,2_50
16745,-173.125,52.125,122.833333333333,3.8280892521143,33.4233629051596,3.05924100677173,0.712057862430811,4.14710688591004,0.399770458539327,slow,train,2_47
16746,-173.125,52.375,238.133333333333,3.71387678235769,33.2673115935176,2.66141530672709,0.9829889819026,3.32073647181193,0.379050519069036,slow,train,2_47
16764,-173.125,56.875,140.833333333333,2.94061099737883,33.1700592767447,0.714161078135172,1.18289742618799,3.85907173156739,0.26247051358223,slow,train,2_48
16771,-173.125,58.625,112.25,2.124362943694,32.9313791007735,1.05104374140501,1.23087252303958,3.29840624332428,0.486577898263931,slow,train,2_49
16772,-173.125,58.875,106.666666666667,2.11783198267221,32.9411704558879,0.34164721518755,1.06460768356919,3.60334144035975,0.520660102367401,slow,train,2_49
16773,-173.125,59.125,106.75,1.76711327210069,32.7616198919714,0.320080876350403,1.3854182548821,1.85972410440445,0.520660102367401,slow,train,2_49
16993,-172.875,52.125,161.0,4.46873380243778,32.9450361337513,0.413636690378189,1.6375988021493,1.20188717842102,0.341157138347626,slow,train,2_47
16994,-172.875,52.375,182.833333333333,3.76290171593428,33.3368937950581,3.67531210184098,0.905301064252854,4.36276791989804,0.351650938391685,slow,train,2_47
17014,-172.875,57.375,116.777777777778,2.84693951904774,33.0123803112656,0.277530079086621,1.26322214305401,4.12721593512429,0.26732736825943,slow,train,2_49
17015,-172.875,57.625,118.9,2.65644705221057,32.9717398295179,0.345014946162701,1.27086397781968,3.24658157229424,0.241505827009678,slow,train,2_49
17016,-172.875,57.875,108.888888888889,2.58635213971138,32.9894914291799,0.684788503580623,1.194535151124,3.88778860039181,0.244640305638313,slow,train,2_49
17017,-172.875,58.125,108.0,2.48966950178146,32.8791161533445,0.357576638460159,1.77764213830233,4.40979146957397,0.25393882393837,slow,train,2_49
17018,-172.875,58.375,109.4,2.58129827454686,32.9889827873558,0.555615946650504,1.24683980718255,3.48570410609245,0.267941856384278,slow,train,2_49
17019,-172.875,58.625,112.166666666667,2.15213478729129,32.8801334369928,0.4895611256361,1.04458754137158,3.02778070171674,0.486295943458875,slow,train,2_49
17240,-172.625,51.875,173.8,3.45840023607016,34.2048402037472,1.07058804631233,0.204791405797004,1.35228068828583,0.48902530670166,slow,train,2_47
17242,-172.625,52.375,264.8,3.71006807237863,33.8572343811393,0.707263004779816,0.687398906797171,0.922128367424011,0.37670433819294,slow,train,2_47
17259,-172.625,56.625,135.5,3.24577167704701,33.2221441995353,0.845101386308669,1.06021301820874,2.73614256381988,0.131684689223766,slow,train,2_48
17260,-172.625,56.875,121.625,3.15701774787158,33.1076234928332,0.67106619849801,1.04171880148351,4.51283882558346,0.272218607366085,slow,train,2_48
17261,-172.625,57.125,122.5,3.13422042131424,33.1369975581765,0.487533032894135,1.16714987531304,3.64877641201019,0.272489652037621,slow,train,2_49
17262,-172.625,57.375,117.0,3.67403181642294,32.985930936411,0.0,0.792504653334618,1.68389892578125,0.267734169960022,slow,train,2_49
17490,-172.375,52.375,155.666666666667,4.0595416277647,33.8572343811393,0.904251555601755,0.500259406864643,1.1452756524086,0.469282627105713,slow,train,2_47
17491,-172.375,52.625,269.3,3.7799432516098,33.9821313810535,1.10288333147764,0.316928616911173,1.67436265647411,0.455172564089298,slow,train,2_47
17512,-172.375,57.875,104.5,2.10220650583506,32.8394420910627,1.61887755990028,2.04242072626948,4.73375177383422,0.38672523200512,slow,train,2_49
17513,-172.375,58.125,104.8,2.08858304321766,32.8638568986207,0.573315352201461,1.16517227590084,2.31900751590729,0.368668234348297,slow,train,2_49
17517,-172.375,59.125,98.4285714285714,1.51217036374978,32.7570421155542,0.337201910359519,1.4607030579022,1.5395736183439,0.384679917778288,slow,train,2_49
17737,-172.125,52.125,357.0,4.47935424372554,33.7984862504527,0.976239129900935,0.602801598608493,1.07021364569664,0.542301297187805,slow,train,2_47
17739,-172.125,52.625,404.666666666667,3.99948120117188,33.8709677103907,1.38682131965955,0.500259406864643,2.00648254156113,0.447858721017838,slow,train,2_47
17756,-172.125,56.875,117.5,2.81066318415106,32.9325235448778,0.926615044474603,1.68773460946977,8.7781919836998,0.390148185193538,slow,train,2_48
17757,-172.125,57.125,116.75,2.89855649136007,33.0225531477481,0.652382686734199,1.02084414102137,2.12571728229523,0.427284084260464,slow,train,2_49
17758,-172.125,57.375,108.1,2.65117345377803,32.8963591111824,1.01502081155777,1.41024811416864,5.80656914114952,0.39945807158947,slow,train,2_49
17759,-172.125,57.625,107.6,2.35270243138075,32.872402081266,0.647275464236737,1.42548295408487,3.73661987781525,0.382469516992569,slow,train,2_49
17760,-172.125,57.875,104.0,2.94451736658812,32.8821680042893,0.625901758670807,0.9324015006423,5.99880313873291,0.382914274930954,slow,train,2_49
17761,-172.125,58.125,105.0,2.25125890597701,32.9180272528901,0.588561177253725,1.33451338112354,1.2986912727356,0.36434081196785,slow,train,2_49
18003,-171.875,56.625,126.2,3.23925292342901,33.1701101409271,0.902708399295806,1.12364268824458,2.98397015333176,0.184226810932159,slow,train,2_48
18005,-171.875,57.125,116.0,3.01849423348904,32.9325235448778,1.13605976104736,1.2444227412343,3.63135409355164,0.44011515378952,slow,train,2_49
18233,-171.625,52.125,452.333333333333,3.79500718787313,34.0556046925485,0.484114800890287,0.375743888318539,1.26288945476214,0.548974911371867,slow,train,2_47
18235,-171.625,52.625,462.5,4.00784327276051,33.972823235672,0.695082068443298,0.297738578170538,0.776522383093833,0.464088015258312,slow,train,2_47
18255,-171.625,57.625,99.25,2.00900297798216,32.7305291604716,0.458233695477247,1.93621631339193,4.95446951687337,0.386775683611632,slow,train,2_49
18256,-171.625,57.875,97.25,1.55800044536591,32.6441236305982,0.721440330147744,1.7162999343127,4.97606793045998,0.304401218891144,slow,train,2_49
18258,-171.625,58.375,95.7,1.53910338431597,32.6984465774149,0.483565686643124,1.73845637217164,1.94432119727135,0.316904473304749,slow,train,2_49
18482,-171.375,52.375,266.6,4.04296397343278,33.8029114343226,0.322271566092968,0.612176884710788,0.786942625045776,0.473600000143051,slow,train,2_47
18484,-171.375,52.875,198.153846153846,3.93280999591717,33.9280138472812,0.709499262846432,0.392026686897645,0.890289925611935,0.512208443421584,slow,train,2_47
18499,-171.375,56.625,119.111111111111,2.90683718025684,32.9474437050521,0.789122217231327,1.38318023085594,4.18318761719597,0.430539187457826,slow,train,2_48
18500,-171.375,56.875,109.0,2.59323711544275,32.8846094850451,0.979152059555054,1.49389324486256,4.67998046875,0.30255383849144,slow,train,2_48
18501,-171.375,57.125,108.6,2.98304393291473,32.8739280067384,0.188538771867752,1.36469008326531,6.34232485294342,0.321249401569366,slow,train,2_49
18502,-171.375,57.375,100.7,2.51882078200579,32.8070924710482,0.564185893535614,1.6035401456058,5.35907460451126,0.363898783922195,slow,train,2_49
18730,-171.125,52.375,307.0,3.6103091686964,33.8417571370623,0.459430004869189,0.663803739207132,0.801971767629896,0.449920356273651,slow,train,2_47
18752,-171.125,57.875,86.0,1.65907774865627,32.5342569965869,0.304780721664429,1.48246711492538,1.71464967727661,0.52154815196991,slow,train,2_49
18979,-170.875,52.625,164.666666666667,3.94235055148601,33.9437034912407,0.615015268325805,0.46632282435894,1.31756681203842,0.45997937520345,slow,train,3_47
18997,-170.875,57.125,94.8,2.07569202482701,32.7103487960994,2.0661395072937,2.34001281559467,3.83974051475525,0.450945377349854,slow,train,3_49
19226,-170.625,52.375,266.4375,3.43726922012865,34.1650898451917,1.69972304999828,0.328592791222036,2.32211245596409,0.421790467575192,slow,train,3_47
19227,-170.625,52.625,158.608695652174,4.1149632409215,33.9404304916768,0.557695883771647,0.602228381387566,1.04657434898874,0.479318214499432,slow,train,3_47
19228,-170.625,52.875,326.6,4.13107701390982,33.9414654672146,0.228840237855911,0.547721792757511,1.07827877998352,0.48642326593399,slow,train,3_47
19242,-170.625,56.375,120.9,3.70142523050308,33.4842981956899,0.959505105018616,0.921341592818498,3.14202727079392,0.125292509794235,slow,train,3_48
19243,-170.625,56.625,113.2,2.71108739152551,32.7852717367932,1.47027280926704,1.67663807943463,3.43776733875275,0.335268467664719,slow,train,3_48
19474,-170.375,52.375,219.0,4.05343792587519,33.9724417543039,0.91647344827652,0.619647815823555,2.90308558940887,0.473531007766724,slow,train,3_47
19475,-170.375,52.625,170.0,4.27390363812447,33.9106417726725,0.0,0.555925168097019,0.514034986495972,0.514511525630951,slow,train,3_47
19476,-170.375,52.875,243.0,3.26606038212776,34.2121881217911,1.18749661858265,0.225423796245685,1.89421457969225,0.45796126127243,slow,train,3_47
19477,-170.375,53.125,303.0,3.29096348583698,34.1990416869521,1.82586717605591,0.0893581956624985,1.82586717605591,0.45796126127243,slow,train,3_47
19492,-170.375,56.875,101.125,2.56501970160752,32.7002013917081,0.87112506479025,1.7660145862028,2.72935588657856,0.515029016882181,slow,train,3_48
19722,-170.125,52.375,219.75,4.04519792832434,34.0199361846317,2.07287894561887,0.393780327402055,2.54715619981289,0.457924872636795,slow,train,3_47
19723,-170.125,52.625,250.5,3.98879972286522,33.8850825210102,1.20886213891208,0.54219183884561,1.98773595690728,0.485723905265331,slow,train,3_47
19724,-170.125,52.875,122.666666666667,4.15427108108997,32.845037151128,1.17051903406779,1.48075807839632,1.19528246919314,0.436797142028809,slow,train,3_47
19738,-170.125,56.375,109.2,3.16769312247634,32.9337442852557,0.99764545634389,1.43361308500171,2.4483878672123,0.202685013413429,slow,train,3_48
19739,-170.125,56.625,96.8,2.41063876971602,32.595904385671,1.38042676448822,2.16019775792956,2.93881381750107,0.572159737348556,slow,train,3_48
19970,-169.875,52.375,246.0,3.84102910012007,34.1166417114437,0.0,0.158940397202969,5.58416748046875,0.483722358942032,slow,train,3_47
19972,-169.875,52.875,121.666666666667,4.28000734001398,32.7567877946422,0.0,1.6672872081399,1.10327799618244,0.524180869261424,slow,train,3_47
19973,-169.875,53.125,247.3,3.96012453138828,33.0979338660836,1.02070636153221,1.21431928351522,1.38178512454033,0.446902030706406,slow,train,3_47
20218,-169.625,52.375,316.666666666667,3.34028139710426,34.2310861218721,4.90178592999776,0.180913724005222,5.71885371208191,0.469397634267807,slow,train,3_47
20219,-169.625,52.625,201.75,3.15564441494644,34.2974638799205,1.40516923367977,0.182561723515391,2.489615380764,0.437971360981464,slow,train,3_47
20220,-169.625,52.875,144.0,4.28635518997908,32.7997680287808,0.158645883202553,1.16971343010664,0.883290946483612,0.420299232006073,slow,train,3_47
20221,-169.625,53.125,334.0,3.10492265224457,34.2610959894955,1.3568489352862,0.201178014278412,1.91348173220952,0.450047373771667,slow,train,3_47
20467,-169.375,52.625,188.181818181818,3.4744074717164,33.5877004545182,0.88887197998437,0.859822936356067,2.1772610057484,0.412100060419603,slow,train,3_47
20468,-169.375,52.875,376.8,4.09811702370644,33.7720877397806,1.53277848958969,0.669258704781532,1.90686951875687,0.406001722812653,slow,train,3_47
20482,-169.375,56.375,130.857142857143,3.74392792263201,33.3881212930594,1.72087450538363,0.770426691642829,3.1550110237939,0.310318235840116,slow,train,3_48
20715,-169.125,52.625,124.0,4.57493821531534,33.8892788160592,2.84283471107483,0.437269203364849,2.84283471107483,0.380781382322311,slow,train,3_47
20716,-169.125,52.875,85.0,4.54637289047241,33.8785973377526,1.87653088569641,0.465834528207779,1.87653088569641,0.331333756446838,slow,train,3_47
20717,-169.125,53.125,227.333333333333,4.77538378536701,32.4833928141743,1.2435462474823,2.06671345978975,1.35273365179698,0.361689865589142,slow,train,3_47
20963,-168.875,52.625,207.8,3.80513933300972,34.1096224542707,3.46469414234161,0.285213781893253,4.31565353870392,0.314315420389175,slow,train,3_47
20964,-168.875,52.875,64.0,3.3209936991334,34.2646564822644,0.370733737945557,0.156743064522743,9.17415809631348,0.271713554859161,slow,train,3_47
20965,-168.875,53.125,228.25,4.78771326318383,32.4827570118941,1.55972680449486,1.95379497483373,1.84706826508045,0.398145869374275,slow,train,3_47
20978,-168.875,56.375,128.6,3.75408797040582,33.5323648480698,1.37331476509571,0.825391399115324,3.37154905796051,0.303496068716049,slow,train,3_48
21212,-168.625,52.875,109.0,3.31513414531946,34.2616046313196,1.01855742931366,0.224127933382988,1.05552017688751,0.28167188167572,slow,train,3_47
21214,-168.625,53.375,185.0,3.31506090089679,34.1529587376863,0.909248924255371,0.256721701472998,1.81788505315781,0.298935902118683,slow,train,3_47
21228,-168.625,56.875,96.9,2.62619710564613,32.7024139836431,0.733535984158516,1.68308358862996,3.74939982891083,0.541093456745147,slow,train,3_48
21460,-168.375,52.875,110.0,3.65791804343462,32.812484074384,3.5676855246226,1.9717398583889,4.19154206911723,0.307216246922811,slow,train,3_47
21462,-168.375,53.375,60.0,3.63631093874574,34.0296639595181,0.0,0.367320779711008,1.43797805905342,0.270200088620186,slow,train,3_47
21474,-168.375,56.375,153.666666666667,3.75386823713779,33.199560502544,0.947225332260133,0.936063721776009,1.97551182905833,0.465863078832626,slow,train,3_48
21708,-168.125,52.875,125.5,3.72127446904778,33.1423382973299,5.01677250862121,1.77361369505525,5.01677250862121,0.315707951784134,slow,train,3_47
21709,-168.125,53.125,112.0,4.76958526857197,33.0679494305514,0.930266231298448,1.43742179498076,4.48675882816315,0.308079056441784,slow,train,3_47
21719,-168.125,55.625,135.6,3.54504838809371,33.1200597854331,1.91130953878164,1.00037232488394,3.77179138660431,0.377568393945694,slow,train,3_48
21720,-168.125,55.875,149.666666666667,3.53425704315305,33.187353098765,1.62635567784309,1.06460768356919,3.6345001856486,0.37026039759318,slow,train,3_48
21721,-168.125,56.125,151.75,3.75057223811746,33.1297494121827,1.59191872179508,0.935148166492581,8.3145842552185,0.369164206087589,slow,train,3_48
21957,-167.875,53.125,104.0,4.68041018396616,33.533738180995,0.249541893601418,0.904568620026112,3.91003131866455,0.191302239894867,slow,validation,4_47
21977,-167.875,58.125,66.6666666666667,0.5250099375844,31.9709361763671,0.909395654996236,3.31662953272462,2.84537523984909,0.585765838623047,slow,validation,4_49
22204,-167.625,52.875,223.0,3.23676261305809,34.2814416624606,0.926064908504486,0.157475508749485,3.35446071624756,0.17174768447876,slow,validation,4_47
22205,-167.625,53.125,100.545454545455,3.44477677345276,33.9064801577479,1.65930580009114,1.04379960894585,2.50452089309692,0.22285664758899,slow,validation,4_47
22207,-167.625,53.625,286.5,3.52919097058475,34.0712454286404,4.45256423950195,0.361644336953759,4.86328929662704,0.267234601080418,slow,validation,4_47
22453,-167.375,53.125,120.75,3.06573688611388,34.3184453551657,2.14415323734283,0.164067506790161,3.55373975634575,0.202256411314011,slow,validation,4_47
22455,-167.375,53.625,99.7826086956522,3.86293873611999,33.6584660022155,3.51236444452535,1.1614654712055,4.05265481575676,0.239310869056246,slow,validation,4_47
22456,-167.375,53.875,203.75,3.90054019354284,33.7042603525333,3.81203463673592,0.988250372931361,4.41588950157166,0.252273071557284,slow,validation,4_47
22701,-167.125,53.125,183.5,3.48249765112996,33.6165196378715,2.20725017786026,0.704794457182288,3.70924091339112,0.241939250379801,slow,validation,4_47
22702,-167.125,53.375,99.0,3.87398909032345,32.8150272835046,1.75763547420502,2.31965086609125,1.75763547420502,0.273755192756653,slow,validation,4_47
22704,-167.125,53.875,62.625,4.67180396430194,32.5678273569793,0.666055761277676,3.60600603930652,2.69934602081776,0.31551244109869,slow,validation,4_47
22715,-167.125,56.625,95.7,1.8396984949708,32.3163548391312,2.54928216338158,2.32448499798775,4.07623101472855,0.665564000606537,slow,test,4_48
22949,-166.875,53.125,293.833333333333,3.08746606484055,34.1069775167852,3.39948612451553,0.307626575231552,4.34507735570272,0.313184589147568,slow,validation,4_47
22950,-166.875,53.375,95.0,3.99381696581841,33.3915219269693,1.52856788635254,2.3870357349515,2.53085696697235,0.304852238297462,slow,validation,4_47
23197,-166.625,53.125,535.0,3.42390211299062,34.2371898237616,3.83895063400268,0.177251502871513,3.83895063400268,0.321987807750702,slow,validation,4_47
23198,-166.625,53.375,161.166666666667,4.09469895064831,33.6008789017796,3.34699829419454,1.31644642353058,3.44030074278513,0.285308353602886,slow,validation,4_47
23199,-166.625,53.625,77.0,4.36545916646719,32.6658680685796,4.8920465707779,2.20410778932274,6.07714867591859,0.192000256851316,slow,validation,4_47
23200,-166.625,53.875,124.6,5.6274605691433,32.5800347607583,1.68488991260528,4.2645832657814,8.72310156822206,0.247969743609428,slow,validation,4_47
23201,-166.625,54.125,75.8571428571429,3.76391318653311,33.9442121330649,6.00005030632019,0.255832304911954,9.44009709358216,0.305647884096418,slow,test,4_48
23445,-166.375,53.125,589.0,2.70354321599007,34.395886072889,4.31872749328613,0.115726187825203,4.31872749328613,0.318966805934906,slow,validation,4_47
23446,-166.375,53.375,244.0,3.46481911092997,33.8276869151741,2.62841815298254,0.738769881427289,2.88229424303228,0.292118816213174,slow,validation,4_47
23447,-166.375,53.625,94.25,4.0217597130686,32.8718680073507,2.48638106882572,2.92080446518958,4.34396189451218,0.377093389630318,slow,validation,4_47
23449,-166.375,54.125,156.3,4.3723807644099,33.4497359837405,4.61787264347076,1.94727622121572,5.55532054901123,0.284592911601067,slow,test,4_48
23453,-166.375,55.125,143.833333333333,3.53010652586818,33.1204666988924,2.44768230120341,1.01504562422633,4.39291435480117,0.587268422047297,slow,test,4_48
23458,-166.375,56.375,103.3,2.62041079625487,32.5655384687707,1.40375674366951,2.03927121609449,3.94155459403992,0.830566048622131,slow,test,4_48
23694,-166.125,53.375,247.125,3.76458023395389,33.9304788038135,2.48383606225252,0.605639819987119,3.40195569396019,0.332133386284113,slow,validation,4_47
23695,-166.125,53.625,96.5,4.47508165240288,33.243558020331,2.11539083719254,1.47111422941089,2.48480459054311,0.349614391724268,slow,validation,4_47
23696,-166.125,53.875,66.75,3.91006196849048,32.3965422227047,1.99913036823272,4.0165410283953,2.07759368419647,0.328616634011269,slow,validation,4_47
23697,-166.125,54.125,105.75,3.85174109693617,33.243812341243,1.61776179075241,1.32013916317374,3.2564422339201,0.237077169120312,slow,test,4_48
23942,-165.875,53.375,353.9,3.869594424963,34.109164676629,2.32918112874031,0.34842371866107,4.80222909450531,0.388751581311226,slow,validation,4_47
23943,-165.875,53.625,94.6,4.60438247323037,32.4756614584476,1.54133870601654,3.44365977644921,1.97010989189148,0.380827486515045,slow,validation,4_47
23944,-165.875,53.875,98.0,4.33487962000072,32.5760292063933,1.72540148533881,2.95825067628175,1.96520425379276,0.38431317359209,slow,validation,4_47
23945,-165.875,54.125,76.5555555555556,4.70905689150095,32.7914602123201,2.05843128098382,4.08703878521919,2.86787336402469,0.240020742019018,slow,test,4_48
23946,-165.875,54.375,104.833333333333,4.78331859782338,32.7003285521641,4.03154516220093,3.57029938325286,5.01257399717967,0.240247584879398,slow,test,4_48
23949,-165.875,55.125,130.5,3.56892606988549,33.1125827506185,0.948016911745071,1.02029480785131,3.12746798992157,0.38006129860878,slow,test,4_48
23953,-165.875,56.125,106.8,3.05335857868195,32.6380199287087,2.52446389198303,1.78042542636395,4.12709107398987,1.11212265491486,slow,test,4_48
23965,-165.875,59.125,31.5,1.36610005795955,31.1494796304032,0.491520822048187,8.56740012019872,3.27755784988403,1.45409107208252,slow,validation,4_49
24191,-165.625,53.625,108.25,3.40540789626539,33.8858454837464,3.05428564548493,0.63191625662148,3.30909663438797,0.478572785854339,slow,validation,4_47
24192,-165.625,53.875,88.0,4.48558001965284,32.7389489992389,1.57987266778946,2.91983659246138,2.03434715952192,0.381759051765714,slow,validation,4_47
24193,-165.625,54.125,62.0,4.97430342994631,32.4049348128028,1.23029737919569,4.43183690495789,2.23433098196983,0.305328741669655,slow,test,4_48
24196,-165.625,54.875,142.846153846154,3.58636387666831,33.111995856206,1.38828830764844,1.13675343990326,3.52460612700536,0.44915235042572,slow,test,4_48
24439,-165.375,53.625,300.333333333333,3.97262491285801,33.7463504634798,5.81113417943319,0.699484236538411,5.81113417943319,0.403584897518158,slow,validation,4_47
24440,-165.375,53.875,91.0,4.42454300075769,32.6619260944426,1.35253073771795,2.72664570808411,1.78135637442271,0.356355915466945,slow,validation,4_47
24441,-165.375,54.125,65.75,4.70732750929892,32.2374644922093,3.14446766674518,4.31391338445246,4.77809278666973,0.36541610956192,slow,test,4_48
24444,-165.375,54.875,155.0,3.89425338059664,33.1369975581765,2.23909968137741,1.42655720561743,3.26886769135793,0.528595685958862,slow,test,4_48
24687,-165.125,53.625,360.285714285714,3.70699180662632,34.1338628703462,1.36602334678173,0.363083066684859,2.47423957075391,0.411746893610273,slow,validation,4_47
24688,-165.125,53.875,121.75,4.32966095488518,33.3250678726472,1.70268000289798,1.79403057787567,2.10560441017151,0.395391803234815,slow,validation,4_47
24689,-165.125,54.125,85.3333333333333,4.0080263838172,32.2021138854325,0.681438063581783,4.56459242105484,1.26232961813609,0.352366536855698,slow,test,4_48
24690,-165.125,54.375,93.0,3.73702201992273,32.3297829832882,0.0,4.95498519390821,1.20058274269104,0.303367048501968,slow,test,4_48
24694,-165.125,55.375,111.0,3.4744407646358,33.0028687091544,1.35779520869255,1.21739554926753,4.0761642575264,0.860421001911163,slow,test,4_48
24695,-165.125,55.625,108.6,3.07840817123651,32.8121280251071,1.41880646049976,1.5788567751646,4.96295399665832,1.03854644298553,slow,test,4_48
24696,-165.125,55.875,96.0,2.420087300241,32.4204229563475,1.49553117752075,2.85565355122089,5.86163334846497,1.04680407047272,slow,test,4_48
24697,-165.125,56.125,96.4,2.75129857957363,32.3770866729319,0.460051465034485,2.37414471656084,4.42410507202148,1.04680407047272,slow,test,4_48
24935,-164.875,53.625,253.428571428571,4.59031954407692,33.746277800362,3.06288388797215,0.601755249713148,3.86597193990435,0.369570672512055,slow,train,5_47
24936,-164.875,53.875,90.2,4.07292094230652,32.5110629294068,3.80617229938507,2.47141330987215,4.29807469844818,0.344363760948181,slow,train,5_47
24937,-164.875,54.125,81.5,4.18436233140528,32.4488051701337,2.32647637277842,3.18942838534713,4.17036509513855,0.3125389367342,slow,train,5_48
24938,-164.875,54.375,71.1666666666667,3.65230263769627,32.1947385789827,1.99405307074388,4.25757621601224,2.16267209251722,0.298388505975406,slow,train,5_48
25183,-164.625,53.625,129.0,3.96993928402662,33.3429974969476,1.76963698863983,1.35062715411186,1.76963698863983,0.357634514570236,slow,train,5_47
25184,-164.625,53.875,106.75,4.37351605296135,32.9271828057244,2.76626139879227,2.09936826489866,3.83322474360466,0.35707414150238,slow,train,5_47
25185,-164.625,54.125,89.0,3.71752069238573,32.3746070440393,3.10013552755117,3.52919095102698,3.45088098943234,0.303030095994472,slow,train,5_48
25186,-164.625,54.375,83.0,4.24533831328154,32.0169682614505,3.33719086647034,2.24201177805662,3.33719086647034,0.340540796518326,slow,train,5_48
25189,-164.625,55.125,64.6,4.76947540193796,32.1799371019006,1.90144993066788,5.57302163243294,3.54966232776642,0.822179782390595,slow,train,5_48
25190,-164.625,55.375,101.2,3.60225228220224,32.3619800107553,1.26895604729652,3.59886470809579,2.89122257232666,0.971733969449997,slow,train,5_48
25191,-164.625,55.625,96.4,2.95645620748401,32.3491622367874,1.43763905763626,3.58912319988012,4.65578061342239,1.02256941795349,slow,train,5_48
25192,-164.625,55.875,92.6666666666667,1.98623616993427,32.3567409999669,1.94877096017202,3.69029816240072,4.58801746368408,1.0968633890152,slow,train,5_48
25193,-164.625,56.125,93.2857142857143,2.63448418889727,32.2622062837971,0.803947516850063,3.42658336247717,4.64733571665628,1.0968633890152,slow,train,5_48
25431,-164.375,53.625,199.0,3.9513840302825,34.0922269038856,1.80569006005923,0.26197088509798,3.16673068205516,0.341343343257904,slow,train,5_47
25432,-164.375,53.875,100.75,4.00061038602144,33.5226752213203,3.1853189021349,1.0828272337094,3.64707148075104,0.338070526719093,slow,train,5_47
25433,-164.375,54.125,92.0909090909091,3.78323259204626,32.3020388837904,3.79987795244564,3.69831065833569,4.87594134157354,0.457025341012261,slow,train,5_48
25434,-164.375,54.375,93.5,3.81429488584399,32.1459089638665,2.46895897388459,3.53404339402914,3.69309294223785,0.43385337293148,slow,train,5_48
25680,-164.125,53.875,85.5,3.83004243671894,33.0530716571957,3.64767887194952,1.77397991716862,4.55426086982091,0.309893469015757,slow,train,5_47
25681,-164.125,54.125,74.5,3.68562885001302,32.3145237285644,3.95290281375249,3.33152256533504,4.78856021165848,0.46886733174324,slow,train,5_48
25682,-164.125,54.375,85.6666666666667,3.67403181642294,32.119713909924,2.91116754213969,3.61339151859283,4.01817353566488,0.472768078247706,slow,train,5_48
25687,-164.125,55.625,93.75,2.29154333844781,32.2538681910373,0.918398067355156,3.85833307541907,3.63488268852234,1.19645708799362,slow,train,5_48
25928,-163.875,53.875,91.25,3.6895962562412,33.3731345250271,1.49491393566132,1.64690084382892,3.35788863897324,0.325390383601188,slow,train,5_47
25929,-163.875,54.125,83.25,3.66615804098547,32.2077089454979,1.79755729436874,3.84011352527886,2.41228315234184,0.608464352786541,slow,train,5_48
25930,-163.875,54.375,93.5,3.1812799628824,32.0999404590111,2.08834034204483,4.67546616587788,2.55454653501511,0.591913014650345,slow,train,5_48
25935,-163.875,55.625,94.8333333333333,2.61272013187408,32.2707805316895,0.767144670089087,4.20105593651533,3.42352211475372,1.19441533088684,slow,train,5_48
26176,-163.625,53.875,86.6666666666667,3.45454269647598,33.2819604780525,1.25934622685114,1.76226080954075,3.46259228388469,0.335430989662806,slow,train,5_47
26177,-163.625,54.125,89.5,3.71863766983151,32.3255103919655,1.97200168967247,3.74799035266042,3.25179685354233,0.615215039253235,slow,train,5_48
26178,-163.625,54.375,102.625,3.69078647810966,32.0598849153612,3.88072458654642,4.01297036278993,4.13220338523388,0.539793180301786,slow,train,5_48
26424,-163.375,53.875,96.75,4.25998719781637,32.8501235693693,3.60167047381401,1.36838892661035,3.87593048810959,0.392178542912006,slow,train,5_47
26426,-163.375,54.375,96.8333333333333,3.79354229941964,32.1288694627583,4.20818197727204,3.62034973874688,4.38394298156102,0.541460772355397,slow,train,5_48
26427,-163.375,54.625,77.5,4.06424147821963,31.7743461113423,1.53008055686951,7.20542008057237,2.45898312330246,0.288567245006561,slow,train,5_48
26433,-163.375,56.125,88.8333333333333,1.6411328651011,32.2089805500582,1.58141494294008,4.07959226891398,3.34503728151321,0.895049691200256,slow,train,5_48
26675,-163.125,54.625,69.0,4.94976654835045,31.7712942603976,1.59161904454232,6.34516433626414,3.73860329389572,0.291044533252716,slow,train,5_48
26676,-163.125,54.875,66.25,2.71709343418479,31.6637165145948,1.99435344338417,7.37022003158927,7.36662065982818,0.302433490753173,slow,train,5_48
26922,-162.875,54.375,64.0,4.39036227017641,32.2168644983321,0.923906445503235,3.42783898115158,1.97455632686615,0.520017743110657,slow,train,5_48
26932,-162.875,56.875,60.75,1.04895170778036,31.7716757417656,0.998600691556932,3.24307992495596,2.63820287585259,0.576185539364815,slow,train,5_48
27169,-162.625,54.125,73.4,4.74237496554851,32.0325327012688,1.42129550874233,5.62612383887172,2.95450986623764,0.292741847038269,slow,train,5_48
27418,-162.375,54.375,113.333333333333,2.87542346119881,31.9432151969522,2.65997533003489,4.41444135457277,10.4798154830933,0.318013141552607,slow,train,5_48
27665,-162.125,54.125,100.0,3.48896757513285,32.9783013090491,3.60540111859639,1.90874965488911,6.77763160069784,0.315542121728262,slow,train,5_48
27666,-162.125,54.375,146.0,3.34333324804903,31.8742942297831,3.97348368167877,2.61922055482864,3.97348368167877,0.311409056186676,slow,train,5_48
27667,-162.125,54.625,129.5,3.48762476071715,32.0020904880948,1.66080589592457,2.88070314377546,2.70238238573074,0.36878065019846,slow,train,5_48
27915,-161.875,54.625,135.5,3.86153753846884,32.1588793303818,1.20408642292023,4.84182256087661,6.06940770149231,0.57366806268692,slow,validation,6_48
27918,-161.875,55.375,101.5,7.06964325159788,31.7392498254776,1.02041205763817,12.8866237252951,2.65680015087128,0.116590894758701,slow,validation,6_48
28161,-161.625,54.125,216.875,3.04847866902128,34.041203770903,2.25391727313399,0.594470045529305,5.13177245855331,0.325476067140699,slow,validation,6_48
28162,-161.625,54.375,105.5,4.59141821041703,33.5978270508349,1.94410166144371,0.730613116174935,2.65968072414398,0.301994919776917,slow,validation,6_48
28163,-161.625,54.625,137.5,3.60737939178944,32.272560778074,0.779905900359156,3.02975554391742,6.40317153930664,0.547083526849746,slow,validation,6_48
28164,-161.625,54.875,114.0,5.46046328544617,31.9345682859421,0.97741174697876,5.87566758692265,3.00198435783386,0.463389098644257,slow,validation,6_48
28409,-161.375,54.125,363.6,4.33469650894404,34.0241706278175,4.83390229940414,0.474184392392635,6.1770833492279,0.260795378684997,slow,validation,6_48
28410,-161.375,54.375,137.1,3.85164954140782,33.2902004756033,1.48896170258522,1.45133823528886,4.57599103450775,0.244766242802143,slow,validation,6_48
28411,-161.375,54.625,109.666666666667,4.08395643532276,32.4826298514381,1.24908336500327,2.90096743404865,4.82906405131022,0.449895064036051,slow,validation,6_48
28412,-161.375,54.875,130.5,5.06811732798815,32.0134077686816,1.36501795053482,5.88604388013482,4.17423903942108,0.444368292888006,slow,validation,6_48
28657,-161.125,54.125,684.5,3.54548785462975,34.2015848960728,1.48530499140422,0.269539475440979,4.46508916219075,0.242244139313698,slow,validation,6_48
28658,-161.125,54.375,307.714285714286,3.63531690729516,34.1824744961091,2.01177427598408,0.228731868522508,3.83460589817592,0.24820542548384,slow,validation,6_48
28659,-161.125,54.625,111.0,4.12179938703775,32.574948342517,3.57562341292699,2.0271614715457,5.0783904393514,0.456693897644679,slow,validation,6_48
28660,-161.125,54.875,100.2,4.38523516058922,32.1268348954618,1.47694683074951,3.40996734201908,5.32752311229705,0.433978819847107,slow,validation,6_48
28662,-161.125,55.375,39.6666666666667,6.82134465873241,31.8165633827448,1.81327923138936,8.14209417253732,5.7162348429362,0.434486428896586,slow,validation,6_48
28906,-160.875,54.375,179.222222222222,4.07728305459023,33.7429595179856,2.5802968343099,0.546322010457517,3.70222543345557,0.235961594515377,slow,validation,6_48
28907,-160.875,54.625,124.857142857143,4.5626959332398,32.8396600804159,1.9329708644322,1.69822425714561,5.95676227978298,0.464002966880798,slow,validation,6_48
28908,-160.875,54.875,91.875,4.53538622707128,32.1621219220105,1.7162126749754,3.36246833391488,5.68703678250313,0.420043133199215,slow,validation,6_48
28909,-160.875,55.125,86.8,5.25362103581428,31.9971312303096,1.31014716625214,6.14842981696129,3.69258661270142,0.349618807435036,slow,validation,6_48
29153,-160.625,54.125,463.0,3.25385297834873,34.2814416624606,1.45646170775096,0.144047364592552,4.28848600387573,0.252634644508362,slow,validation,6_48
29154,-160.625,54.375,147.875,3.38709679059684,34.1313287441153,1.86385821551085,0.483138523064554,5.59300374984741,0.246872007846832,slow,validation,6_48
29155,-160.625,54.625,129.0,4.21384321153164,32.856990233995,1.02166497707367,2.65437787771225,6.86309313774109,0.412043824791908,slow,validation,6_48
29156,-160.625,54.875,91.7,4.49070712924003,32.1860408037901,2.07266544103622,4.2563798904419,3.59184079170227,0.414512673020363,slow,validation,6_48
29157,-160.625,55.125,92.0,5.89289835691452,32.0020141918212,0.886062252521516,7.32839746624232,3.30421733856201,0.342328408360481,slow,validation,6_48
29158,-160.625,55.375,46.5,7.62849819660187,31.8552201613784,1.28681427240372,8.92739645764232,5.58213376998902,0.221006833016872,slow,validation,6_48
29159,-160.625,55.625,50.0,8.21665091067553,31.7122918087989,0.0,10.6336252838373,4.74817665417989,0.199892982840538,slow,validation,6_48
29402,-160.375,54.375,193.916666666667,3.3423566557467,34.102018259,1.74903766314189,0.506668293848634,4.07371556758881,0.261317326376836,slow,validation,6_48
29404,-160.375,54.875,74.0,4.79998170398176,32.1161534171552,1.24090918898582,5.69621875137091,5.78415215015411,0.423360839486122,slow,validation,6_48
29405,-160.375,55.125,89.75,5.65996278170496,32.047296030214,1.35871611535549,6.8489028532058,3.86813569068909,0.45186099037528,slow,validation,6_48
29650,-160.125,54.375,273.75,3.31055636890233,33.9594713877887,1.63809497654438,0.710837122052908,4.90791738033295,0.292806249111891,slow,validation,6_48
29651,-160.125,54.625,91.0,4.46891691349447,32.5697347638198,1.88527004420757,2.83565782383084,5.24638283252716,0.448260597884655,slow,validation,6_48
29653,-160.125,55.125,100.666666666667,6.75176245719194,31.942452234216,2.82960492620866,6.92599260807037,4.12139586607615,0.490356832742691,slow,validation,6_48
29654,-160.125,55.375,52.4,7.20968658775091,31.8271431326866,1.59058600664139,8.78801232129336,4.3434624671936,0.491912150382995,slow,validation,6_48
29898,-159.875,54.375,214.384615384615,3.88013035345536,33.6094475602015,1.81916763232305,0.911611352975551,4.45199652818533,0.273734684173877,slow,validation,6_48
29899,-159.875,54.625,91.875,5.65721611585468,32.5195699639153,2.17324009537697,2.61885433271527,4.11159315705299,0.367073900997639,slow,validation,6_48
29900,-159.875,54.875,51.6666666666667,6.79070407524705,31.8760744761676,4.22661873698234,7.96826074272395,5.34536937872569,0.331964604556561,slow,validation,6_48
29901,-159.875,55.125,63.6,7.11681265980005,31.8552201613784,1.02920480966568,9.09065827578307,4.70938146114349,0.298667578399181,slow,validation,6_48
29902,-159.875,55.375,84.8333333333333,7.10675375908613,31.7405214300379,1.54084353645643,9.34708699956536,4.6884700457255,0.335422759254773,slow,validation,6_48
30146,-159.625,54.375,374.333333333333,2.57365643978119,34.4007181702182,1.13839568694433,0.260628070682287,3.37585719426473,0.278793320059776,slow,validation,6_48
30147,-159.625,54.625,93.0,4.93603321909904,32.8180791344494,1.06327438354492,1.20340586453676,4.65432548522949,0.370307683944702,slow,validation,6_48
30149,-159.625,55.125,47.0,6.45512254536152,31.9360942114145,1.58903551101685,8.53956723958254,9.6182975769043,0.4362733066082,slow,validation,6_48
30151,-159.625,55.625,58.25,5.07025362364948,31.7022461327725,1.24290400743485,5.13901180587709,4.36503529548645,0.255438420921564,slow,validation,6_48
30394,-159.375,54.375,412.5,3.62605671957135,34.1357157798484,1.39724299311638,0.479567857459187,4.017054438591,0.276294738054276,slow,validation,6_48
30395,-159.375,54.625,90.6666666666667,5.69557788223028,32.5917335227132,2.74686912695567,6.33539841324091,6.78982925415039,0.388695299625397,slow,validation,6_48
30642,-159.125,54.375,259.5,3.95052951201797,34.0746787609532,3.02689445018768,0.266609698534012,8.16498184204102,0.25268629938364,slow,validation,6_48
30643,-159.125,54.625,109.428571428571,4.20400753191539,33.1952007154801,2.69266785894122,1.56450086832046,4.31708465303693,0.418446672814233,slow,validation,6_48
30644,-159.125,54.875,84.75,4.44895780831575,31.9219794007949,3.06229817867279,4.17914364673197,6.30115830898285,0.38287728279829,slow,validation,6_48
30647,-159.125,55.625,108.8,3.49450973644853,31.9756156811491,1.32356496453285,3.45105746313929,3.04751502275467,0.401559212803841,slow,validation,6_48
30648,-159.125,55.875,99.25,4.11825923994183,31.8300423910841,1.69539576768875,3.53550828248262,4.26020389795303,0.536683894693851,slow,validation,6_48
30891,-158.875,54.625,232.0,3.64894560165703,33.7771232938394,1.67329062521458,0.993987852707506,4.33455200990041,0.34580967326959,slow,validation,7_48
30892,-158.875,54.875,85.2,4.41980652809143,32.5089266337454,2.35490312576294,2.18561357259751,6.2842812538147,0.316201317310333,slow,validation,7_48
30893,-158.875,55.125,134.5,4.01791438087821,32.1408225456252,1.59922235210737,2.7834101356566,4.83036494255066,0.528167113661766,slow,validation,7_48
31139,-158.625,54.625,170.181818181818,4.14352856576443,33.7273919954896,1.63875485550273,1.14640838652849,5.03262361613187,0.314476257020777,slow,validation,7_48
31140,-158.625,54.875,121.0,3.56782740354538,32.1451460011303,1.38854503631592,2.18488112837076,2.50023317337036,0.297444075345993,slow,validation,7_48
31144,-158.625,55.875,100.0,3.77364423125982,31.8998534814454,1.87837284803391,3.63823358528316,2.81263625621796,0.311322100460529,slow,validation,7_48
31387,-158.375,54.625,291.833333333333,4.20029299333691,34.0227972948924,2.85323446989059,0.525040436536074,3.78886640071869,0.265494460860888,slow,validation,7_48
31388,-158.375,54.875,207.0,4.23270365037024,33.8003936572932,0.92561024427414,0.933866389095783,3.48137193918228,0.25063019618392,slow,validation,7_48
31390,-158.375,55.375,148.0,4.83129369467497,32.9721976071596,0.829253723224005,1.40653706341982,3.38724370797475,0.38966033856074,slow,validation,7_48
31392,-158.375,55.875,94.0,3.65669730305672,31.9518621079624,1.41325354576111,3.63634143769741,3.06380486488342,0.342848430077235,slow,validation,7_48
31393,-158.375,56.125,107.333333333333,3.8293099924922,31.9371114950627,1.44031937917074,4.31263160705566,2.58253757158915,0.403902759154638,slow,validation,7_48
31635,-158.125,54.625,286.666666666667,4.08371228724718,34.0444145724177,1.60130782922109,0.44581438601017,2.54742670059204,0.261796921491623,slow,validation,7_48
31636,-158.125,54.875,118.5,4.66429641097784,33.6031677899882,2.46131762862206,1.14957121387124,3.45216244459152,0.239157915115356,slow,validation,7_48
31637,-158.125,55.125,152.75,4.78514970839024,33.561967802234,1.73705811798573,0.968474378809334,3.79234558343887,0.288201473653316,slow,validation,7_48
31638,-158.125,55.375,119.4,4.80946685671807,33.1592760700732,1.11519393920898,1.07669301331043,5.77735671997071,0.398098373413086,slow,validation,7_48
31639,-158.125,55.625,137.0,4.77123326808214,32.5998717918992,1.0763144493103,1.17117831856012,8.11453151702881,0.37174990773201,slow,validation,7_48
31640,-158.125,55.875,117.428571428571,3.26721136591264,32.1102677046188,2.13766812426703,3.47209953942469,3.25031982149397,0.351065014089857,slow,validation,7_48
31641,-158.125,56.125,104.5,3.69417403265834,32.0088299922645,1.78398936986923,3.15756706148386,2.57728449503581,0.399711887041727,slow,validation,7_48
31642,-158.125,56.375,107.0,4.23215431720018,31.8002868443727,2.17303323745728,6.07415997236967,5.31196737289429,0.316059499979019,slow,validation,7_48
31883,-157.875,54.625,714.0,4.00070194154978,34.0678120963275,0.305347204208374,0.444593645632267,1.72492337226868,0.264714062213898,slow,validation,7_48
31884,-157.875,54.875,158.1,4.04435561746359,34.0032654488459,3.06342743635178,0.408264411985874,3.7579302072525,0.237433212995529,slow,validation,7_48
31885,-157.875,55.125,82.0,5.1409711137414,33.4665974602103,3.99337577819824,0.733323159813881,4.49287376403809,0.454995775222779,slow,validation,7_48
31886,-157.875,55.375,84.4,4.94130681753158,33.2425916008651,1.59226168394089,1.12430188804865,6.18692665100098,0.47530922293663,slow,validation,7_48
31887,-157.875,55.625,134.0,4.03146459907293,32.7433087863028,0.745467901229858,1.49711599946022,2.87428450584412,0.552330315113068,slow,validation,7_48
31888,-157.875,55.875,109.5,3.96005128696561,32.4243903625757,3.00506603717804,1.87212744355202,3.70446860790253,0.567649096250534,slow,validation,7_48
31889,-157.875,56.125,147.0,4.53611867129803,31.9879756774753,1.45594155788421,1.50004577636719,3.13439488410949,0.448057651519776,slow,validation,7_48
31890,-157.875,56.375,67.5,3.99594105407596,31.7754905554466,0.769586242735386,5.8196356035769,2.41765052080155,0.249251268804074,slow,validation,7_48
31891,-157.875,56.625,32.0,5.32056643813848,31.6995757631958,1.8430939912796,5.18277534842491,4.73400068283081,0.214833676815033,slow,validation,7_48
32132,-157.625,54.875,347.0,2.97747735679149,34.3405712745152,2.59012684971094,0.178167058154941,4.40289494395256,0.24677342735231,slow,validation,7_48
32133,-157.625,55.125,87.0,4.92046877928078,33.3773308200762,2.83126173913479,0.940641498193143,4.33360064029694,0.467827200889588,slow,validation,7_48
32134,-157.625,55.375,87.1818181818182,4.94528865069151,33.2737759687007,2.16011297702789,1.04260106384754,5.72873702916232,0.520235300064087,slow,validation,7_48
32135,-157.625,55.625,101.0,4.57621999271214,33.0351420328952,1.19064223766327,1.82470167987048,4.99289673566818,0.536192931234836,slow,validation,7_48
32136,-157.625,55.875,98.1666666666667,4.28550067171454,32.413963205181,1.65919806559881,1.72930081933737,3.52323202292124,0.598372836907705,slow,validation,7_48
32137,-157.625,56.125,121.0,3.81270792335272,32.0515559054911,2.27376965681712,2.30353709310293,5.01287857691448,0.412758082151413,slow,validation,7_48
32380,-157.375,54.875,224.8,4.35916014611721,34.0163884079084,2.64442154765129,0.526407665759325,4.40289649963379,0.195711177587509,slow,validation,7_48
32381,-157.375,55.125,97.5,4.97338787466288,33.4601122769527,3.79274719953537,1.12265388853848,5.11656039953232,0.374248623847961,slow,validation,7_48
32382,-157.375,55.375,88.7142857142857,5.02507751009294,33.3680662725653,3.03717283691679,0.812176012567111,4.88991478511265,0.381780224187034,slow,validation,7_48
32383,-157.375,55.625,94.0,4.87633901461959,33.3819085964933,4.21802240610123,0.805322427302599,4.79736816883088,0.704231232404709,slow,validation,7_48
32384,-157.375,55.875,103.857142857143,4.6987212896347,32.8527394416077,2.30009862354824,1.34696493297815,4.2082919393267,0.636911068643842,slow,validation,7_48
32387,-157.375,56.625,40.5,5.59688102267683,31.5050202654675,1.6940979808569,5.78136539272964,2.65766069293022,0.193664204329252,slow,validation,7_48
32628,-157.125,54.875,514.0,4.35740227997303,34.0311898849905,2.3195469379425,0.209479048848152,2.3195469379425,0.201435014605522,slow,validation,7_48
32629,-157.125,55.125,234.0,4.22104557976126,33.9737133588642,2.38281639417013,0.508377330377698,2.78275310993195,0.343997520705064,slow,validation,7_48
32630,-157.125,55.375,95.6,5.13877378106117,33.5062715224922,5.44039046764374,0.772435681521893,5.47173914909363,0.371896022558212,slow,validation,7_48
32631,-157.125,55.625,86.1111111111111,5.01090529561043,33.3058666437864,3.64581147829692,0.756370738148689,4.85336491796705,0.575482785701752,slow,validation,7_48
32632,-157.125,55.875,100.25,3.68684959039092,32.216101535596,1.57151342928409,3.30039368569851,4.32049530744553,0.622042939066887,slow,validation,7_48
32633,-157.125,56.125,103.333333333333,3.95187232643366,32.1370077319443,2.3694197734197,2.66072572767734,3.91928227742513,0.537726690371831,slow,validation,7_48
32635,-157.125,56.625,124.75,5.55751214548945,31.6263313405216,0.710533790290356,7.04483168385922,2.43950083851814,0.184363398700953,slow,validation,7_48
32636,-157.125,56.875,38.5,3.14154486358165,31.8285164656117,0.491395980119705,5.25162510573864,3.55852365493774,0.171703942120075,slow,validation,7_48
32876,-156.875,54.875,783.0,3.50044253468513,34.2265083454549,0.654967784881592,0.394787438213825,1.84016799926758,0.129356861114502,slow,validation,7_48
32877,-156.875,55.125,240.777777777778,4.56378878653049,33.8655421976,2.05879896879196,0.662780642509461,3.30638423230913,0.290327105257246,slow,validation,7_48
32878,-156.875,55.375,95.5,5.11255227774382,33.6508529610001,2.13556182384491,0.82106997817755,4.46358931064606,0.269258368760347,slow,validation,7_48
32879,-156.875,55.625,101.666666666667,5.11890012770891,33.199306181632,2.13651132583618,0.877101961523295,4.20730018615723,0.438941170771917,slow,validation,7_48
32880,-156.875,55.875,119.0,3.96591084077954,32.6212347485125,1.23040136694908,2.24292733334005,3.56507831811905,0.56824554502964,slow,validation,7_48
32881,-156.875,56.125,84.2727272727273,3.5059025734663,32.1412618272007,1.16689257188277,2.97059402614832,2.89993111653761,0.415234690362757,slow,validation,7_48
32882,-156.875,56.375,112.2,2.99652090668678,31.9769890140742,0.900649917125701,3.95607775747776,4.13700671195984,0.324283421039581,slow,validation,7_48
32883,-156.875,56.625,118.4,3.64107182621956,31.8823816347867,1.04409999847412,4.14299752414227,2.00122954845429,0.159040820598602,slow,validation,7_48
33125,-156.625,55.125,417.4,5.02480545938015,33.8782921526581,2.29484368562698,0.600311288237572,3.08624219894409,0.239854446053505,slow,validation,7_48
33126,-156.625,55.375,134.4,4.87604603692889,33.7466047843918,2.44894869923592,0.617816705256701,3.81710703372955,0.233260661363602,slow,validation,7_48
33128,-156.625,55.875,211.0,4.61536913663149,32.8513443097472,2.65197494029999,1.30477614551783,3.39506626129151,0.531683361530304,slow,validation,7_48
33133,-156.625,57.125,200.0,7.02423170953989,31.7545090802014,0.649470567703247,7.81225012242794,2.01663303375244,0.188961088657379,slow,train,7_49
33373,-156.375,55.125,423.166666666667,4.47202980145812,34.0319528477266,2.3539949854215,0.547746207565069,5.67545290788015,0.227410440643628,slow,validation,7_48
33374,-156.375,55.375,168.375,4.66209907829762,33.9476454653777,2.46468693763018,0.449446088634431,3.39021016657352,0.221750704571604,slow,validation,7_48
33621,-156.125,55.125,748.0,3.79342022538185,34.1425824444741,1.65124773979187,0.195562608540058,3.28277039527893,0.222393915057182,slow,validation,7_48
33622,-156.125,55.375,264.0,4.33701591566205,34.0515355579555,2.54802410801252,0.390026550740003,4.21459486087163,0.21845643222332,slow,validation,7_48
33623,-156.125,55.625,224.166666666667,4.99584949761629,33.8246813043952,2.8777049134175,0.561662647873163,4.04652833938598,0.295340828597546,slow,validation,7_48
33624,-156.125,55.875,149.5,4.9970092009753,33.2834864035249,1.73452322930098,1.06726279389113,2.65471887588501,0.348408408463001,slow,validation,7_48
33629,-156.125,57.125,100.4,3.9589526206255,32.5925473496318,1.27478308677673,1.81426434963942,3.14957795143127,0.171558880805969,slow,train,7_49
33869,-155.875,55.125,732.0,2.69841610640287,34.3943601474166,2.70555377006531,0.209479048848152,10.8277788162231,0.207183986902237,slow,train,8_48
33870,-155.875,55.375,211.333333333333,4.43504136800766,34.0032145846635,2.16590817769368,0.325693532824516,3.10586603482564,0.192356616258621,slow,train,8_48
33871,-155.875,55.625,171.666666666667,4.95556506514549,33.556457515806,1.92128411763244,0.84646137803793,4.4157821337382,0.273967206478119,slow,train,8_48
33873,-155.875,56.125,120.25,4.75337994005531,33.0961790517904,0.947367936372757,1.93246253672987,3.07990893721581,0.332545302808285,slow,train,8_48
33878,-155.875,57.375,217.5,4.44309825450182,32.6570939971134,1.29230505228043,2.17242957651615,2.76569390296936,0.285955086350441,slow,train,8_49
34119,-155.625,55.625,166.25,4.17020174302161,33.5105949779973,1.30423872172833,0.823267310857773,3.82669107119242,0.245625760406256,slow,train,8_48
34120,-155.625,55.875,44.5,4.78038882091641,32.3397014988586,1.19698618352413,3.05209509283304,2.01061075925827,0.239657670259475,slow,train,8_48
34121,-155.625,56.125,54.0,5.29126866906881,32.243241210069,1.05645923103605,3.95185050794056,2.61914169788361,0.351010612079076,slow,train,8_48
34123,-155.625,56.625,94.0,3.56050296127796,32.1543015539646,1.74749493598938,1.8472243398428,2.20335745811462,0.293223410844803,slow,train,8_48
34127,-155.625,57.625,113.0,6.84990998357535,31.9327371753752,1.22350010871887,6.54233832210302,3.54375126361847,0.144346624612808,slow,train,8_49
34366,-155.375,55.375,954.0,3.24555194377899,34.2905972152948,1.31522655487061,0.120120853185654,2.90511083602905,0.12830750644207,slow,train,8_48
34367,-155.375,55.625,291.6,3.86886198073625,33.625446301885,0.656301237642764,1.18802453577518,3.77811009883881,0.250560230016709,slow,train,8_48
34368,-155.375,55.875,60.125,4.85930968634784,33.1665623642039,1.25569626688957,1.86846522241831,3.07354819774627,0.237820729613304,slow,train,8_48
34369,-155.375,56.125,42.625,4.92202522326261,32.2990737331565,1.15765834599733,3.84322641324252,2.2385610640049,0.482875633984804,slow,train,8_48
34370,-155.375,56.375,48.875,4.89570300886407,32.289059847244,1.21546232700348,3.86103396350518,2.91219084709883,0.447252372279763,slow,train,8_48
34371,-155.375,56.625,93.8,4.41614430695772,32.3615222331136,1.03943799138069,1.95438093021512,3.5982335805893,0.291098007559776,slow,train,8_48
34375,-155.375,57.625,168.5,4.64122441783547,32.8089235816151,1.34944415092468,1.37223425880075,2.76650273799896,0.146134890615941,slow,train,8_49
34615,-155.125,55.625,458.333333333333,4.67577137053013,33.888261532411,1.70673789580663,0.481093782931566,4.50346859296163,0.267762288451194,slow,train,8_48
34616,-155.125,55.875,129.090909090909,4.50142744928598,33.4381597582251,1.43321778015657,1.36447700858116,3.6004605401646,0.247174229134213,slow,train,8_48
34617,-155.125,56.125,44.3333333333333,5.22583698481321,32.3608101345599,1.35268660386403,3.38071840256452,2.22708372275034,0.384398212035497,slow,train,8_48
34618,-155.125,56.375,39.3333333333333,5.00659201294184,32.2349212830886,0.967789600292841,3.91552476212382,2.47280762592951,0.392411639293035,slow,train,8_48
34621,-155.125,57.125,225.0,4.89355145394802,32.9653309425339,1.13954761624336,0.719260230660439,6.75561881065368,0.384799182415009,slow,train,8_49
34624,-155.125,57.875,236.0,5.10889005661011,33.3536789752543,1.741694688797,1.23856318742037,3.46078038215637,0.16293603181839,slow,train,8_49
34864,-154.875,55.875,309.2,4.70194404423237,32.9453413188457,2.36375176906586,1.71626331210136,3.95903162956238,0.235391420125961,slow,train,8_48
34865,-154.875,56.125,68.1666666666667,4.99658194184303,32.4040446896106,1.81696359316508,3.96704000607133,2.68537666400274,0.226057174305121,slow,train,8_48
34868,-154.875,56.875,55.25,4.02578815631569,32.1295052650385,1.20093151926994,3.54649494588375,3.13376596570015,0.251971237361432,slow,train,8_48
35112,-154.625,55.875,530.5,4.36826686933637,34.0393281541765,1.46139587710301,0.377636035904288,4.28089694182078,0.230037013689677,slow,train,8_48
35113,-154.625,56.125,174.5,4.41314128562808,33.536942624487,1.82896025329828,1.2509414948523,4.8629536986351,0.232832118868828,slow,train,8_48
35114,-154.625,56.375,86.0,4.23410750180483,32.4477878864855,1.87224932511648,2.9771416336298,4.06641471385956,0.224641119440396,slow,train,8_48
35117,-154.625,57.125,64.0,4.1539658959955,32.3183385422453,1.1328395307064,1.63042084872722,2.11626720428467,0.201297789812088,slow,train,8_49
35120,-154.625,57.875,200.333333333333,4.69383832812309,33.0627358518541,1.23908066749573,2.31305886805057,3.25673818588257,0.154884720842044,slow,train,8_49
35359,-154.375,55.625,633.5,3.28766748681665,34.2814416624606,2.10513952374458,0.299569688737393,2.91850435733795,0.135930433869362,slow,train,8_48
35360,-154.375,55.875,666.666666666667,4.10959198325872,34.0647602453828,2.49512438972791,0.35181737691164,4.69026684761047,0.130178381999334,slow,train,8_48
35361,-154.375,56.125,153.625,4.72060306090862,33.0517364724074,1.22569290455431,1.42670979816467,3.67898380756378,0.206261560320854,slow,train,8_48
35363,-154.375,56.625,36.0,8.19083225168288,31.8082979531028,1.03003670275211,8.93856623210013,2.45488440990448,0.16878567636013,slow,train,8_48
35608,-154.125,55.875,457.285714285714,4.75396851130894,33.8940745818296,1.56976350716182,0.544938504695892,3.28880592754909,0.125108988157341,slow,train,8_48
35609,-154.125,56.125,138.25,4.69908751174807,32.9031494795345,1.26381454616785,1.92129276227206,4.46718263626099,0.221773199737072,slow,train,8_48
35615,-154.125,57.625,166.0,4.82103947550058,33.1904049497098,1.21788692474365,1.10745567083359,2.63320827484131,0.158889696002007,slow,train,8_49
35616,-154.125,57.875,187.0,3.98898283392191,32.4564347974956,1.23685967922211,1.43339335173368,4.82718133926392,0.15905025601387,fast,train,8_49
35856,-153.875,55.875,291.727272727273,4.45248685777187,33.9913771022111,2.05816452069716,0.313752472400665,3.63850019194863,0.146508856253191,slow,train,8_48
35857,-153.875,56.125,186.090909090909,4.58279534429312,33.2385409623384,1.91085011308843,1.08661430329084,5.16770818016746,0.256427779793739,slow,train,8_48
35858,-153.875,56.375,73.7777777777778,4.95385602861643,32.5178109109402,1.53461403316922,3.71568956226111,5.30745666556889,0.234070516294903,slow,train,8_48
35859,-153.875,56.625,52.7142857142857,8.3383412872042,32.1043819920825,1.31042637569564,7.68878095277718,3.01834402765547,0.161115776215281,slow,train,8_48
35864,-153.875,57.875,127.0,4.38962982594967,32.772301370278,1.66431730985642,1.1426129937172,3.75520730018616,0.112319897860289,slow,train,8_49
36104,-153.625,55.875,262.25,3.71614735946059,34.1525009600445,1.9087260812521,0.244270149618387,5.08234703540802,0.152884807437658,slow,train,8_48
36105,-153.625,56.125,205.333333333333,4.20883817598224,32.9508346505463,1.26997896035512,1.49247718602419,2.94239580631256,0.28479873885711,slow,train,8_48
36106,-153.625,56.375,110.0,4.39622182399035,32.3965422227048,1.54930438101292,3.01071199402213,5.49741321802139,0.183585740625858,slow,train,8_48
36108,-153.625,56.875,77.0,5.62892545759678,32.2707805316895,1.57932062943776,4.43690297752619,4.36684020360311,0.14907010893027,slow,train,8_48
36112,-153.625,57.875,68.2222222222222,4.24834947288036,32.196010183543,2.03602932559119,2.49071728438139,5.08898962868584,0.121159971588188,slow,train,8_49
36353,-153.375,56.125,319.125,4.37543871905655,33.9993361907545,1.31574677675963,0.51124607026577,4.25642797350884,0.209866663441062,slow,train,8_48
36354,-153.375,56.375,97.5,3.85714287310839,33.3521530497819,0.937775194644928,1.48942533507943,3.14672017097473,0.321367450058461,slow,train,8_48
36356,-153.375,56.875,159.8,4.39944457858801,32.3441266827285,1.29967126846314,2.58054749965668,4.64638333320617,0.433457797765732,slow,train,8_48
36602,-153.125,56.375,145.285714285714,3.99766752975328,33.4901403103556,1.40312194824219,0.739140859672003,3.41145144190107,0.318028450012207,slow,train,8_48
36603,-153.125,56.625,136.888888888889,4.91047905385494,32.3899722658098,1.40153037839466,2.30182805657387,3.85162568092346,0.48338144686487,slow,train,8_48
36604,-153.125,56.875,110.0,4.76830349117518,32.3943804949522,1.62392397721608,3.06601153314113,5.17082643508911,0.346111101408799,slow,train,8_48
36606,-153.125,57.375,95.5,6.64519182220102,32.2458570823073,6.6666750907898,5.92693868279458,9.17986822128297,0.0840054489672184,slow,train,8_49
36610,-153.125,58.375,88.0,4.57066562399268,32.1151361335069,2.54664035638173,2.30793175846338,5.97128160794576,0.109082327534755,slow,train,8_49
36613,-153.125,59.125,65.0,6.82720421254635,30.6237983051687,1.54755139350891,7.38962980359793,1.89682734012604,0.0985601916909218,slow,train,8_49
36850,-152.875,56.375,243.5,2.25089268386364,34.4943082658574,1.75409203767777,0.0794701986014844,6.76718807220461,0.137309648096561,slow,train,9_48
36851,-152.875,56.625,81.6666666666667,4.75951416045427,32.4894965160638,1.28754506508509,1.93609423935414,3.50832955042521,0.451523085435232,slow,train,9_48
36852,-152.875,56.875,104.625,4.22995698451996,32.4432736902964,1.49372345209122,3.11041596438736,4.78793376684189,0.370217521674931,slow,train,9_48
36853,-152.875,57.125,108.8,5.1185583204031,32.3175755795091,1.54360399246216,4.25008087009192,3.48525829315186,0.0981427311897278,slow,test,9_49
36854,-152.875,57.375,85.0,6.85064242780209,32.4427014682442,3.52491402626038,6.55903805047274,3.52491402626038,0.113990321755409,slow,test,9_49
36861,-152.875,59.125,146.0,4.79613637179136,32.05511639826,1.98026251792908,2.5203405842185,3.98146390914917,0.233672514557838,slow,test,9_49
36862,-152.875,59.375,98.0,5.11694694310427,32.1726126596332,1.68816614151001,2.86971648037434,1.68816614151001,0.277075469493866,slow,test,9_49
37098,-152.625,56.375,189.666666666667,4.48179572448134,33.715323312208,1.14005688826243,0.869289223104716,3.51295785109202,0.302389348546664,slow,train,9_48
37099,-152.625,56.625,123.222222222222,5.0174972936511,32.7970552723855,1.44925192329619,1.64091921597719,5.41826544867621,0.398047096199459,slow,train,9_48
37100,-152.625,56.875,150.285714285714,4.68480484932661,32.4830294985856,1.59147713865553,1.93940767752273,3.61941562380109,0.313018617885453,slow,train,9_48
37107,-152.625,58.625,112.3,5.25677054598927,32.0250556664542,1.65467337965965,3.12101809456945,4.58427472114563,0.132700984179974,slow,test,9_49
37108,-152.625,58.875,162.5,3.66377759724855,32.1100497152656,1.31108289957047,2.76204717904329,6.25638365745544,0.131794974207878,slow,test,9_49
37109,-152.625,59.125,141.5,4.46415602602065,32.1230200817809,1.79457530379295,2.53132724761963,2.75133189558983,0.178705036640168,slow,test,9_49
37346,-152.375,56.375,280.0,3.66158026456833,34.1975157614797,2.0174195766449,0.251960813999176,6.54066705703735,0.350723326206207,slow,train,9_48
37347,-152.375,56.625,165.0,4.93925597369671,33.4183782152831,1.59501818418503,0.873073518276214,3.12946500778198,0.335518971085548,slow,train,9_48
37349,-152.375,57.125,126.0,5.05932799726725,32.3679311200976,2.33420264720917,2.57014679163694,5.92753132184348,0.182648589213689,slow,test,9_49
37356,-152.375,58.875,168.0,4.44199958816171,32.1199682308361,1.24424758553505,2.04132205992937,3.66846704483032,0.127006143331528,slow,test,9_49
37358,-152.375,59.375,71.0,5.32551043666899,31.9215979194269,2.11198979616165,3.54155094735325,2.24198788404465,0.510990589857102,slow,test,9_49
37359,-152.375,59.625,68.6,5.38970917314291,31.8176823947579,1.00919188261032,4.94077577590942,1.55639188289642,0.482425636053085,slow,test,9_49
37594,-152.125,56.375,533.0,2.56437881290913,34.4370860606432,2.13467621803284,0.114993743598461,3.97362947463989,0.167138934135437,slow,train,9_48
37595,-152.125,56.625,78.0,4.25730156898498,33.247881475836,1.23623899618784,1.02591021358967,3.24818110466003,0.265679021676381,slow,train,9_48
37596,-152.125,56.875,87.7,5.0828150421381,32.586291055195,1.85858333110809,1.79822382107377,4.53999016284943,0.228013479709625,slow,train,9_48
37601,-152.125,58.125,95.6666666666667,3.55427718535066,32.3313089087605,2.6333469748497,2.90353098884225,3.93134530385335,0.11706073085467,slow,test,9_49
37602,-152.125,58.375,115.0,4.44846951216459,32.1901608025655,2.04879403114319,2.22492141276598,2.28575364748637,0.128847791502873,slow,test,9_49
37603,-152.125,58.625,104.0,4.00363171845675,32.1504867402837,2.44779223203659,3.34928433783352,3.92384207248688,0.154925812035799,slow,test,9_49
37604,-152.125,58.875,136.0,5.0876491740346,32.123783044517,2.52545547485352,1.52201910316944,2.52545547485352,0.156750172376633,slow,test,9_49
37605,-152.125,59.125,123.0,5.00360119901597,32.0707571343519,1.92449605464935,2.866420481354,1.97767364978791,0.231742039322853,slow,test,9_49
37606,-152.125,59.375,48.0,5.84353161603212,32.0062867831439,0.996159732341766,5.06704916059971,1.23264420032501,0.492203861474991,slow,test,9_49
37607,-152.125,59.625,45.75,6.5208594147116,31.5710165421479,1.23022255301475,5.73265785165131,1.90606930851936,0.434240974485874,slow,test,9_49
37843,-151.875,56.625,205.25,3.30616170354188,34.0771583898459,2.63776725530624,0.267342142760754,4.19335499405861,0.157812306657434,slow,train,9_48
37844,-151.875,56.875,114.166666666667,4.51084934547544,33.2689901115373,2.7492360273997,1.27152317762375,4.34439551830292,0.321996472775936,slow,train,9_48
37846,-151.875,57.375,72.3333333333333,4.30027163028717,32.3218990350142,2.90089466174443,2.49104281514883,5.13263010978699,0.449396645029386,slow,test,9_49
37847,-151.875,57.625,166.0,4.63646353036165,32.2962126228958,1.43997895717621,2.00469984859228,2.94530868530273,0.257658720016479,slow,test,9_49
37850,-151.875,58.375,87.8,4.2973418533802,32.2028259839862,2.15477092266083,2.29504074007272,2.99083714485168,0.14828469157219,slow,test,9_49
37851,-151.875,58.625,177.25,4.09573657996953,32.2233496815898,2.08274510502816,2.38044373691082,5.62923622131347,0.233314998447895,slow,test,9_49
37852,-151.875,58.875,163.0,4.12228768318892,32.2107607964426,1.15123987197876,2.87301247939468,1.90122485160828,0.254045486450196,slow,test,9_49
37853,-151.875,59.125,74.0,3.53633230179548,32.1970274671912,0.927344501018524,2.75325784832239,1.49959218502045,0.105508036911487,slow,test,9_49
37854,-151.875,59.375,68.0,7.5098422318697,30.9839167166501,2.44841146469116,9.34086122363806,2.44841146469116,0.0871407613158226,slow,test,9_49
38092,-151.625,56.875,325.6,3.62671591937542,33.9146091789007,2.32856986522675,0.467885372042656,3.69691848754883,0.143527726829052,slow,train,9_48
38093,-151.625,57.125,109.428571428571,4.62547686696052,33.2274631397533,1.94925742489951,1.23134338004248,4.11059709957668,0.486361392906734,slow,test,9_49
38095,-151.625,57.625,112.888888888889,4.37441126257181,32.3272397741675,2.47413631280263,2.28587704896927,3.84909955660502,0.257508491476377,slow,test,9_49
38096,-151.625,57.875,67.25,4.48466446436942,32.2843867004849,3.01357248425484,2.10266426391899,4.1101992726326,0.260555226355791,slow,test,9_49
38097,-151.625,58.125,109.444444444444,4.11244037747383,32.2945171501487,2.39513558811612,2.41356649249792,3.7665446334415,0.133427697751257,slow,test,9_49
38099,-151.625,58.625,169.0,4.14902189746499,32.2389904176816,1.70282912254333,2.40278328582644,2.36181581020355,0.306934401392937,slow,test,9_49
38100,-151.625,58.875,137.666666666667,4.74315623939037,32.15989661403,1.45142658551534,1.56572160869837,3.06498670578003,0.271926879882812,slow,test,9_49
38340,-151.375,56.875,506.8,4.47781611084938,33.9872432313859,2.51703088283539,0.543034149706364,3.40407660007477,0.198008334636688,slow,train,9_48
38341,-151.375,57.125,217.0,4.75878171622753,33.4684285707772,3.57982738018036,0.95591296032071,4.13363080024719,0.215818509459496,slow,test,9_49
38342,-151.375,57.375,152.5,4.59059421066195,32.5895717949606,3.11269991099834,1.84841456171125,4.79032370448113,0.208645744249225,slow,test,9_49
38343,-151.375,57.625,73.0,4.71629995107651,32.4320199899375,3.93348050117493,2.26984465867281,3.93348050117493,0.333478778600693,slow,test,9_49
38344,-151.375,57.875,65.8571428571429,4.21687762332814,32.3544157801994,2.31585080283029,2.15506018485342,3.77072845186506,0.317550978490284,slow,test,9_49
38345,-151.375,58.125,147.333333333333,4.68468277528882,32.2804447263479,1.90650795896848,2.00750755146146,4.77920210361481,0.257664109269778,slow,test,9_49
38346,-151.375,58.375,118.75,4.46287424862385,32.2614978183992,1.44478335976601,1.9276100937277,4.42506098747253,0.263981081545353,slow,test,9_49
38347,-151.375,58.625,168.75,4.13785212300718,32.2279274580069,1.62672850489616,2.37037262879312,3.05766552686691,0.335091024637223,slow,test,9_49
38348,-151.375,58.875,149.5,4.27665030397475,32.1958830230869,1.13491526246071,2.21015045419335,3.82333117723465,0.356792651116848,slow,test,9_49
38349,-151.375,59.125,98.6,4.08683738261461,32.2235785704106,1.40293620824814,2.53953062295914,2.80339000225067,0.229701364040375,slow,test,9_49
38588,-151.125,56.875,740.0,3.57881406694651,34.1837824322283,3.81940412521362,0.169194616377354,3.81940412521362,0.230887666344643,slow,train,9_48
38589,-151.125,57.125,188.5,4.57872251048684,33.7753430474549,3.51487664381663,0.807153537869453,4.1904259522756,0.220191463828087,slow,test,9_49
38592,-151.125,57.875,73.6666666666667,4.33860287815332,32.3969237040728,2.31235297520956,2.27814569324255,5.28147133191426,0.33736526966095,slow,test,9_49
38593,-151.125,58.125,120.2,4.27478257119655,32.3493148293346,1.98132336139679,2.12438123524189,4.70963792800903,0.260748308897019,slow,test,9_49
38594,-151.125,58.375,101.285714285714,4.30592191432204,32.2907628890659,1.96173422677176,2.19220557063818,4.03064564296177,0.261799497263772,slow,test,9_49
38595,-151.125,58.625,172.5,4.94354077242315,32.1665089577436,1.15252360701561,1.79137546755373,4.95463427901268,0.338438346982003,slow,test,9_49
38596,-151.125,58.875,167.0,4.96020387858152,32.2962126228958,1.99968099594116,2.89754936099052,4.20677995681763,0.354069232940674,slow,test,9_49
38597,-151.125,59.125,92.0,4.81591236591339,32.2107607964426,1.78898370265961,2.9305093511939,2.47217464447021,0.0874835476279259,slow,test,9_49
38837,-150.875,57.125,135.0,4.69579151272774,33.993041748181,1.6600569486618,0.397717215120792,3.47977089881897,0.178797706961632,slow,test,9_49
38838,-150.875,57.375,111.8125,4.62442397838458,33.4659298678162,3.54138288646937,0.892803734634072,5.38836890459061,0.183279450982809,slow,test,9_49
38839,-150.875,57.625,85.8,4.96591694355011,32.6319162268192,2.74185218811035,1.46942960768938,5.60875277519226,0.413701182603836,slow,test,9_49
38840,-150.875,57.875,93.875,4.87176123820245,32.3313089087606,2.44565124809742,1.86535233445465,4.30619779229164,0.398427736014128,slow,test,9_49
38841,-150.875,58.125,138.166666666667,4.53868222609163,32.3758150683716,2.18542438745498,1.77275917679071,3.50149536132812,0.299364517132441,slow,test,9_49
38842,-150.875,58.375,75.625,4.60835598316044,32.2853404039051,2.48900410532951,1.97769096773118,3.9488667845726,0.294211160391569,slow,test,9_49
38843,-150.875,58.625,169.0,4.84337902441621,32.3139515065122,1.19894049316645,2.09826959855855,3.60457853972912,0.292268492281437,slow,test,9_49
38844,-150.875,58.875,161.3,4.51114232316613,32.3198644677177,1.32345523238182,2.33107699602842,4.04504368305206,0.306347435712814,slow,test,9_49
38845,-150.875,59.125,185.5,4.81810969859361,32.152012665756,1.56629353761673,2.19440290331841,2.47380495071411,0.11479066312313,slow,test,9_49
39086,-150.625,57.375,234.857142857143,4.64807800309999,33.6028408059584,1.67126635142735,0.884583356125014,4.32468012401036,0.167468090142523,slow,test,9_49
39087,-150.625,57.625,103.111111111111,5.10433262586594,33.4135291632265,1.79714233345456,1.22358877211809,6.42156574461195,0.435199853446748,slow,test,9_49
39088,-150.625,57.875,100.5,5.3958250824362,32.3206274304539,1.85044291615486,1.37699514627457,4.80455029010773,0.423106692731381,slow,test,9_49
39089,-150.625,58.125,122.0,4.9680166170001,32.33741261065,2.2791082461675,1.4785607457161,4.15217860539754,0.30725222826004,slow,test,9_49
39090,-150.625,58.375,62.75,4.57695243693888,32.3992125922814,1.76926013827324,1.94189275614917,2.37232491374016,0.29518561065197,slow,test,9_49
39091,-150.625,58.625,165.5,4.45188758522272,32.3114718776196,1.15674810856581,2.07007049582898,4.0176190584898,0.297412358224392,slow,test,9_49
39092,-150.625,58.875,159.833333333333,5.2297433540225,32.4777977541089,1.14428414901098,1.86651203781366,3.82081047693888,0.311621442437172,slow,test,9_49
39093,-150.625,59.125,98.5,5.54542681574821,32.518234779127,1.32180964946747,1.91058076545596,3.11439573764801,0.121497731655836,slow,test,9_49
39334,-150.375,57.375,336.125,4.5056306803599,33.9180806593504,2.32148283720017,0.758354441262781,4.30661123991013,0.229604104533791,slow,test,9_49
39335,-150.375,57.625,168.866666666667,4.66947235018015,33.8126773573458,1.81712783972422,0.921756644546986,4.29837117195129,0.239187471071879,slow,test,9_49
39336,-150.375,57.875,149.0,5.20166632533073,33.2458469085395,1.44618598620097,1.57613859325648,4.44216479195489,0.21969375345442,slow,test,9_49
39337,-150.375,58.125,158.75,4.94436477217823,32.6477477035951,2.16814038157463,1.96606341563165,4.57170137763023,0.231689998880029,slow,test,9_49
39338,-150.375,58.375,63.0,4.73680838942528,32.6587289172624,1.67949062585831,1.89860007060425,2.56633254459926,0.217474375452314,slow,test,9_49
39339,-150.375,58.625,161.461538461538,4.86481710351431,32.508668400204,1.34312863533314,2.18014841182874,4.65647774476271,0.2639784434667,slow,test,9_49
39340,-150.375,58.875,147.833333333333,5.51551867648959,33.001953153871,0.988990324238936,1.74590288847685,3.67631733417511,0.272955119609833,slow,test,9_49
39341,-150.375,59.125,155.4,5.57662893980742,32.967314645648,1.09890242815018,1.57695242017507,3.1930016040802,0.250953739881516,slow,test,9_49
39582,-150.125,57.375,461.25,4.1061739102006,34.0353861800395,1.60387746989727,0.481948301196098,7.1937455534935,0.252524256706238,slow,test,9_49
39583,-150.125,57.625,269.0,4.1091952426359,33.9428769482765,1.82356103509664,0.636036255396903,4.16859468817711,0.25032802298665,slow,test,9_49
39584,-150.125,57.875,234.2,4.8913541212678,33.5493026208132,2.30144118070603,1.3783135458827,5.47892723083496,0.23248547911644,slow,test,9_49
39585,-150.125,58.125,189.25,5.33979309909046,33.167134586256,2.00561374425888,1.61210974305868,4.85214239358902,0.223859533667565,slow,test,9_49
39586,-150.125,58.375,78.0,5.17993714660406,32.5556199532002,1.69217010339101,2.1680349111557,3.8392714659373,0.208769316474597,slow,test,9_49
39587,-150.125,58.625,140.0,5.09607228264213,32.8424939420074,1.55652040243149,1.78795739449561,3.92990865310033,0.264339019854864,slow,test,9_49
39588,-150.125,58.875,231.0,5.0385754108429,33.0576494336128,1.49148178100586,1.79009369015694,2.49959778785706,0.295311838388443,slow,test,9_49
39589,-150.125,59.125,189.0,4.67528307437897,32.8058717306703,1.35034227371216,2.12848292291164,2.66894721984863,0.277045905590057,slow,test,9_49
39831,-149.875,57.625,512.666666666667,3.59224221110344,34.210740448907,2.04482718308767,0.253181554377079,3.60122847557068,0.232139507929484,slow,train,10_49
39832,-149.875,57.875,254.5,5.11365094408393,33.5207678144798,4.03598630428314,1.2645649574697,4.03598630428314,0.158608302474022,slow,train,10_49
39833,-149.875,58.125,181.307692307692,4.99654438060064,33.0554192348455,2.04643398981828,1.42133619292424,3.7133593742664,0.301258325576782,slow,train,10_49
39834,-149.875,58.375,107.2,5.0019531995058,32.3551133461296,1.57773915529251,1.95972777307034,5.02654600143432,0.332199043035507,slow,train,10_49
39835,-149.875,58.625,140.722222222222,5.31206194683909,32.8341861255467,1.25829728941123,1.6236253939569,4.16058359543482,0.249974886576335,slow,train,10_49
39836,-149.875,58.875,214.75,5.38758508488536,33.4578233887441,1.10326957702637,1.27298806607723,2.8793231844902,0.269324317574501,slow,train,10_49
39837,-149.875,59.125,171.6,5.60431533157826,33.4492019098252,0.824619328975677,1.23636585474014,3.16331040859222,0.276935857534409,slow,train,10_49
40079,-149.625,57.625,510.0,3.27826778590679,34.2890712898225,2.48383422692617,0.217780083417892,3.00717186927795,0.170508399605751,slow,train,10_49
40080,-149.625,57.875,254.5,4.41636404022574,33.9386170729995,1.43651276826858,0.759666737169028,3.50720258553823,0.160190428296725,slow,train,10_49
40081,-149.625,58.125,191.666666666667,4.99780268222093,33.5937579162419,1.34007623791695,0.962675862014294,5.34912014007569,0.347335641582807,slow,train,10_49
40082,-149.625,58.375,139.75,5.37614064384252,32.8062532120384,1.87316941469908,1.66429639421403,3.81131303310394,0.341241274029017,slow,train,10_49
40083,-149.625,58.625,141.666666666667,5.45460373163223,33.2115983590484,0.985315534803602,1.35241757333279,4.1510320769416,0.237550771898694,slow,train,10_49
40084,-149.625,58.875,216.285714285714,5.36702432909182,33.4713932259807,1.10629665000098,1.19817412006004,3.90527473177229,0.250360657061849,slow,train,10_49
40085,-149.625,59.125,186.8,5.4484512001276,33.5538803972304,1.00321011543274,1.16004516631365,3.02664449214935,0.287054115533829,slow,train,10_49
40087,-149.625,59.625,168.0,8.02816859632731,32.5220495928079,0.974174857139587,4.5335856154561,2.73159996668498,0.139261285463969,slow,train,10_49
40328,-149.375,57.875,579.4,3.58657797574997,34.1785942856222,2.66593401432037,0.3747184664011,3.81648736000061,0.15834267437458,slow,train,10_49
40329,-149.375,58.125,169.75,4.99517809040844,33.7965788436122,1.90273296833038,0.66853846795857,5.91336005926132,0.359903894364834,slow,train,10_49
40330,-149.375,58.375,152.75,5.334238730371,33.1169062061235,1.90028769771258,1.36075929924846,4.4613139629364,0.357107358674208,slow,train,10_49
40332,-149.375,58.875,226.666666666667,5.32032229006291,33.4793135058135,1.5799472729365,1.22171697020531,2.92479344209035,0.262401255468527,slow,train,10_49
40333,-149.375,59.125,175.333333333333,5.47169409692288,33.6583554279059,0.856399774551392,1.06424146145582,3.20709911982218,0.284691492716471,slow,train,10_49
40576,-149.125,57.875,420.333333333333,4.15988648682833,34.0179651975632,1.51614729563395,0.644550919532776,3.76954046885173,0.149605120221774,slow,train,10_49
40577,-149.125,58.125,131.0,4.8241157412529,33.810846246779,1.24354403018951,0.679268775880336,3.24327039718628,0.32168065905571,slow,train,10_49
40578,-149.125,58.375,130.714285714286,5.05625870717423,33.4171138770346,2.11535848890032,1.54095801817519,3.80735077176775,0.338641824466842,slow,train,10_49
40579,-149.125,58.625,130.714285714286,5.30497583959784,33.5409318296505,1.38674530812672,1.09071408850806,3.45343772002629,0.256951489618847,slow,train,10_49
40580,-149.125,58.875,221.0,5.46156195178628,33.6603899952024,0.908231139183045,1.00674458965659,3.83140027523041,0.265045300126076,slow,train,10_49
40582,-149.125,59.375,176.5,5.59193702414631,33.5406048456206,0.808431714773178,1.13821832835675,3.53013694286347,0.222310341894627,slow,train,10_49
40583,-149.125,59.625,202.0,4.8422803580761,33.086642017588,0.93908017873764,1.94756919890642,2.26082015037537,0.161257728934288,slow,train,10_49
40825,-148.875,58.125,221.5,4.28580585680902,33.9856028615031,1.50149942934513,0.656178471632302,3.2165350317955,0.193963386118412,slow,train,10_49
40826,-148.875,58.375,127.142857142857,5.14865131463323,33.6952682917139,1.05727710894176,0.739454764340605,3.4901134286608,0.1842130869627,slow,train,10_49
40827,-148.875,58.625,129.666666666667,5.11352887004614,33.7600837927312,1.22482864061991,0.832789085805416,4.02491116523743,0.213987206419309,slow,train,10_49
40828,-148.875,58.875,255.0,5.45350506529212,33.6725973989815,0.67031329870224,0.882961515337229,2.81019163131714,0.248376123607159,slow,train,10_49
40831,-148.875,59.625,182.666666666667,5.68092899769544,33.3424888551235,0.922020216782886,1.05935849994421,3.14400800069173,0.132226715485255,slow,train,10_49
41073,-148.625,58.125,726.666666666667,3.1007721349597,34.3256935011595,1.64200323820114,0.229499191045761,3.54637598991394,0.210022310415904,slow,train,10_49
41074,-148.625,58.375,171.875,4.438337367028,33.9775917527732,1.24274684488773,0.593279823660851,3.18595546483993,0.190201558172703,slow,train,10_49
41075,-148.625,58.625,172.875,4.60899687185883,33.9058732555714,1.52272596210241,0.739951780065894,3.48446962237358,0.21299260109663,slow,train,10_49
41076,-148.625,58.875,270.333333333333,5.02600178495049,33.8699504267424,1.55396587649981,0.920926541090012,3.92220060030619,0.213509845236937,slow,train,10_49
41077,-148.625,59.125,179.333333333333,5.18921477347612,33.6608986370265,1.75106775760651,1.23807489126921,3.78158581256866,0.244236369927724,slow,train,10_49
41079,-148.625,59.625,188.0,5.40577411651611,32.9549037851393,1.5461967587471,1.59746085852385,2.94977295398712,0.123919293284416,slow,train,10_49
41080,-148.625,59.875,152.0,5.23926512897014,32.7570421155542,1.54322904348374,1.85125278308987,3.35649728775025,0.203033484518528,slow,train,10_49
41321,-148.375,58.125,835.0,2.56657614558935,34.4279305078089,0.966060876846313,0.169927060604095,7.79950904846191,0.19417816400528,slow,train,10_49
41323,-148.375,58.625,264.0,4.74706260859966,33.9762565679848,0.353474646806717,0.566911831498146,6.13157176971436,0.147518157958984,slow,train,10_49
41324,-148.375,58.875,274.0,5.38355664163828,33.7824640329927,1.00797307491302,0.394787438213825,3.041508436203,0.145354136824608,slow,train,10_49
41325,-148.375,59.125,163.5,5.04187140986323,33.8171788374893,1.65606880187988,1.01992858573794,3.34557914733887,0.220557361841202,slow,train,10_49
41326,-148.375,59.375,120.25,5.38483841903508,33.6436048150063,1.44871351122856,1.14865565858781,3.27738010883331,0.313448145985603,slow,train,10_49
41327,-148.375,59.625,176.0,5.21069980412721,32.5937680900096,1.32576149702072,2.09149448946118,3.35327780246735,0.368910536170005,slow,train,10_49
41328,-148.375,59.875,123.0,5.69594410434365,33.0278938869015,1.23930203914643,1.94756919890642,2.39575016498565,0.332291558384895,slow,train,10_49
41572,-148.125,58.875,463.625,4.15753656160086,34.0109713724814,1.96154220029712,0.625507369637489,3.38617587089539,0.146643802523613,slow,train,10_49
41573,-148.125,59.125,154.5,4.57603688165546,33.916745474562,1.48151854674021,0.664204839617014,3.33522466818492,0.18618365128835,slow,train,10_49
41575,-148.125,59.625,174.25,5.40351574681699,33.4135715500452,1.20608696341515,1.50535599701107,3.09990718960762,0.369349606335163,slow,train,10_49
41820,-147.875,58.875,501.5,3.71797847002744,34.1471602208913,2.23660711944103,0.434705648571253,3.67336893081665,0.142554804682732,slow,train,10_49
41821,-147.875,59.125,263.0,4.43470843881369,34.0010875370353,1.00394828211177,0.607462607324124,3.38183844089508,0.180174273523417,slow,train,10_49
42068,-147.625,58.875,837.0,3.3876461237669,34.2677083332091,1.81582120060921,0.250495925545692,5.3975328207016,0.144501075148582,slow,train,10_49
42069,-147.625,59.125,339.0,4.60716576129198,33.9705343474634,1.00773591548204,0.708639789372683,3.3937726020813,0.176611129194498,slow,train,10_49
42070,-147.625,59.375,126.5,5.32972199097276,33.6443677777424,1.327442035079,1.31730094179511,2.98025465011597,0.142683010548353,slow,train,10_49
42071,-147.625,59.625,95.0,6.0464186668396,32.0535904727876,1.62977302074432,4.28260139375925,2.25336623191833,0.111959561705589,slow,train,10_49
42318,-147.375,59.375,152.75,4.73003328032791,33.8450269773603,0.946804881095887,0.769249549135565,3.3880170583725,0.142572313547135,slow,train,10_49
42319,-147.375,59.625,125.0,5.55037081427872,33.2304604933597,1.03845831751823,2.25757621787489,2.89696055650711,0.180057164281607,slow,train,10_49
42321,-147.375,60.125,57.0,4.44383069872856,32.7707754448056,0.0,2.95834223181009,4.70369434356689,0.122850671410561,slow,train,10_50
42566,-147.125,59.375,206.285714285714,4.7217409653323,33.779412182048,1.10210585594177,0.86742323424135,2.70451406070164,0.169084580881255,slow,train,10_49
42567,-147.125,59.625,210.8,5.17334514856339,33.2938626967371,1.13949353694916,1.59746085852385,2.85055811405182,0.202465149760246,slow,train,10_49
42568,-147.125,59.875,179.0,4.9404278844595,32.570879207924,1.21206487715244,2.52327036112547,2.57043021917343,0.156353130936623,slow,train,10_49
42814,-146.875,59.375,169.714285714286,4.57682164332696,33.3342779228198,1.91814749581474,1.37375146469899,2.49504840373993,0.164290670837675,slow,train,11_49
42816,-146.875,59.875,123.0,5.73732720315456,32.5319681083784,0.7424655854702,1.98602252081037,3.86346220970154,0.184403818100691,slow,train,11_49
42817,-146.875,60.125,154.0,4.72875150293112,32.9203161410987,0.764092981815338,2.72176274657249,2.52709269523621,0.112134575843811,slow,train,11_50
43061,-146.625,59.125,407.0,3.46675010025501,34.2585527803749,0.942768454551697,0.210211493074894,2.6098325252533,0.13574330508709,slow,train,11_49
43062,-146.625,59.375,87.0,5.69521166011691,32.3358866851777,1.53601133823395,2.46650593355298,3.04739987850189,0.247504845261574,slow,train,11_49
43064,-146.625,59.875,75.5,5.76296275109053,32.1062349015847,0.598122388124466,1.95489364117384,3.39419376850128,0.186802789568901,slow,train,11_49
43065,-146.625,60.125,127.5,5.60878324136138,32.0215460378677,1.75678449869156,2.91842402145266,3.71221399307251,0.113966055214405,slow,train,11_50
43310,-146.375,59.375,404.75,3.0932035446167,34.3256935011595,0.776438534259796,0.152531510218978,2.65148314833641,0.125475317239762,slow,train,11_49
43311,-146.375,59.625,96.0,5.54835659265519,32.9645679797977,1.13068649172783,1.51689199358225,3.95527577400208,0.269150167703628,slow,train,11_49
43558,-146.125,59.375,212.0,3.62312694266438,34.178441693075,0.952751815319062,0.578264717012646,2.36639511585236,0.171117044985294,slow,train,11_49
43559,-146.125,59.625,129.5,4.88805812224746,33.4315011743456,1.9475993514061,1.43302712962031,2.82766950130462,0.269504681229591,slow,train,11_49
43806,-145.875,59.375,333.0,4.9404278844595,33.9854121208191,0.86119544506073,0.37647633254528,6.88517713546753,0.23526893556118,slow,train,11_49
43807,-145.875,59.625,146.0,5.31690421700478,33.3826715592295,0.496191337704659,0.925809502601625,4.60417938232422,0.230213098227978,slow,train,11_49
44055,-145.625,59.625,163.5,3.79671622440219,34.0945157920941,2.25450545549392,0.559587389230728,2.97532415390014,0.249558575451374,slow,train,11_49
44302,-145.375,59.375,206.0,3.68428603559732,34.1425824444741,0.554530441761017,0.226325266063213,1.69658780097961,0.273844182491302,slow,train,11_49
44798,-144.875,59.375,688.0,3.61104161292315,34.2249824199826,1.61984252929688,0.263679921627045,2.90840220451355,0.202250957489014,slow,train,11_49
44799,-144.875,59.625,169.666666666667,4.10690635442734,34.0271207503974,1.32384661833445,0.58424634486437,2.31097412109375,0.190673609574636,slow,train,11_49
45047,-144.625,59.625,140.0,4.58464310131967,33.2560197450221,1.72869703173638,1.60716574452817,2.51865923404694,0.192476641386747,slow,train,11_49
45295,-144.375,59.625,362.5,3.27594837918878,34.0329065511469,0.904980406165123,0.429303872399032,3.03015312552452,0.172171922400594,slow,train,11_49
45543,-144.125,59.625,628.25,2.42448196560145,34.4538712408393,1.25753416121006,0.132389293983579,2.08100366592407,0.180206462740898,slow,train,11_49
45791,-143.875,59.625,150.0,5.71022676676512,33.5673085413873,0.458361655473709,1.32279427349567,2.62299871444702,0.15631690621376,slow,validation,12_49
46039,-143.625,59.625,201.8,4.22570880800486,34.1343424469233,0.707164973020554,0.802612383663654,2.99413154125214,0.172823494672775,slow,validation,12_49
46040,-143.625,59.875,302.0,5.3593859821558,34.0998565312475,0.42673847079277,1.01223792135715,1.56455564498901,0.179915681481361,slow,validation,12_49
46287,-143.375,59.625,261.75,4.07632680796087,34.239097230602,1.03015083819628,0.755882441997526,3.41367530822754,0.202972009778022,slow,validation,12_49
46535,-143.125,59.625,284.0,4.37069091094392,34.0784935746342,1.11699100903102,0.789679511317185,3.01688395227705,0.240873411297798,slow,validation,12_49
46536,-143.125,59.875,198.333333333333,4.97094639390707,33.646656665951,2.10290165742238,1.33329264074564,2.93876568476359,0.231431807080904,slow,validation,12_49
46537,-143.125,60.125,99.0,5.78200630098581,33.4040345158428,1.14413845539093,1.03970457985997,2.58773624897003,0.133481983095407,slow,train,12_50
46783,-142.875,59.625,388.833333333333,4.10824916884303,34.1401663958095,0.804818277557691,0.500198369845747,2.98067861795425,0.240884163727363,slow,validation,12_49
46784,-142.875,59.875,181.0,5.27320171147585,33.4665974602103,1.43249532580376,1.28177739679813,3.9948722521464,0.227978304028511,slow,validation,12_49
47031,-142.625,59.625,368.833333333333,4.32969147339463,34.0584022225812,1.24175077180068,0.933500166982413,2.97849740584691,0.242950178682804,slow,validation,12_49
47033,-142.625,60.125,78.0,6.30130925774574,32.3709829710424,2.49730491638184,3.87609484791756,3.11267018318176,0.15208537876606,slow,train,12_50
47278,-142.375,59.375,223.0,4.15451522916555,34.0281380340457,1.00729370117188,0.784447766840458,2.36420750617981,0.253450304269791,slow,validation,12_49
47279,-142.375,59.625,248.0,4.15451522916555,34.0281380340457,0.737783253192902,0.784447766840458,2.56136274337769,0.247799977660179,slow,validation,12_49
47526,-142.125,59.375,230.75,4.21411787811667,34.0512176568154,0.616932783275843,0.646839807741344,2.46996563673019,0.198411237448454,slow,validation,12_49
47527,-142.125,59.625,185.0,5.19165625423193,33.7562689790502,0.604569330811501,1.02578813955188,2.43434733152389,0.237617845336596,slow,validation,12_49
47774,-141.875,59.375,225.5,4.44907988235354,34.0184738393873,0.837180485328039,0.831446271389722,1.98005517323812,0.189495347440243,slow,validation,12_49
48021,-141.625,59.125,286.6,3.9456221356988,34.0812402404845,0.949939125776291,0.626972258090974,3.09158927202225,0.165768802165985,slow,validation,12_49
48022,-141.625,59.375,188.2,5.14111760258675,33.7784966267645,0.817886722087861,1.10218207240105,3.05908515453339,0.195852366089821,slow,validation,12_49
48268,-141.375,58.875,526.0,3.59199806302786,34.2158268671483,0.767384469509125,0.183843500912189,1.71940815448761,0.134732604026794,slow,validation,12_49
48269,-141.375,59.125,382.75,4.36179694533348,34.0319528477267,1.11233608424663,0.893032623454931,4.82107785344124,0.205955605953932,slow,validation,12_49
48270,-141.375,59.375,344.5,4.92504655569791,33.9129306608811,1.09786236286163,1.13785210624337,4.28493762016296,0.229827761650085,slow,validation,12_49
48517,-141.125,59.125,281.916666666667,4.12765894085169,34.1031627031043,0.753920348982016,0.495803704485297,2.77683714032173,0.166007264206807,slow,validation,12_49
48518,-141.125,59.375,269.5,5.42054507508874,33.8530380860902,0.651509806513788,1.23618274368346,3.5976165831089,0.17750384658575,slow,validation,12_49
48519,-141.125,59.625,186.0,5.57032991945744,33.9777824934572,1.81456911563874,1.2847071737051,3.43341946601868,0.157409951090813,slow,validation,12_49
48763,-140.875,58.625,509.0,2.9144871532917,34.3623157124966,0.327192306518555,0.149418622255325,0.989107549190521,0.132898926734924,slow,train,13_49
48764,-140.875,58.875,379.0,2.28489902296237,34.4721823465079,0.581570156982966,0.139373672860009,3.28305373021534,0.139243415423802,slow,train,13_49
49012,-140.625,58.875,178.0,5.54982148110867,33.5840937215835,0.675952076911926,1.48393200337887,1.49378526210785,0.132772654294968,slow,train,13_49
49014,-140.625,59.375,285.0,5.26563312113285,33.9442121330649,0.986778557300568,0.925809502601624,1.92292749881744,0.167319864034653,slow,train,13_49
49015,-140.625,59.625,242.0,5.6915494389832,33.8076418032869,0.908780962228776,1.3777275905013,2.85554170608521,0.170198142528534,slow,train,13_49
49260,-140.375,58.875,190.0,3.88790553063154,34.1105380095541,0.457325547933578,0.475356303155422,1.98504900932312,0.135704427957535,slow,train,13_49
49262,-140.375,59.375,185.714285714286,5.526592535632,33.7076936848462,0.805230110883712,1.26419873535633,2.86248084477016,0.286041915416718,slow,train,13_49
49263,-140.375,59.625,200.0,5.63527330756187,33.8918220251799,1.44879664977392,1.27518539875746,3.12640619277954,0.173639888564746,slow,train,13_49
49507,-140.125,58.625,214.5,2.28385267406702,34.484389750287,0.760354533791543,0.168095950037241,1.62280350923538,0.141259506344795,slow,train,13_49
49508,-140.125,58.875,184.0,4.3024689629674,34.0159306302667,0.482065945863724,0.79763176292181,3.88443660736084,0.138348534703255,slow,train,13_49
49509,-140.125,59.125,119.0,6.20902128517628,33.8816491886973,0.86554342508316,1.57695242017508,2.2679660320282,0.274054020643234,slow,train,13_49
49510,-140.125,59.375,164.25,5.82815028727055,33.7096010916866,1.3010142147541,1.38724936544895,2.49856954813003,0.258841712027788,slow,train,13_49
49755,-139.875,58.625,209.0,3.93771173804998,34.1444898513146,0.595577090978623,0.677694020792841,2.43701004981994,0.105155042139813,slow,train,13_49
49758,-139.875,59.375,129.0,6.22708824276924,32.3923459276557,0.682889014482497,3.60679952055216,2.92595855394999,0.195121422410011,fast,train,13_49
50003,-139.625,58.625,233.7,4.06076236814261,34.1276283748448,0.33603592813015,0.414270454645156,2.1303946018219,0.17433608174324,slow,train,13_49
50004,-139.625,58.875,159.666666666667,5.63039034605026,33.7570319417864,0.299792488416036,0.855250708758831,2.48638772964477,0.188036441802979,slow,train,13_49
50250,-139.375,58.375,219.25,2.43070774152875,34.4573045731522,0.880765140056609,0.117374187335372,2.12862876057625,0.126942506060004,slow,train,13_49
50251,-139.375,58.625,221.0,5.40937530063093,33.7122714612633,0.96791596710682,0.782067323103547,2.69506317377091,0.242589987814426,slow,train,13_49
50498,-139.125,58.375,92.0,5.85061191022396,33.3770764991641,1.04091827074687,0.830591753125191,4.5224994023641,0.12353515625,slow,train,13_49
50499,-139.125,58.625,194.0,5.73458053730428,33.6752677685581,0.767590060830117,1.24716940708459,2.73558017611504,0.252204522490502,slow,train,13_49
50500,-139.125,58.875,185.0,5.55201881378889,33.65886406973,0.796974241733551,2.13946958631277,1.80114245414734,0.278749376535416,slow,train,13_49
50745,-138.875,58.125,211.0,3.98971527814865,34.1471602208912,1.67628526687622,0.214606158435345,4.31120729446411,0.121671572327614,slow,train,13_49
50747,-138.875,58.625,109.0,5.99368268251419,33.5410626232624,0.625137987732888,1.73017975240946,3.2303539276123,0.328927387297154,slow,train,13_49
50749,-138.875,59.125,57.3333333333333,6.5447248890996,32.9269284848124,1.09955716133118,2.98178044706583,2.52618328730265,0.100649510820707,slow,train,13_49
50993,-138.625,58.125,174.0,5.96401869133114,33.6291085230187,1.00786370038986,0.782982878386975,2.49427485466003,0.121591702103615,slow,train,13_49
50994,-138.625,58.375,120.0,6.05960266292095,32.3770866729319,1.68055212497711,1.46781823039055,3.29896306991577,0.162159472703934,slow,train,13_49
50996,-138.625,58.875,128.0,5.75179297663272,32.8627124545164,0.812539651989937,2.45716726966202,2.72186470031738,0.400744393467903,slow,train,13_49
50997,-138.625,59.125,120.0,5.5820490270853,32.804345805198,2.037433385849,1.58134708553553,2.06119918823242,0.230122864246368,slow,train,13_49
51241,-138.375,58.125,169.666666666667,4.73973816633225,33.7010813411325,1.7613928715388,0.967070527374742,2.54429006576538,0.168604781230291,slow,train,13_49
51242,-138.375,58.375,123.666666666667,6.25858334451914,32.679728558287,0.700004061063131,1.79619739204645,3.22123289108276,0.164348800977071,slow,train,13_49
51243,-138.375,58.625,120.5,5.90212715417147,32.6517532579601,1.58489161729813,2.68843653425574,2.59164559841156,0.2574303150177,slow,train,13_49
51490,-138.125,58.375,128.0,5.48243661224842,33.2590715959668,1.12313729524613,1.20340586453676,2.0583872795105,0.16179521381855,slow,train,13_49
51492,-138.125,58.875,87.0,5.26538897305727,32.4076051823795,1.30168469746907,4.06360056996345,2.78487126032512,0.251944859822591,slow,train,13_49
51738,-137.875,58.375,153.5,5.7204809859395,33.2712789997458,1.29250529408455,1.98382518813014,2.21305453777313,0.21967364102602,slow,train,14_49
51739,-137.875,58.625,147.0,6.44340343773365,33.0256049986929,0.429451704025269,0.779320657253265,2.79933166503906,0.237383753061295,slow,train,14_49
51985,-137.625,58.125,151.0,5.99148534983397,33.8724936358631,1.40186560153961,0.694357126951218,6.60479831695557,0.232889980077744,slow,train,14_49
52234,-137.375,58.375,130.5,5.94387647509575,33.146916073747,1.60225337743759,1.65642261877656,4.37959945201874,0.115597035735846,slow,train,14_49
52235,-137.375,58.625,85.0,6.35477768629789,33.2819604780525,2.02034544944763,1.73223059624434,4.72167158126831,0.212239995598793,slow,train,14_49
52481,-137.125,58.125,143.25,6.0539262201637,33.0633716541343,1.63215544819832,2.20648823305965,3.40902906656265,0.120423691347242,slow,train,14_49
52728,-136.875,57.875,391.333333333333,5.57570117712021,33.936836826615,1.28053530057271,0.856715597212315,3.83444098631541,0.149134608606497,slow,train,14_49
52729,-136.875,58.125,204.833333333333,6.79302348196507,32.929471693933,1.1832951704661,3.16269417107105,4.05959391593933,0.119962524622679,slow,train,14_49
52730,-136.875,58.375,167.0,6.06619466096163,33.1934568006545,2.8033754825592,3.19052705168724,2.8033754825592,0.116240210831165,slow,train,14_49
52975,-136.625,57.625,152.0,6.64848782122135,33.0957975704223,0.700538039207458,3.73619800060987,2.03564667701721,0.11041134595871,slow,train,14_49
52976,-136.625,57.875,270.0,6.33573413640261,33.9030121453106,2.26963376998901,1.18436231464148,2.50118803977966,0.1131197437644,slow,train,14_49
52977,-136.625,58.125,273.5,6.05667288601398,33.8419751264155,0.947432458400729,0.997955258935688,6.43653464317324,0.113860353827477,slow,train,14_49
53221,-136.375,57.125,253.0,4.27829830348492,34.0556046925485,1.45006549358368,0.298104800283909,1.57184839248657,0.152413904666901,slow,train,14_49
53222,-136.375,57.375,320.222222222222,4.24672181904316,34.0647602453828,1.27908666266335,0.365164138376713,3.10874674055312,0.152413904666901,slow,train,14_49
53223,-136.375,57.625,118.0,6.12175578730447,32.8769362598126,0.950125340904508,1.52034494493689,4.47029502051217,0.102314942649432,slow,train,14_49
53468,-136.125,56.875,211.0,5.76442763954401,33.8511306792498,1.52926552295685,1.26859340071678,1.58576083183289,0.159645676612854,slow,train,14_48
53469,-136.125,57.125,203.5,4.25431075505912,34.0609454317018,1.23147854954004,0.382335886359215,3.06906542181969,0.134915132075549,slow,train,14_49
53470,-136.125,57.375,128.0,7.57100132480264,32.3656422318891,0.0,5.69292275235057,4.58926582336426,0.109145127236843,slow,train,14_49
53715,-135.875,56.625,215.333333333333,4.89672537893057,33.9818516280502,0.763771692911785,0.812524795532226,3.56000757217407,0.155938744544983,slow,train,14_48
53716,-135.875,56.875,182.75,5.04773096367717,33.9815973071381,1.52132342755795,0.582476271316409,5.57494843006135,0.153227373957634,slow,train,14_48
53717,-135.875,57.125,102.0,6.47416609525681,32.3552150744945,1.56021817525228,1.46098208427429,4.20460470517476,0.0896820053458214,slow,train,14_49
53718,-135.875,57.375,96.0,6.0942106526345,32.5842310558073,1.22975377738476,2.14075136370957,5.96202075481415,0.0896820053458214,slow,train,14_49
53962,-135.625,56.375,195.8,4.86249581873417,33.6268196348101,2.18912189006806,0.779760123789311,6.41570167541504,0.159767159819603,slow,train,14_48
53963,-135.625,56.625,172.75,5.1907406989485,33.9781639748253,2.04427325725555,0.535966062918305,3.12218636274338,0.143648449331522,slow,train,14_48
53964,-135.625,56.875,130.714285714286,9.5624648598688,32.3912559808897,1.85825870718275,5.33188006601163,4.66011871610369,0.135984231318746,slow,train,14_48
54208,-135.375,55.875,489.428571428571,3.68590787638511,34.2400236853532,1.81511356149401,0.222976949598108,2.4082304920469,0.172076590359211,slow,train,14_48
54209,-135.375,56.125,290.888888888889,4.34332307428122,34.0708639472723,2.65900643666585,0.483169041574001,3.8001942369673,0.190102418263753,slow,train,14_48
54210,-135.375,56.375,155.8,5.796801674366,33.1199071928859,1.92431664466858,2.57336954623461,4.6820426940918,0.118076173961163,slow,train,14_48
54211,-135.375,56.625,97.75,7.43897825293243,32.3858607443981,2.27139759063721,3.95062104798853,5.09833014011383,0.0794771835207939,slow,train,14_48
54456,-135.125,55.875,218.75,5.00268564373255,33.9712973101996,2.12643924355507,0.527909176424146,3.82111531496048,0.170197378844023,slow,train,14_48
54457,-135.125,56.125,318.0,5.46039004102349,33.6791588785127,2.85340384244919,1.08379772230983,3.93389081954956,0.172189125418663,slow,train,14_48
54458,-135.125,56.375,123.5,6.27677237614989,33.1492049619555,2.84112942218781,1.46598711982369,2.91336607933045,0.154980033636094,slow,train,14_48
54702,-134.875,55.375,392.285714285714,4.28635518997908,34.1061782224902,1.57078041349139,0.40734362495797,2.68971407413483,0.198027153100286,slow,test,15_48
54703,-134.875,55.625,251.454545454545,4.10444267839193,34.1493797488511,1.64230903170325,0.277995876967907,3.30832607095892,0.22576208141717,slow,test,15_48
54704,-134.875,55.875,212.25,5.38373975269497,33.9352473209146,1.84089270979166,0.703878901898862,4.12043565511704,0.205992275848985,slow,test,15_48
54705,-134.875,56.125,222.8,5.67023531198502,33.470870051533,2.98946747779846,1.257753226161,4.20992369651795,0.116069138050079,slow,test,15_48
54706,-134.875,56.375,131.5,6.07168799266219,33.2537308568134,2.53947192430496,2.03875850513578,5.14523708820343,0.112072460353374,slow,test,15_48
54950,-134.625,55.375,219.2,4.45642873942852,34.0653706155717,2.32053163051605,0.776683858036995,3.41359705924988,0.192674493789673,slow,test,15_48
54951,-134.625,55.625,249.625,4.92385633382946,33.9594713877887,1.85513600707054,0.622577592730522,3.1881088912487,0.2066062502563,slow,test,15_48
54952,-134.625,55.875,177.333333333333,5.36634420230985,33.8925849879161,2.15800627072652,1.07315286621451,3.22342010339101,0.193456739187241,slow,test,15_48
54953,-134.625,56.125,471.0,4.96533098816872,33.9030121453106,1.94238376617432,1.35428937524557,3.56977486610413,0.170117422938347,slow,test,15_48
55196,-134.375,54.875,208.0,4.15305034071207,34.0845972765237,1.09425091743469,0.438734091818333,5.63277196884155,0.180414691567421,slow,test,15_48
55198,-134.375,55.375,177.0,4.64781641587615,33.9472639840097,1.63137918710709,0.899075288325549,3.30680310726166,0.193346537649632,slow,test,15_48
55199,-134.375,55.625,214.25,5.85982850007713,33.8080232846551,1.93808513879776,0.792870875447989,3.49351453781128,0.164867047220468,slow,test,15_48
55200,-134.375,55.875,86.0,5.56959747523069,33.9075899217278,2.28119015693665,0.811548203229904,4.22889232635498,0.154885113239288,slow,test,15_48
55443,-134.125,54.625,208.5,4.85876035317779,33.9777824934572,1.92610859870911,0.983306374400852,1.92610859870911,0.180082902312279,slow,test,15_48
55444,-134.125,54.875,205.333333333333,4.25933613628149,34.0764590073377,1.62174820899963,0.495376445353031,2.8798373805152,0.177349757817057,slow,test,15_48
55445,-134.125,55.125,167.5,5.16565448418259,33.9312417665496,2.0911146402359,0.547868281602859,4.12642800807953,0.16207479685545,slow,test,15_48
55446,-134.125,55.375,129.75,6.05923644080758,33.5566270630807,1.95685291290283,1.19846186600626,2.49244254827499,0.172016508877277,slow,test,15_48
55447,-134.125,55.625,156.9375,6.0444960007444,33.7578584847506,1.96706020832062,1.14064454985783,3.69225007295609,0.151837446726859,slow,test,15_48
55448,-134.125,55.875,322.0,5.69045077264309,33.9640491642058,1.5262291431427,0.520035400986671,3.8060896396637,0.137741416692734,slow,test,15_48
55690,-133.875,54.375,222.0,4.96020387858152,34.0205084066838,2.11181998252869,0.544938504695892,3.22904872894287,0.265243053436279,slow,test,15_48
55691,-133.875,54.625,240.571428571429,4.80293763961111,33.9971835458917,1.93893841334752,0.973627647118909,2.60301155703408,0.199622358594622,slow,test,15_48
55692,-133.875,54.875,198.75,5.06146429292858,33.9533676858992,2.27506908774376,0.680623797699809,2.87740007042885,0.186464466154576,slow,test,15_48
55693,-133.875,55.125,132.222222222222,6.02346874773502,33.442352199927,2.57324433326721,1.16507461667061,4.4558290110694,0.160069997111956,slow,test,15_48
55694,-133.875,55.375,93.75,7.29743340611457,32.7139347209595,2.34244191646576,2.86294137127697,4.29802614450455,0.156368363648653,slow,test,15_48
55695,-133.875,55.625,117.888888888889,7.46760461479425,32.6515837106854,1.8122181031439,2.80086672306061,4.47458781136407,0.114952132105827,slow,test,15_48
55696,-133.875,55.875,197.75,6.12240975536406,33.2384716020897,2.15960749983787,1.01608325354755,3.86576694250107,0.12993847951293,slow,test,15_48
55938,-133.625,54.375,209.0,4.79174170643091,33.9945676736534,1.363037109375,0.717795342206955,1.52569222450256,0.240011006593704,slow,test,15_48
55939,-133.625,54.625,247.166666666667,5.26209297403693,33.9131849817932,2.40781172116597,1.01101718097925,3.46106700102488,0.189343303442001,slow,test,15_48
55940,-133.625,54.875,149.2,6.33221840411424,33.281655292958,1.92004699707031,1.28397472947836,2.82384424209595,0.175856253504753,slow,test,15_48
55941,-133.625,55.125,141.0,6.55510118231177,32.7099927468226,2.73392693201701,2.37177648022771,3.34686140219371,0.148800452550252,slow,test,15_48
55942,-133.625,55.375,64.1666666666667,6.48966949805617,32.62708412949,2.35419950882594,3.31089205294847,4.34263984362284,0.163963524003823,slow,test,15_48
55943,-133.625,55.625,48.5,9.32447280362246,31.6949979867786,1.94286143779755,5.13296914100647,5.30267524719238,0.0573280602693558,slow,test,15_48
56186,-133.375,54.375,280.5,5.45277262106538,33.9655750896782,1.80201789736748,0.793969541788101,2.49195647239685,0.218104124069214,slow,test,15_48
56187,-133.375,54.625,283.875,5.88564715906977,33.7897121789865,2.42777666449547,0.970305489376187,3.12423273921013,0.200484750792384,slow,test,15_48
56188,-133.375,54.875,162.0,6.16067996621132,33.7697479873896,2.27650046348571,1.04641865193844,2.28461980819702,0.198778410752614,slow,test,15_48
56191,-133.375,55.625,147.0,8.33603931963444,31.0861537232995,0.0,6.63814202696085,1.71208012104034,0.0839460045099258,slow,test,15_48
56435,-133.125,54.625,406.0,5.27515489608049,33.9182714000344,1.44746458530426,0.837916195392609,3.35604166984558,0.195028305053711,slow,test,15_48
56682,-132.875,54.375,381.0,5.63258767873049,33.9030121453106,1.96552181243896,0.480483412742615,2.8124725818634,0.14670817553997,slow,test,15_48
56683,-132.875,54.625,356.857142857143,5.77217062136957,33.9182714000344,1.99519530364445,0.774088912776538,2.3852230480739,0.138037600687572,slow,test,15_48
56930,-132.625,54.375,377.0,5.68312633037567,33.9854121208191,1.63160359859467,0.40504165738821,2.21602082252502,0.226110801100731,slow,test,15_48
63599,-125.875,47.625,1238.8,2.83098851144314,34.4859156757593,0.585344552993774,0.125247962772846,1.62069845199585,0.392860680818558,slow,train,18_45
63600,-125.875,47.875,940.2,3.87105931341648,34.3165379483253,0.605437397956848,0.534684285521507,1.24490058422089,0.310596734285355,slow,train,18_45
63601,-125.875,48.125,821.44375,4.4231391493231,34.2495879682247,1.44433920830488,0.54319894965738,2.59999496489763,0.382500767707825,slow,train,18_46
63847,-125.625,47.625,1097.23157894737,3.33394639703788,34.3996607306364,1.1244302141039,0.252924556402784,2.10227589230789,0.39696245287594,slow,train,18_45
63848,-125.625,47.875,566.855555555555,4.51346715539694,34.2130575949947,1.49532769234092,0.567671403288841,2.62496958838569,0.305996357290833,slow,train,18_45
63849,-125.625,48.125,240.888235294118,5.15624042162124,34.1081144808627,1.5471328926437,0.773310306098532,3.42173930126078,0.35272452936453,slow,train,18_46
63850,-125.625,48.375,141.566666666667,7.16046633571386,33.7819553911686,2.53473089138667,1.27249976992607,7.09264008204142,0.288932353258133,slow,train,18_46
64094,-125.375,47.375,1040.25,3.91976685449481,34.3142490601167,1.03273215889931,0.237678151577711,2.4050162434578,0.476151883602142,slow,train,18_45
64095,-125.375,47.625,1002.892,3.79995362788439,34.3136692084372,1.22998770594597,0.368214361667633,2.42637097597122,0.485084908008576,slow,train,18_45
64096,-125.375,47.875,563.763636363636,5.28867182135582,34.1109079308808,2.01446950074398,0.703634753823281,3.76246870105917,0.414746316996488,slow,train,18_45
64097,-125.375,48.125,183.954545454545,6.75278344005346,33.9732509572059,2.59468434525259,1.04637426137924,5.92513400135618,0.45434097810225,slow,train,18_46
64098,-125.375,48.375,108.425,7.31720940023661,33.8419751264155,1.87521442770958,1.46177556551993,5.16437965631485,0.413132391870022,slow,train,18_46
64313,-125.125,40.125,1183.1,2.6553850080818,34.5282601076178,1.05697589367628,0.217352824285626,1.33049104362726,0.0662280023097992,slow,train,18_43
64314,-125.125,40.375,1151.45714285714,2.76852148239102,34.5179601106792,0.729867451957295,0.216384951557432,1.20632114793573,0.0643331408500672,slow,train,18_43
64319,-125.125,41.625,1117.0,2.78533282130956,34.512873692438,1.2011664112409,0.203375346958637,1.09755459427833,0.0272525784869989,slow,train,18_43
64320,-125.125,41.875,1022.73333333333,2.72026735916733,34.512619371526,1.07952106992404,0.188970610499382,1.48526847610871,0.0264374821757277,slow,train,18_43
64321,-125.125,42.125,1126.5,2.80242318660021,34.5011749304831,0.357805520296097,0.200689718127251,1.63294166326523,0.0266105402261019,slow,validation,18_44
64323,-125.125,42.625,1237.6,2.69841610640287,34.508804557845,0.753005683422089,0.315683461725712,2.67405405640602,0.0235111620277166,slow,validation,18_44
64324,-125.125,42.875,1137.83333333333,3.25092320144177,34.4492934644222,0.619376083215078,0.228278450667858,1.77328111231327,0.0248091146349907,slow,validation,18_44
64325,-125.125,43.125,1034.45,3.24665061011911,34.464552719146,1.14034974575043,0.206183049827814,2.19685864448547,0.0332002192735672,slow,validation,18_44
64326,-125.125,43.375,1041.25,3.43049411103129,34.4306008773856,0.488278431817889,0.241889705881476,1.25510977394879,0.0368571910075843,slow,validation,18_44
64327,-125.125,43.625,1084.65,3.48139898478985,34.4254890270531,0.630179320275783,0.212921536713838,0.958429944515228,0.0374393835663795,slow,validation,18_44
64328,-125.125,43.875,1071.98333333333,3.92721337080002,34.3562120106071,0.915508429209392,0.324350718408823,1.23384659488996,0.0341791436076164,slow,validation,18_44
64329,-125.125,44.125,845.075,4.0532548148185,34.3411434965674,1.37506830319762,0.320902126841247,2.18927759304643,0.0867445794865489,slow,validation,18_44
64330,-125.125,44.375,952.722727272727,4.01068981736898,34.3403978738934,1.10102514719421,0.337889838963747,1.71432511847128,0.10154172710397,slow,validation,18_44
64331,-125.125,44.625,1065.65454545455,3.3272194750607,34.4139197375625,1.30434105951678,0.280193209648132,1.76442888175899,0.216777416115457,slow,validation,18_44
64332,-125.125,44.875,1055.60909090909,3.33377818018198,34.4212719239294,0.582398002797907,0.211276866495609,1.29651884057305,0.240311263637109,slow,validation,18_44
64333,-125.125,45.125,973.4,3.52461319416761,34.395886072889,0.387690424919128,0.364757224917412,1.00139608979225,0.0323054492473602,slow,train,18_45
64335,-125.125,45.625,981.733333333333,2.10440383851528,34.5540736801922,0.860560417175292,0.161626026034355,0.840628638863565,0.221711620688438,slow,train,18_45
64336,-125.125,45.875,1113.5,3.35102391242981,34.4248786568642,0.453956827521324,0.279061250388622,1.41735194623471,0.214285850524903,slow,train,18_45
64338,-125.125,46.375,1147.6,2.87493516504765,34.464552719146,1.02572953701019,0.129642628133297,0.590330094099045,0.0317105017602444,slow,train,18_45
64339,-125.125,46.625,932.475,3.48986787116155,34.3735694128554,0.959911596029997,0.267983031459153,2.48019141168334,0.388232696801424,slow,train,18_45
64340,-125.125,46.875,763.163157894737,3.45792221983797,34.3758081061471,0.990168267174772,0.263602822234756,2.93773767822667,0.373294889926911,slow,train,18_45
64341,-125.125,47.125,684.96,3.98883634507656,34.2957853619009,1.1863208770752,0.35333109498024,2.19179368019104,0.224803388118744,slow,train,18_45
64342,-125.125,47.375,715.572222222222,4.10719119384885,34.2841544188559,1.21348688006401,0.425794243812561,2.65384031335513,0.282319489452574,slow,train,18_45
64343,-125.125,47.625,458.875,5.37608238123357,34.1294733574614,2.06030693074519,0.675097173079849,3.86713587966832,0.412027028473941,slow,train,18_45
64344,-125.125,47.875,224.430303030303,6.66622184962034,33.9380159508437,2.84911978967262,1.12086161971092,5.24958010153337,0.360334133560007,slow,train,18_45
64345,-125.125,48.125,208.204081632653,7.12862743361264,33.9138493302981,3.2277602918294,1.24310733119444,5.5946740763528,0.466980482850756,slow,train,18_46
64346,-125.125,48.375,182.827586206897,7.13490655787032,33.9058535237764,3.69840817204837,1.19613193566429,5.94483511201267,0.410383186463652,slow,train,18_46
64560,-124.875,39.875,1204.86666666667,3.38862271606922,34.4615008682013,0.924012819925944,0.297616504132748,1.40401531259219,0.089601161579291,slow,train,18_43
64561,-124.875,40.125,998.139130434783,3.23701737626739,34.4705900764498,1.1300882101059,0.269857929452606,1.34873029913591,0.15775767746179,slow,train,18_43
64562,-124.875,40.375,777.872727272727,3.32412323355675,34.4659399241209,1.22222314639525,0.311155624687672,1.49094753915613,0.148313439705155,slow,train,18_43
64563,-124.875,40.625,1241.4,2.77752008289099,34.5164341852069,2.59934401512146,0.186773277819157,2.10687786340714,0.265712320804596,slow,train,18_43
64564,-124.875,40.875,985.65,2.7295449860394,34.5171971479431,0.751298785209656,0.18420972302556,2.36565381288529,0.289315342903137,slow,train,18_43
64565,-124.875,41.125,1184.94444444444,3.00864692777395,34.4864243175834,1.215081943406,0.291512802243233,2.4011554784245,0.336782962083817,slow,train,18_43
64566,-124.875,41.375,1014.41538461538,2.92989665298508,34.4912564149126,1.0499483025991,0.290188768448738,1.39448569428462,0.335293189837382,slow,train,18_43
64569,-124.875,42.125,864.466666666667,4.00991853140294,34.3353153089993,0.843367233044572,0.384126305580139,1.43865039861864,0.323395277063052,slow,validation,18_44
64570,-124.875,42.375,624.437037037037,4.53248357772827,34.2672562071433,1.03069570329454,0.468140371143818,1.32692692953128,0.308346168862449,slow,validation,18_44
64571,-124.875,42.625,691.595833333333,4.65495774708688,34.2450737720355,1.32784407089154,0.620227667503059,1.63838981961211,0.295804606595387,slow,validation,18_44
64572,-124.875,42.875,340.441463414634,5.35293690006181,34.2087182875087,1.31217816108611,0.800275707935414,2.74048021835525,0.322615058502046,slow,validation,18_44
64573,-124.875,43.125,457.797619047619,5.26599934324622,34.2200049964179,1.17972464220864,0.716592040977308,2.26499393333991,0.32796163998899,slow,validation,18_44
64575,-124.875,43.625,800.660714285714,4.20301350046481,34.3032950951185,0.607153349156891,0.501201120870454,1.19945072116596,0.37073442446334,slow,validation,18_44
64576,-124.875,43.875,426.62,5.10779139026999,34.1986856376752,1.25192988912265,0.543278297781944,3.12057166422407,0.359254718571901,slow,validation,18_44
64577,-124.875,44.125,212.484210526316,5.09690110110923,34.2175937282215,1.47511455887242,0.616101243778279,3.04641492311892,0.337307572756943,slow,validation,18_44
64578,-124.875,44.375,380.082608695652,5.40092830797253,34.1813276825554,1.20523192701132,0.638770979221749,3.13083097306283,0.368832814628663,slow,validation,18_44
64579,-124.875,44.625,482.1375,5.08856472931802,34.1832865064498,1.03916430342942,0.540983305871487,2.32350799348205,0.421503652632236,slow,validation,18_44
64580,-124.875,44.875,485.002272727273,4.79385580681264,34.20965380501,0.687290465967222,0.473841475322843,1.83853596440432,0.448001959107139,slow,validation,18_44
64581,-124.875,45.125,727.714285714286,4.16742019887481,34.3065104380782,0.614529110846066,0.360641585929053,1.67265860665412,0.307567607788813,slow,train,18_45
64582,-124.875,45.375,807.8,4.00384534802288,34.3185089353938,0.767788473516702,0.284829248674214,1.77717246487737,0.286999226858218,slow,train,18_45
64583,-124.875,45.625,878.073333333333,4.44739526063204,34.2496006842703,1.22294609944026,0.371642200648785,2.37828306853771,0.368625100453695,slow,train,18_45
64584,-124.875,45.875,663.59,4.62115544602275,34.1910305782221,0.980536741763354,0.378160954266786,1.84911333695054,0.354231122136116,slow,train,18_45
64585,-124.875,46.125,851.389655172414,3.70244560108103,34.3447412605044,0.613833366796888,0.27249450904542,1.58959175697688,0.339209317069116,slow,train,18_45
64586,-124.875,46.375,995.152380952381,3.59632297179529,34.3629696805562,0.782286093348549,0.283525672342096,1.77912453668458,0.337497026083015,slow,train,18_45
64587,-124.875,46.625,642.685714285714,4.7054440812873,34.2025840139416,1.26481227044548,0.596131124400667,3.45401610141354,0.379297084042004,slow,train,18_45
64588,-124.875,46.875,286.523529411765,5.79467327761299,34.0682608979371,2.4325485060028,0.817824244937476,4.12717496150849,0.350203271005668,slow,train,18_45
64589,-124.875,47.125,176.812820512821,5.99336341195382,34.058578290905,1.93095657764337,0.784241180007274,4.34384374129467,0.313748588546728,slow,train,18_45
64590,-124.875,47.375,350.077777777778,6.51244308799505,33.9783476510396,2.64890568565439,0.891113348305226,4.31051398758535,0.298865732219484,slow,train,18_45
64591,-124.875,47.625,132.875,6.31020322335618,33.8575068678308,2.39027550071478,0.996725798983659,4.55235741819654,0.294507208147219,slow,train,18_45
64593,-124.875,48.125,111.0,7.28108833494939,33.7700960054798,2.78699176248751,1.22861736581514,5.54572385235837,0.364333132379933,slow,train,18_46
64594,-124.875,48.375,225.777272727273,7.05213117599487,33.9133468223736,2.91383774714036,1.12972863391042,5.0629235831174,0.337268333543431,slow,train,18_46
64808,-124.625,39.875,1162.36875,3.62953582964837,34.4329851359362,0.997809447348117,0.330011901911348,1.14295454137027,0.0864431280642748,slow,train,18_43
64809,-124.625,40.125,790.524324324324,4.53382235966824,34.3229715800467,1.03820743995744,0.510652196568412,1.08875324355589,0.124540003167616,slow,train,18_43
64810,-124.625,40.375,383.223529411765,5.31289731623495,34.1930277453845,1.82265895868049,0.75967391799478,3.32434580518919,0.168132378774531,slow,train,18_43
64811,-124.625,40.625,387.759523809524,4.74080195437585,34.2762825811016,1.91301911359742,0.606812602707318,3.6238535944195,0.231998332554386,slow,train,18_43
64813,-124.625,41.125,902.904347826087,4.30281926238018,34.3152110566102,1.33002217956211,0.561689185707465,2.734891484613,0.281343738669934,slow,train,18_43
64814,-124.625,41.375,1025.01666666667,4.14682456478477,34.3266472045798,1.40180114656687,0.527634509839117,1.89793792180717,0.28542058604459,slow,train,18_43
64815,-124.625,41.625,651.193181818182,5.38353999517858,34.1916895005852,1.19898270544681,0.720358897000551,1.9639917855913,0.198376953601837,slow,train,18_43
64816,-124.625,41.875,438.302380952381,6.36883363979203,34.0914639411494,1.17954605463005,1.10307844462139,1.48239642062357,0.188689370950063,slow,train,18_43
64817,-124.625,42.125,338.888,6.49580249771476,34.0686055775732,1.12426721215248,1.1361821334064,1.81766792416573,0.256452638208866,slow,validation,18_44
64818,-124.625,42.375,213.972972972973,6.12473081173124,34.0604711575685,1.36883258658486,1.31709308600103,3.0015316806935,0.250006944746585,slow,validation,18_44
64819,-124.625,42.625,133.373684210526,6.87812836115297,33.9028113656432,1.32042742089221,1.86154555196041,3.29575327058372,0.237385820009206,slow,validation,18_44
64821,-124.625,43.125,141.430303030303,7.2871569916606,33.9139710646123,1.71154434933807,1.93034566193819,3.99507478963245,0.247750156305053,slow,validation,18_44
64822,-124.625,43.375,221.608695652174,6.58363466175354,34.0278063111169,1.42072351989539,1.43020881161742,2.88020763708198,0.290094935375711,slow,validation,18_44
64823,-124.625,43.625,321.786363636364,6.33851409517229,34.0492582297884,1.31392116167329,1.20257354155183,2.65007172863592,0.313751963729208,slow,validation,18_44
64824,-124.625,43.875,225.96,6.8625080242753,34.0120504197798,1.73351855959211,1.36561087029321,3.48132574473109,0.305509137255805,slow,validation,18_44
64827,-124.625,44.625,220.183333333333,6.68721580971032,33.9878281694837,2.07408591064935,1.22054200759158,3.83522142103175,0.357647113502026,slow,validation,18_44
64828,-124.625,44.875,376.197916666667,5.86568805389106,34.0699738240801,0.945681580031911,0.769646289758384,2.19337012587736,0.39536129621168,slow,validation,18_44
64829,-124.625,45.125,418.054166666667,5.40809352323413,34.1146389342612,0.704932811980446,0.740470594726503,1.75599171066036,0.271776887277762,slow,train,18_45
64831,-124.625,45.625,349.460416666667,5.49269083142281,34.1137806011829,1.99485365549723,0.691228979732841,3.84876422180484,0.310334176446001,slow,train,18_45
64832,-124.625,45.875,224.1425,5.71037325561047,34.0953169029672,2.49909740500152,0.8108523812145,4.35670779515058,0.294290022552014,slow,train,18_45
64833,-124.625,46.125,299.956666666667,5.92773828729987,34.0434990171343,1.8031625777483,0.870534378290177,3.26063352922599,0.26564295788606,slow,train,18_45
64834,-124.625,46.375,502.175,5.56600849851966,34.0788369078655,1.81763516888022,0.840113528072835,3.04132081214339,0.266985585540533,slow,train,18_45
64835,-124.625,46.625,255.453333333333,6.46103092879057,33.925494113937,2.4691123743852,1.11526840925217,4.41736606959667,0.277725521392292,slow,train,18_45
64836,-124.625,46.875,109.223529411765,7.40469340037774,33.6651024121024,3.94428684781579,1.35101491870249,6.73961728635956,0.263713281382533,slow,train,18_45
65056,-124.375,39.875,945.7625,5.36103398166597,34.2217398283537,0.772421944886446,0.650227362290025,1.16974043101072,0.151604991406202,slow,train,18_43
65057,-124.375,40.125,482.608571428571,5.69463616822447,34.1931995722864,0.929696234634945,0.822869698277541,1.3104906609548,0.306968852877617,slow,train,18_43
65058,-124.375,40.375,89.4166666666667,6.07779169455171,34.1209651669487,1.07332959771156,0.828638568520546,2.39697091033061,0.297867387533188,slow,train,18_43
65059,-124.375,40.625,92.5923076923077,5.79704957856582,34.1245060965705,2.75624674100142,0.838254246574181,6.05191711279062,0.200532256410672,slow,train,18_43
65060,-124.375,40.875,191.995652173913,6.57137418230591,34.0431319104265,2.82854961830637,1.32828760519624,4.61735982868982,0.209398480861083,slow,train,18_43
65061,-124.375,41.125,275.164444444444,6.68294525295496,34.0421087294817,2.04514565136698,1.24878485351801,4.16580099662145,0.227750893102752,slow,train,18_43
65062,-124.375,41.375,168.023404255319,6.63391685628511,33.9918404877027,2.56363819127387,1.57459924829767,4.07848103439554,0.230193765239513,slow,train,18_43
65067,-124.375,42.625,68.3,8.22397535294295,33.7382121942938,1.123480707407,3.24472792446613,4.97219154238701,0.228114694356919,slow,validation,18_44
65069,-124.375,43.125,61.6,8.02182074636221,33.7321084924042,4.27041959762573,3.15427106246352,6.04802765324711,0.243827551603317,slow,validation,18_44
65076,-124.375,44.875,174.135555555556,7.09077019840479,33.9443477708846,1.43199036916097,1.34453972876072,3.34990076157782,0.34414562980334,slow,validation,18_44
65077,-124.375,45.125,281.512280701754,6.47776406689694,34.0181258212971,1.36732010229638,1.09208719197072,2.9148443798747,0.460236431213847,slow,train,18_45
65078,-124.375,45.375,260.242857142857,6.59889088358198,33.9977939160807,1.6256913968495,1.16425148887294,2.79660671225616,0.425065920182637,slow,train,18_45
65079,-124.375,45.625,179.25,6.75280619021505,33.9684743480757,2.30044446960092,1.27469099890441,4.23801913671196,0.328309900313616,slow,train,18_45
65080,-124.375,45.875,145.013513513514,7.30226357885309,33.8955887240937,2.83711809242094,1.3475390108856,5.49394029821898,0.307308728630478,slow,train,18_45
65301,-124.125,39.125,794.964,3.87756341814995,34.3907589633018,0.86637823343277,0.430354929864407,1.43589622199535,0.0837674868106842,slow,train,18_43
65302,-124.125,39.375,755.234782608696,4.79600899018671,34.2998191127149,0.766215654818907,0.65432745768972,1.37288405130739,0.0834084927387859,slow,train,18_43
65303,-124.125,39.625,650.609090909091,5.63225474953651,34.234623494558,1.28572437709028,0.816175919026136,2.38822453028776,0.137397863648155,slow,train,18_43
65304,-124.125,39.875,266.0625,5.98937957268208,34.1756759531563,1.86086585465819,0.82317575532943,3.92989374056924,0.16121806204319,slow,train,18_43
65305,-124.125,40.125,127.15,6.02609333954752,34.1158787487075,1.09120318293571,1.08859523199499,4.2049966044724,0.285641238093376,slow,train,18_43
65547,-123.875,38.625,495.0875,5.82906584255397,34.2499694495927,0.945380881428718,0.86822107527405,1.67864351719618,0.101726925000549,slow,test,18_42
65548,-123.875,38.875,240.31,4.89782404527068,34.2975656082854,1.4380731066068,0.568108157068491,2.17687129409363,0.0913918604453405,slow,test,18_42
65549,-123.875,39.125,283.871428571429,5.14488445860999,34.2426395575915,1.52847059567769,0.683998272887298,2.35335297811599,0.0846631970433961,slow,train,18_43
65550,-123.875,39.375,196.334615384615,6.05075699033645,34.1605414134952,1.14282300151311,0.952346520355114,2.14437734593566,0.0932324557350232,slow,train,18_43
65551,-123.875,39.625,153.283333333333,6.29023103881627,34.1439176292624,1.11459163948894,1.04678487405181,2.70351513847709,0.152656184819837,slow,train,18_43
65552,-123.875,39.875,111.683333333333,6.46940520778298,34.1349528171122,1.3778121471405,0.900296028703452,5.0861983721455,0.159467433889707,slow,train,18_43
65793,-123.625,38.125,553.475,5.06668295804411,34.2827768472489,0.998745113611222,0.55427716858685,1.40404802188277,0.150500638410449,slow,test,18_42
65794,-123.625,38.375,358.057142857143,5.84809369721583,34.2265083454549,1.14464591060366,0.776369953368391,2.32740605728967,0.120670717954636,slow,test,18_42
65795,-123.625,38.625,209.15,5.53038882021792,34.2699972214177,1.17345391120762,0.708433789433911,2.55378471675795,0.096364899771288,slow,test,18_42
66041,-123.375,38.125,194.340625,7.20141454576515,34.0663338560262,2.28464878723025,0.951170383952559,4.31301823770627,0.137952418066561,slow,test,18_42
66042,-123.375,38.375,166.947368421053,6.60777934209297,34.131860810234,1.79831236836157,1.00566519816455,3.69722002352539,0.128832643753604,slow,test,18_42
66043,-123.375,38.625,102.311111111111,7.18797368556261,34.128679567948,2.55807053380542,1.07905311137438,3.81194320321083,0.128433701064852,slow,test,18_42
66286,-123.125,37.375,793.775,4.43302714638412,34.3705811421387,2.06241880853971,0.461745047941804,3.11936251446605,0.0818313448689877,slow,test,18_42
66532,-122.875,36.875,955.2,3.36347546428442,34.4904934521765,0.695702910423279,0.377941220998764,5.31996881961823,0.13550540804863,slow,test,19_42
66780,-122.625,36.875,753.933333333333,4.88232064247131,34.3231502920389,1.29382553696633,0.601825006306172,2.73302856087685,0.125874834756056,slow,test,19_42
67025,-122.375,36.125,1253.6,3.02801600843668,34.5301675144583,0.0,0.267342142760754,3.50353598594666,0.0848668664693832,slow,test,19_42
67026,-122.375,36.375,1084.7,2.82720421627164,34.5365255372599,0.870682363708815,0.258064515888691,2.07646801074346,0.0833705974121888,slow,test,19_42
67271,-122.125,35.625,1225.0,2.54826503992081,34.5416119555012,0.718775510787964,0.231452375650405,1.859993994236,0.0779148042201996,slow,train,19_41
67272,-122.125,35.875,1174.35,2.49577320367098,34.5645008375868,0.827091912428537,0.188848536461592,1.78740962346395,0.0730105638504028,slow,train,19_41
67273,-122.125,36.125,1029.90769230769,3.87196078323401,34.4469458867724,1.59064934345392,0.357320098922803,2.35296804171342,0.0820525082258078,slow,test,19_42
67274,-122.125,36.375,592.6675,5.14373609069735,34.3153553560842,1.76172791719437,0.556767478957772,4.09088774733245,0.0772977367043495,slow,test,19_42
67275,-122.125,36.625,541.4,6.21972623925943,34.194463910535,1.77782609371039,0.685229745048743,3.51198615792852,0.104260603395792,slow,test,19_42
67518,-121.875,35.375,1143.1,3.22193061746657,34.513000852894,1.33236558735371,0.265511032193899,2.33035229891538,0.081703532487154,slow,train,19_41
67519,-121.875,35.625,1053.9,2.87106367413487,34.5331103707264,1.1450329210077,0.25083598893668,2.16291011869907,0.11226735157626,slow,train,19_41
67520,-121.875,35.875,1119.03,3.77203285396099,34.4449700089172,1.18008381128311,0.381847590208054,2.00282257745663,0.106735943754514,slow,train,19_41
67521,-121.875,36.125,869.073333333333,4.70699790939689,34.3650623783469,1.36681571006775,0.483852656185627,2.29421944444378,0.104511601726214,slow,test,19_42
67764,-121.625,34.875,1089.2,4.11423079669476,34.4218268059194,1.85570093989372,0.394421216100454,3.16945867240429,0.0792237371206284,slow,train,19_41
67765,-121.625,35.125,965.651851851852,3.41303752362728,34.4837680769463,0.914259177667124,0.339474335312843,2.13948445463622,0.0808645870398592,slow,train,19_41
67766,-121.625,35.375,998.1625,3.66057315375656,34.4576860545203,1.20866048149764,0.338274788344279,2.24019242683426,0.0759006290463731,slow,train,19_41
67767,-121.625,35.625,801.7,4.92150152564049,34.3383892010897,1.5143032181263,0.501636402010918,2.48237414479256,0.0953445166349412,slow,train,19_41
67768,-121.625,35.875,655.157142857143,5.37050343916884,34.2865099149224,1.48155163228512,0.578186240845493,2.35292900140796,0.0953207364571946,slow,train,19_41
67769,-121.625,36.125,556.4,4.99041720293462,34.3176823924296,1.5263366997242,0.547502059489488,2.79692320525646,0.100806267932057,slow,test,19_42
68011,-121.375,34.625,841.721052631579,3.26062487497142,34.4957137235293,1.40611035416001,0.268845580910381,2.92405151222881,0.104670554791626,slow,train,19_41
68012,-121.375,34.875,462.781818181818,4.81591236591339,34.3532988801599,1.74294752695344,0.372414596378803,2.06699723005295,0.102865964851596,slow,train,19_41
68014,-121.375,35.375,641.05,5.77008119341917,34.2404324153904,1.55796194262803,0.583620715420693,2.23784113116562,0.171715967357159,slow,train,19_41
68015,-121.375,35.625,398.327027027027,6.15109880389394,34.2101355775486,2.43199139350169,0.703027682932648,2.95794046730609,0.114416525371977,slow,train,19_41
68257,-121.125,34.125,1028.2,3.17450485378504,34.5179601106793,1.15108919143677,0.297372356057167,2.76853984594345,0.0556355118751526,slow,train,19_41
68258,-121.125,34.375,1099.5,2.93060092628002,34.5332193654031,2.67402100563049,0.231452375650406,5.67251598834991,0.100227974355221,slow,train,19_41
68260,-121.125,34.875,512.620512820513,6.15412552941304,34.2263909665724,1.78241415818532,0.643931159033225,2.84301009162878,0.105942607690126,slow,train,19_41
68261,-121.125,35.125,489.796153846154,7.02102022331495,34.1391784568819,1.88072398620156,0.700681501139815,3.00560781732202,0.192594430767573,slow,train,19_41
68262,-121.125,35.375,296.76511627907,7.8790792900809,33.9507416746211,2.01753457202468,1.20883957868399,3.23379145250764,0.180902079094288,slow,train,19_41
68505,-120.875,34.125,867.509090909091,3.63055126369,34.458310296759,1.55099537697705,0.318013966083527,3.54473789171739,0.103799325498667,slow,train,19_41
68506,-120.875,34.375,837.257142857143,5.49739940145186,34.2986628213631,1.87388130170958,0.540125299777304,4.00104880332947,0.0921680155609335,slow,train,19_41
68749,-120.625,33.125,1156.0,2.43620107322931,34.5713675022125,0.744516432285309,0.239509262144566,1.1008240878582,0.0855074375867844,slow,train,19_41
68750,-120.625,33.375,1131.0,2.6943876631558,34.5507675083354,2.31329280138016,0.146855067461729,2.38921743631363,0.0619430113583803,slow,train,19_41
68751,-120.625,33.625,1132.45714285714,3.34485045394727,34.5053167281939,1.14778103147234,0.29214061158044,2.32269280297416,0.0977634500179972,slow,train,19_41
68752,-120.625,33.875,654.55,6.09659109637141,34.2867824016139,1.09193366765976,0.558854945003986,3.61738722026348,0.109210848808288,slow,train,19_41
68753,-120.625,34.125,347.84,6.79551379233599,34.2058574873954,1.44695041775703,0.801977598667145,3.6110924979051,0.11118038247029,slow,train,19_41
68754,-120.625,34.375,413.84375,6.68627736554481,34.2004245569115,1.86672573722899,0.806718649109826,3.51167477341369,0.105653329985216,slow,train,19_41
68997,-120.375,33.125,807.0,3.021424010396,34.5316934399307,0.76134444028139,0.283382671326399,1.8412233248353,0.0765721812844276,slow,train,19_41
68998,-120.375,33.375,1064.9375,3.14136175252497,34.516815666575,1.25803656876087,0.214972380548716,1.98490352556109,0.0709926411509514,slow,train,19_41
68999,-120.375,33.625,1026.16666666667,4.55394148081541,34.4116539694369,1.29774081707001,0.396008178591728,2.83423795799415,0.0900311817725501,slow,train,19_41
69000,-120.375,33.875,325.378787878788,6.5699387267232,34.1828576289117,1.53059310985334,0.752797298133373,2.9428911949649,0.10122712566094,slow,train,19_41
69243,-120.125,32.625,604.775,3.5134434197098,34.5004119677469,0.898067310452462,0.204351939260959,1.31694477796555,0.0495167011395096,slow,test,19_40
69244,-120.125,32.875,675.11,3.32271494306624,34.5082704839297,0.665198112279176,0.29356364607811,1.17749508805573,0.046150385402143,slow,test,19_40
69245,-120.125,33.125,853.6,3.74447963386774,34.4741244334727,1.01522684232755,0.382469058036804,1.98699145019054,0.0754252348772504,slow,train,19_41
69246,-120.125,33.375,1081.70833333333,4.23294779844582,34.436068776995,1.09130990505219,0.411267433315515,2.76590171580513,0.0869344441841046,slow,train,19_41
69247,-120.125,33.625,802.433333333333,5.47303691133857,34.2926317825913,1.74741087357203,0.530655842274428,2.32013425727685,0.103001506378253,slow,train,19_41
69490,-119.875,32.375,933.1,2.24576557427645,34.5896786078811,0.747624099254608,0.169194616377354,0.561793804168701,0.0360338799655437,slow,train,20_40
69491,-119.875,32.625,1049.58571428571,3.6157501829522,34.4894035054105,0.498662537762096,0.252797893115452,1.24750048135008,0.109242915042809,slow,train,20_40
69492,-119.875,32.875,1156.63333333333,3.8041627407074,34.468621853739,1.01920245339473,0.393932919949293,2.01041203240553,0.0983513581256072,slow,train,20_40
69493,-119.875,33.125,1155.8,4.27426986023784,34.4218268059194,1.28766077756882,0.447889644652605,1.9047671854496,0.161780327558517,slow,train,20_41
69495,-119.875,33.625,295.78,6.69791734303747,34.1402717573302,0.927822165829795,0.91080485944237,1.39132090508938,0.13385482025998,slow,train,20_41
69738,-119.625,32.375,427.4,2.20511491969228,34.5877712010406,0.86106187850237,0.207281716167927,1.11079002544284,0.036063302308321,slow,train,20_40
69739,-119.625,32.625,953.28,3.69263589978218,34.4917141925544,0.360300374031067,0.278475295007229,2.389302277565,0.10845547914505,slow,train,20_40
70234,-119.125,32.375,951.65,3.79158911481499,34.4813378993422,0.799331784248352,0.359263893216848,0.866498075425626,0.106699079275131,slow,train,20_40
70240,-119.125,33.875,790.1,6.35005009174347,34.2663211282343,0.54689604721286,0.718527786433697,1.57445705749772,0.197519508275119,fast,train,20_41
70481,-118.875,32.125,1171.9,3.34369947016239,34.5072786323726,0.500740259885788,0.286385692656041,0.558311998844147,0.15284389257431,slow,train,20_40
70482,-118.875,32.375,760.383333333333,3.63570056855678,34.4843897502869,0.589761930207412,0.303353983908892,0.642174705862998,0.149805352091789,slow,train,20_40
70483,-118.875,32.625,1023.3,4.11276590824127,34.4462416134775,0.870630860328674,0.306161686778069,1.51665157079697,0.219061583280563,slow,train,20_40
70487,-118.875,33.625,537.72,5.36209602579474,34.3691823771223,0.330013708770275,0.427454450726509,1.1765447512269,0.268219587206841,slow,train,20_41
70729,-118.625,32.125,772.86,3.19384138137102,34.5243689976632,0.271774998307228,0.265437787771225,0.644138687849045,0.164582300186157,slow,train,20_40
70730,-118.625,32.375,1083.92,3.81510057449341,34.4767601229251,0.34847511947155,0.282723471522331,0.69685002565384,0.160922318696976,slow,train,20_40
70731,-118.625,32.625,1029.11,4.11137426421046,34.4564653141424,0.439690859615803,0.362120425701142,0.928713165223598,0.223682925105095,slow,train,20_40
70732,-118.625,32.875,692.525,4.35015108212829,34.4367808755487,0.354864110797644,0.342307809367776,0.833826065063476,0.226196178048849,slow,train,20_40
70733,-118.625,33.125,549.338461538462,4.11090662674262,34.4484718122448,0.479887700997866,0.161025046156003,1.12748661408058,0.252978189633443,slow,train,20_41
70735,-118.625,33.625,560.146875,5.53171637537889,34.3426217368688,0.440472726244479,0.457113864133134,1.62858936470002,0.278123282827437,slow,train,20_41
70977,-118.375,32.125,890.533333333333,2.99920653551817,34.5372884999961,0.477006028095881,0.202642902731895,0.540348504980405,0.266055504480998,slow,train,20_40
70979,-118.375,32.625,589.541666666667,4.38309886492789,34.4440798857249,0.362189664194981,0.495315408334136,0.717584051191807,0.199325406303008,slow,train,20_40
70983,-118.375,33.625,667.775,5.86696983128786,34.3173009110615,0.259847424924374,0.553361613303423,0.907773360610009,0.239477448165417,slow,train,20_41
71226,-118.125,32.375,740.95,2.72112187743187,34.5568712102249,0.645270571112633,0.246467482298613,0.64427699893713,0.337597295641899,slow,train,20_40
71227,-118.125,32.625,740.766666666667,4.36301768571138,34.4396292697638,0.300305729111036,0.48268074542284,0.482512677709262,0.215681408842404,slow,train,20_40
71475,-117.875,32.625,500.654545454545,4.62640906870365,34.4207170419395,0.337354807691141,0.527559600770474,0.601634879003872,0.425410387190905,slow,train,20_40
71723,-117.625,32.625,396.6,4.64378797262907,34.4164860667661,0.195264540612697,0.764305550605059,0.430168077349662,0.417355999350548,slow,train,20_40
71972,-117.375,32.875,498.866666666667,5.93337810784578,34.3340860912576,0.665402489403884,0.710104677826166,0.729953276614348,0.430774877468745,slow,train,20_40
91787,-97.375,26.625,26.54808,27.6874599382282,34.1001108521596,1.8317703406016,12.4621722958982,2.84554443260034,0.693976849317551,fast,train,27_38
91788,-97.375,26.875,29.6345113043478,26.9400908334748,34.2827685541757,1.61945672138878,11.3371857317245,3.28599229584569,0.689201290192811,fast,train,27_38
91789,-97.375,27.125,30.41904,26.7652516197413,34.1771065082867,1.62567195792993,11.4689779244363,3.12468112011751,0.664926687876383,fast,validation,27_39
91790,-97.375,27.375,24.9936,27.4416028261185,33.2509333267808,1.8288760582606,12.0255134627223,3.9905545314153,0.641515096028646,fast,validation,27_39
92032,-97.125,25.875,36.01593,23.5617236830294,35.0921372548328,1.11748121492565,10.7249290344771,2.48402419593185,1.06495917588473,fast,train,27_38
92033,-97.125,26.125,38.0323492682927,23.6821794954651,34.8210610142659,1.24109917406629,10.7380968408614,2.09946313427716,0.934526202518766,fast,train,27_38
92034,-97.125,26.375,36.0393241121495,25.0325024940561,34.6772410602213,1.12591118595311,10.9288071524874,1.93029633582195,0.899042001394468,fast,train,27_38
92035,-97.125,26.625,47.51832,26.7205638023359,34.5897876025577,0.964642920664379,10.9448617627578,1.95295354227225,0.626055153885058,fast,train,27_38
92036,-97.125,26.875,55.1825651612903,26.6228089380649,34.5532532901533,0.791270405054092,10.8953677723485,1.87674575082717,0.528999374758813,fast,train,27_38
92037,-97.125,27.125,55.2933704347826,26.643769375656,34.6334660344798,0.979907559311908,10.9309339490922,1.68651318420535,0.461098182460536,fast,validation,27_39
92038,-97.125,27.375,42.2975314285714,26.9853040241769,34.0040720094527,1.24581736922264,11.1116393131869,2.27562060739313,0.581500559832368,fast,validation,27_39
92039,-97.125,27.625,30.90672,24.5831904016435,33.4962258464657,1.70575339347124,12.9399761835113,2.39034793724616,0.62257171968619,fast,validation,27_39
92040,-97.125,27.875,19.0153636363636,25.2907248660922,33.2894513849169,2.39819968288595,12.8865571394563,2.87729502130639,0.590083433823152,fast,validation,27_39
92280,-96.875,25.875,27.432,24.4190496504307,34.2921231407672,0.820779740810394,11.1170384734869,1.12039747834206,0.388637185096741,fast,train,27_38
92281,-96.875,26.125,54.15534,24.9990386632271,35.1065540715354,0.725008314475417,10.2758720568381,1.50529402525475,0.714455938587586,fast,train,27_38
92282,-96.875,26.375,70.5809223529412,25.1253413097823,35.4540705078227,0.504201905692325,9.24019322741558,1.31128348826485,0.570705576854593,fast,train,27_38
92283,-96.875,26.625,78.9702933333333,25.3249475210905,35.6008020384858,0.594875178403324,7.49540017545223,1.06679834653106,0.126152298516697,fast,train,27_38
92284,-96.875,26.875,104.9658048,24.3400628650188,35.6255988925695,0.612997387051582,6.54778770714999,1.07394342154264,0.0809466637670994,fast,train,27_38
92285,-96.875,27.125,91.9760275862069,24.9939425983306,35.5404354134125,0.605225144789137,7.17939305382556,0.889072295149852,0.0827829020804373,fast,validation,27_39
92286,-96.875,27.375,79.5454848,24.4335520461202,35.332499127835,0.570341594815254,8.22511428415776,1.23608158379793,0.179422986805439,fast,validation,27_39
92287,-96.875,27.625,45.1398289655172,25.7133922542221,33.6886459255013,1.21277551764044,11.9136220834635,1.96047176394997,0.566849502510038,fast,validation,27_39
92288,-96.875,27.875,31.4130612244898,24.2996811719269,33.3229528568989,1.85536178155821,13.0351155813859,2.25933820921548,0.619331699650304,fast,validation,27_39
92289,-96.875,28.125,24.50592,27.4286629781127,32.5235755182802,2.24471565087637,11.9403057843447,2.09550742308299,0.683651328086853,fast,validation,27_39
92529,-96.625,26.125,92.5513476923077,23.5532442325583,36.2143197204345,0.239481980984028,6.41947925434663,0.819126565295916,0.681319195490617,fast,train,27_38
92530,-96.625,26.375,85.5404266666667,23.2996307238936,36.1274158737312,0.269889328766752,6.36393661051989,0.788905090203992,0.668397201432122,fast,train,27_38
92531,-96.625,26.625,136.2309696,22.2641108420491,36.3066499494016,0.322422236800194,4.79715811192989,0.692065300941467,0.233741588890553,fast,train,27_38
92532,-96.625,26.875,165.919867826087,22.1853176766764,36.30395635922,0.351081493432107,4.1110183722947,0.505528441589812,0.124779518855655,fast,train,27_38
92533,-96.625,27.125,152.329414736842,21.7498301397029,36.3159018764763,0.312074152262587,3.60886835424524,0.589489081972524,0.124445998747098,fast,validation,27_39
92534,-96.625,27.375,122.847233684211,22.9693112275318,36.1325900401234,0.347798180423285,4.35077653139045,0.616921482509688,0.202733526692579,fast,validation,27_39
92535,-96.625,27.625,83.4489391304348,25.7064318378334,35.2104648967962,0.508790201467016,8.95428989892421,0.97988965070766,0.494385821663815,fast,validation,27_39
92536,-96.625,27.875,51.90744,26.3937681153417,33.8994516525418,1.03325272500515,11.5165867991745,1.48482667009036,0.584631653875113,fast,validation,27_39
92537,-96.625,28.125,36.33216,26.4353709474206,32.7333394065499,2.45804458459218,11.9555406242609,2.57303690115611,0.727716930707296,fast,validation,27_39
92538,-96.625,28.375,12.43584,22.2898342832923,31.966612720862,4.17276668548584,11.7630542814732,4.90487790107727,0.720295310020447,fast,validation,27_39
92777,-96.375,26.125,145.010777142857,20.213197948145,36.1043776285702,0.197846952825785,4.2665399382157,0.504828047007322,0.121802135237626,fast,train,27_38
92778,-96.375,26.375,141.760875789474,20.3272307028896,36.1570450036149,0.176400204630275,3.87547805277925,0.523411781772187,0.135978025041129,fast,train,27_38
92779,-96.375,26.625,227.13696,20.759025849402,36.5306558087468,0.231260687112808,2.27204199135303,0.430493421852589,0.0199843421578407,fast,train,27_38
92780,-96.375,26.875,620.38992,12.7631763741374,35.600858554244,0.207895144820213,1.44389171898365,0.254165974756082,0.0229611663768689,fast,train,27_38
92781,-96.375,27.125,306.68976,14.7174596451223,35.8569597126916,0.30206598341465,1.50920132920146,0.282175708562136,0.0237943483516574,fast,validation,27_39
92782,-96.375,27.375,164.360352,21.9119418919086,36.3706370908767,0.271499927838643,3.05199743360281,0.369123177230358,0.0478913678477207,fast,validation,27_39
92783,-96.375,27.625,125.9823744,22.6583416226506,36.1079744528979,0.279730340242386,6.23576646655798,0.472480494379997,0.0840698197484017,fast,validation,27_39
92784,-96.375,27.875,82.66176,24.7619180613412,35.3519957602167,0.50657594203949,8.98247062930694,1.07019682543782,0.125380938299573,fast,validation,27_39
92785,-96.375,28.125,35.975925,25.178785054246,33.1402401498053,1.58617523871362,13.6141239535064,2.25591906548167,0.767620019614697,fast,validation,27_39
92786,-96.375,28.375,25.2690085714286,24.0861668287377,32.9677379083088,2.73068819904611,13.4343306947766,2.98201104679278,0.70083692448125,fast,validation,27_39
93030,-96.125,27.375,290.04768,21.6972869038582,36.5092928521335,0.152850210666656,0.7851802110672,0.246711879968643,0.126423671841621,fast,validation,27_39
93031,-96.125,27.625,131.843417142857,21.9621178092701,36.20051093333,0.260318634765489,4.20375900449497,0.413231158895152,0.100079977086612,fast,validation,27_39
93032,-96.125,27.875,101.842644705882,23.4599354779896,35.9300694948829,0.46256590941373,6.57364385005305,0.760671830352615,0.129561010967283,fast,validation,27_39
93033,-96.125,28.125,57.6072,25.5477462038398,35.0078719476347,0.685943705194137,10.0710650327451,1.44896630942822,0.607692059348611,fast,validation,27_39
93034,-96.125,28.375,27.9828171428571,24.4773748817721,32.7381042904952,2.29218941891477,13.9338096997568,2.68738883751489,0.695762877308187,fast,validation,27_39
93035,-96.125,28.625,16.4592,23.0787224932574,32.3307366867084,3.61769390106201,14.3682668404654,4.0620862301439,0.71277255564928,fast,validation,27_39
93279,-95.875,27.625,149.845221818182,21.6591332182288,36.3648848142475,0.255605827678334,2.60230775177479,0.388758389109915,0.0429106566377661,fast,test,28_39
93280,-95.875,27.875,103.8987,23.4590441579931,36.1065438977675,0.384846323402599,4.72502059559338,0.713570310967043,0.129558894142974,fast,test,28_39
93281,-95.875,28.125,66.4289828571429,25.4143367196832,35.1402833824977,0.748251425723235,9.06589817308954,1.13392375551519,0.430938951316334,fast,test,28_39
93282,-95.875,28.375,36.7659138461539,26.8799213976241,32.9322887871128,1.65721564568006,12.8021954426972,2.08380821805734,0.594672623735208,fast,test,28_39
93283,-95.875,28.625,28.5684685714286,27.1933391115495,32.2994824631938,2.97630774123328,13.1066185805415,3.24554101058415,0.639562036309923,fast,test,28_39
93527,-95.625,27.625,142.91216,20.7167882323265,36.4294360857457,0.172873283425967,2.08453626930714,0.265099989871184,0.0209478766967853,fast,test,28_39
93528,-95.625,27.875,119.896128,21.2506668291986,36.3128553796559,0.262437367190917,3.27939695119858,0.532857046835125,0.0954049774135152,fast,test,28_39
93529,-95.625,28.125,74.1186514285714,25.9950603565999,35.2300768302354,0.570615079786096,8.8532626384071,0.776715925761631,0.439016150576727,fast,test,28_39
93530,-95.625,28.375,48.768,26.6833704588935,33.8013473607134,1.139743860811,11.7233802191913,1.74577875683705,0.547645606100559,fast,test,28_39
93531,-95.625,28.625,34.9692685714286,27.4284537083336,32.9548674535804,1.53333250113896,13.1275455584483,2.70605450017112,0.679264694452286,fast,test,28_39
93776,-95.375,27.875,146.96694,22.7355571137741,36.1395102459937,0.376466344421109,5.30259101651609,0.703229106341799,0.0728374619502574,fast,test,28_39
93777,-95.375,28.125,83.1729927272727,24.3063031788915,35.8613640884869,0.382347241382707,7.11286576464772,0.563360617411408,0.195709860798988,fast,test,28_39
93778,-95.375,28.375,55.8668903225806,25.7078915899319,35.0305233991915,0.71073767542839,10.7923530359422,1.13387786140365,0.254418358687432,fast,test,28_39
93779,-95.375,28.625,41.7750171428571,26.9182016695184,33.3894292291786,1.79082360863686,13.6096508119787,2.83548431417772,0.8074817103999,fast,test,28_39
93780,-95.375,28.875,33.8328,29.0063478425145,32.200079318136,1.23823463916779,13.5516830831766,2.84114027023315,0.741802394390106,fast,test,28_39
94024,-95.125,27.875,146.50974,23.8302560476586,36.1785485059954,0.290715396404266,4.56999419722706,0.527265715412795,0.106829971540719,fast,test,28_39
94025,-95.125,28.125,104.690487272727,22.9427084326744,36.2684740684926,0.307744757695631,4.85137762874365,0.615627862513066,0.173118443651633,fast,test,28_39
94026,-95.125,28.375,64.73444,25.1789808813482,35.2465471369214,0.629187454366022,9.49809258431196,1.04427606136435,0.257922362329231,fast,test,28_39
94027,-95.125,28.625,50.61966,26.8087099771947,33.8047171127983,1.0931037204961,11.9888302143663,1.63070162261526,0.756477003296216,fast,test,28_39
94028,-95.125,28.875,34.83864,27.6634113527834,33.1020102669884,1.98276674108846,12.9911016624953,3.06213886077915,0.768117636442184,fast,test,28_39
94029,-95.125,29.125,28.40736,27.6305734366178,32.4635557830334,3.35631291071574,13.6642353460192,4.69835984706879,0.594294130802155,fast,test,28_39
94272,-94.875,27.875,148.1328,21.7068086788058,36.3167719217017,0.18074382096529,2.5857722684741,0.403887312859297,0.133468937749664,fast,test,28_39
94273,-94.875,28.125,106.279405714286,22.9627761361854,36.24312785188,0.330907153231757,3.69096085003444,0.645733026166757,0.178287523133414,fast,test,28_39
94274,-94.875,28.375,74.2440548571429,25.4601877282773,35.3925769935761,0.489591676422528,8.6384890641485,0.771031694752829,0.180254490886415,fast,test,28_39
94275,-94.875,28.625,53.0033947826087,27.2400426670261,34.378769169764,0.767507370399393,12.0749162950593,1.02071843004745,0.637311356223148,fast,test,28_39
94276,-94.875,28.875,36.2518036363636,27.7268343642354,33.5271489573643,1.18710845844312,13.8707291297615,2.45790759863501,0.627369674769315,fast,test,28_39
94277,-94.875,29.125,23.412372244898,25.3670417496136,30.4739773368501,3.21150017392879,16.162450633715,4.22059963734782,0.604890858336371,fast,test,28_39
94278,-94.875,29.375,11.4216872727273,22.6589861735702,30.2541081793606,4.17779675397006,16.7515321522951,6.00052388689735,0.560411399061029,fast,test,28_39
94520,-94.625,27.875,184.84596,20.6092410050332,36.1678670276888,0.260504387319088,2.65785698778927,0.393567795865238,0.0959455238189548,fast,test,28_39
94521,-94.625,28.125,105.102211764706,22.8574354740627,36.26406765269,0.261994423235164,4.85627756311613,0.467782126191784,0.157554307404686,fast,test,28_39
94522,-94.625,28.375,72.39,25.2656331025064,35.4741219663993,0.520246656404601,9.18668171390891,0.625168037083414,0.149877758075794,fast,test,28_39
94523,-94.625,28.625,49.8705808695652,25.5256454954329,34.5310963386589,0.83613669872284,10.4194649610182,1.18349109784417,0.433789699621822,fast,test,28_39
94524,-94.625,28.875,40.4247927272727,27.5944950096309,33.6925037903711,1.19413956322453,13.7022003717721,1.65691638263789,0.499396489425139,fast,test,28_39
94525,-94.625,29.125,26.4576910344828,24.6163549710964,30.5873865663106,2.9308460478125,15.7719993581032,4.26982490872515,0.602414425077109,fast,test,28_39
94526,-94.625,29.375,18.3131208791209,22.8360324310814,30.2261102670845,3.45162836896194,16.9136986699733,4.36227778419034,0.540146794620451,fast,test,28_39
94768,-94.375,27.875,157.52064,21.5951109342277,36.2514114473015,0.358548782765866,2.84737693145871,0.562892917543649,0.113762091534833,fast,test,28_39
94769,-94.375,28.125,93.5377411764706,23.7620471790433,36.0848162898465,0.43002848239506,5.6346934363246,0.57484103388646,0.107144143651514,fast,test,28_39
94770,-94.375,28.375,74.4495771428571,25.2017883807421,35.702950234658,0.53888765048413,8.63495938054153,0.591704635747842,0.104663731086822,fast,test,28_39
94771,-94.375,28.625,56.8485866666667,25.4147940129042,34.6430294836561,0.941383768011023,10.0285992249847,1.21568812843826,0.229036941020577,fast,test,28_39
94772,-94.375,28.875,38.7128084210526,25.8300456287045,33.5629717005711,1.11501040897871,13.4726176563846,1.566585169811,0.225564709619472,fast,test,28_39
94773,-94.375,29.125,30.19806,27.3836176581681,32.1493422961794,1.34117325209081,15.6187780243345,1.95938773360103,0.536971027031541,fast,test,28_39
94774,-94.375,29.375,23.5842048,26.2035328178108,30.4741355348378,3.13292529582977,16.7042988216877,3.761973747015,0.476959618330002,fast,test,28_39
95015,-94.125,27.625,800.64864,9.88662374764681,35.2870265487581,0.112762875854969,2.08893093466759,0.293397180736065,0.0304427202790976,fast,test,28_39
95016,-94.125,27.875,158.3944,20.4583168029785,36.1435793805867,0.263727954692311,2.74715414643288,0.506101452642017,0.0849362777339089,fast,test,28_39
95017,-94.125,28.125,106.2679104,22.9977269795537,36.1727957669646,0.354001831412315,5.32443006187677,0.54757114559412,0.120508633553982,fast,test,28_39
95018,-94.125,28.375,87.078312,23.4546403370798,35.8101900969632,0.40109623298049,7.15814080573618,0.666653805971146,0.101184191182256,fast,test,28_39
95019,-94.125,28.625,60.3504,26.1082229896316,35.0060382724873,0.56057339480945,10.4186005858438,0.944887652461018,0.228676431945392,fast,test,28_39
95020,-94.125,28.875,40.3479,26.0197149524465,33.328246884048,0.940482749293248,13.3394268499687,1.61140047386289,0.239535922184586,fast,test,28_39
95021,-94.125,29.125,29.70784,26.4101178981364,32.1083542425185,1.38809748490651,15.9650868102908,2.02678481406636,0.565860135687722,fast,test,28_39
95022,-94.125,29.375,23.5458,25.3275734692812,30.6363871903159,3.54254150390625,16.2347727745771,4.27090805768967,0.471283504366875,fast,test,28_39
95023,-94.125,29.625,16.0411885714286,24.2152208856174,30.1217688247562,4.21859455676306,16.838020815381,4.76890910239447,0.403887036300841,fast,test,28_39
95264,-93.875,27.875,175.452258461538,19.4064267300642,36.2903812362884,0.224302854675513,2.54079268070368,0.354149262492473,0.118387011954418,fast,test,28_39
95265,-93.875,28.125,129.4936704,21.6559184539318,36.2620929256082,0.330571876764298,3.31955442667007,0.509609890580177,0.163333856463432,fast,test,28_39
95266,-93.875,28.375,90.19413,24.792870872654,35.8580564716249,0.458013576222584,6.52644428238273,0.535384028218687,0.133819848764688,fast,test,28_39
95267,-93.875,28.625,58.6232,25.9954934287816,34.996464906726,0.535648202730549,10.2177393827587,0.927868966427115,0.217941702653964,fast,test,28_39
95268,-93.875,28.875,40.8700224,26.8730893832445,33.3195592816919,0.923683378696442,14.2358152887225,1.5809775364399,0.223424088358879,fast,test,28_39
95269,-93.875,29.125,32.3618086956522,27.5769988567285,31.8159441666111,1.60645242618478,15.4451787909088,1.62967938443889,0.591687205045119,fast,test,28_39
95270,-93.875,29.375,22.83968,25.5578376576304,30.5254608858377,2.37164591418372,15.7636646479368,2.60532148016823,0.515781846311357,fast,test,28_39
95271,-93.875,29.625,14.8251134117647,22.6437599506448,29.5875961730695,4.29185178700615,16.8683154882315,5.50288942688528,0.384596462460125,fast,test,28_39
95512,-93.625,27.875,188.77788,21.4938505198806,36.4246039884165,0.27416292950511,2.49159214831888,0.326992783695459,0.106231193989515,fast,test,28_39
95513,-93.625,28.125,126.943104,21.8454115413129,36.312245009467,0.307928365468979,3.54427319839597,0.406875858207544,0.162149500350158,fast,test,28_39
95514,-93.625,28.375,97.743264,23.641462444514,36.0062460880727,0.437773049871127,6.3906491227448,0.554588513573011,0.132097481439511,fast,test,28_39
95515,-93.625,28.625,60.130944,26.5321756593883,34.9263486312702,0.639164304733276,10.162956623733,0.758525026962161,0.217522616187731,fast,test,28_39
95516,-93.625,28.875,43.0471384615385,26.5314751422176,33.9386953255878,0.895522122199718,13.6782832506758,1.14136119874624,0.24302942936237,fast,test,28_39
95517,-93.625,29.125,34.07664,28.0177312474698,31.6269671428017,1.53540862600009,15.6726584527641,3.22927517692248,0.610958099365234,fast,test,28_39
95518,-93.625,29.375,24.0792,27.6385954448155,30.6718286259898,2.3320628688449,15.5099947974086,2.88263691323144,0.499094393991289,fast,test,28_39
95519,-93.625,29.625,15.8974031654676,23.7234015246625,29.1460108413971,4.45932132134335,16.9693626940465,5.94317816380117,0.398986069847354,fast,test,28_39
95760,-93.375,27.875,225.59772,19.2352366726846,36.241111450363,0.215251379956802,1.99804681353271,0.314359406009317,0.0952786453999579,fast,test,28_39
95761,-93.375,28.125,140.98016,22.1752881444991,36.3266904372722,0.274070823772086,3.36460462957621,0.390174173336062,0.151158848156531,fast,test,28_39
95762,-93.375,28.375,92.0476335483871,24.4629963040352,35.594279026132,0.457693523697315,7.82616656273602,0.636871765938497,0.110100830995268,fast,test,28_39
95763,-93.375,28.625,64.0458372413793,25.483745732441,34.8339319197012,0.689505627443051,10.0375672234543,0.790930795001573,0.18473743570262,fast,test,28_39
95764,-93.375,28.875,47.1248509090909,27.198608905077,34.0397905558348,0.811991745775396,12.9999195300043,1.28594727949663,0.223867251114412,fast,test,28_39
95765,-93.375,29.125,36.0785664,27.6844032043219,32.5534836575389,1.32859936237335,15.2857594388723,2.12358179330826,0.568407566547394,fast,test,28_39
95766,-93.375,29.375,26.20518,27.4611957091838,31.2445956515148,2.1904694934686,15.619800394401,2.8864473576347,0.473743991305431,fast,test,28_39
95767,-93.375,29.625,19.38528,27.0989964902401,29.9457325134426,3.5899272181771,17.1061683297157,4.87184913591905,0.496702167120847,fast,test,28_39
96007,-93.125,27.625,697.32144,6.76201667636633,34.923856286332,0.12374197691679,1.32572405040264,0.251021005213261,0.0333066992461681,fast,test,28_39
96008,-93.125,27.875,228.18852,17.9632862359285,36.2029633135535,0.140836486592889,1.68388927727938,0.353344669565558,0.0604018536396326,fast,test,28_39
96009,-93.125,28.125,141.871849411765,22.4687660993899,36.1456737880979,0.313339271966149,3.46678778003244,0.335124742458848,0.147673413595732,fast,test,28_39
96010,-93.125,28.375,98.47072,24.3282265663147,35.9486000146717,0.388856796754731,5.41015858948231,0.529839334388574,0.125558304289977,fast,test,28_39
96011,-93.125,28.625,65.3890593103448,25.6129589967173,35.1626899318192,0.677200244418506,9.38021115830232,0.741791379605902,0.184945667098309,fast,test,28_39
96012,-93.125,28.875,41.63949,26.1208380335011,34.3640323786531,0.750782558694482,12.5950193675235,1.34682609140873,0.216373531147837,fast,test,28_39
96013,-93.125,29.125,35.685984,25.6478957444429,32.2172714117914,1.26510503292084,14.2813928514719,2.06602018078168,0.570506344238917,fast,test,28_39
96014,-93.125,29.375,28.370784,28.1033417701721,30.6705933529884,2.77306125958761,16.2676839351654,4.7652552485466,0.486216447750728,fast,test,28_39
96015,-93.125,29.625,19.2890273684211,25.7497851613321,29.6637502474416,3.19591272504706,15.9280791019923,6.49065781580774,0.513833723570171,fast,test,28_39
96257,-92.875,28.125,141.18336,22.275220277054,36.1267215372729,0.293180432702814,3.33499295583793,0.376175213072981,0.147745758295059,fast,train,29_39
96258,-92.875,28.375,97.1307952941176,24.2059514654033,35.8835736481363,0.378381341695785,6.44736184837187,0.483176558771554,0.115553220843568,fast,train,29_39
96259,-92.875,28.625,64.641984,25.1397259399295,35.5430768430233,0.471182810266813,9.19637439250946,0.65700397118926,0.185290094216665,fast,train,29_39
96260,-92.875,28.875,45.747432,26.7141270127147,33.9597002766095,0.881366877257825,12.6670369461179,1.55848414823413,0.216908630728722,fast,train,29_39
96261,-92.875,29.125,38.5736123076923,26.2737392871999,31.6590800487365,1.59776498491947,15.1490030870415,2.54105306015565,0.541228442237928,fast,train,29_39
96262,-92.875,29.375,29.24556,27.0650044195354,31.1230302555486,2.36117705702782,14.9967955425382,3.72280928492546,0.474402368068695,fast,train,29_39
96263,-92.875,29.625,20.3840861538462,27.1582783747178,29.2758192186459,4.03837661559765,16.2809392976073,6.40385695604178,0.424787406737988,fast,train,29_39
96505,-92.625,28.125,137.34288,22.1822957755732,36.3023664586113,0.233781071113689,3.09991323735033,0.363772728347353,0.15613203761833,fast,train,29_39
96506,-92.625,28.375,100.83546,23.9755241526291,35.9071880928241,0.425393645341198,5.70628985948861,0.5752382427454,0.114636951436599,fast,train,29_39
96507,-92.625,28.625,68.8570909090909,25.983284175396,35.0957309827208,0.616163405505094,8.99987514317036,0.819965111938391,0.176157803698019,fast,train,29_39
96508,-92.625,28.875,49.3776,25.5483321592212,34.134189854376,1.02276536971331,12.1523483879864,2.34453752934933,0.179823534190655,fast,train,29_39
96509,-92.625,29.125,38.4818021052632,26.6951008101827,32.4110585926591,1.89312773001821,14.832997883621,3.36426329848014,0.463934205080334,fast,train,29_39
96510,-92.625,29.375,27.139392,27.5621143162251,30.4923398257233,4.39764637351036,16.05462811701,5.55314053893089,0.417919912934304,fast,train,29_39
96511,-92.625,29.625,15.581376,30.1088228926063,28.8296151347458,4.6210930109024,15.6140995368362,11.3262303590775,0.355888706445694,fast,train,29_39
96752,-92.375,27.875,369.8748,15.4411145411432,35.8508560108021,0.128080602735281,1.52824487909675,0.329048488289117,0.0237740185111762,fast,train,29_39
96753,-92.375,28.125,161.618212173913,21.6109858667073,36.3252529712475,0.244748368535353,3.08728426111781,0.375336579654528,0.127823086536449,fast,train,29_39
96754,-92.375,28.375,103.43007,23.3579210769385,36.0020180029096,0.328732947818935,5.24246955290437,0.467000325210392,0.0941705147270113,fast,train,29_39
96755,-92.375,28.625,68.715172173913,26.072781332809,34.8070898154022,0.718900197226068,9.89828312558972,0.979262450466986,0.164413564878961,fast,train,29_39
96756,-92.375,28.875,53.4972126315789,25.7796226261478,34.0479750651866,1.29171887745983,11.6520118817295,2.08474516476455,0.141390727146676,fast,train,29_39
96757,-92.375,29.125,33.5866153846154,26.1690842755712,32.6245800466635,2.83093187442193,13.6586481112127,3.97355883511213,0.382883876562119,fast,train,29_39
96758,-92.375,29.375,15.2312914285714,28.4980315491557,30.2693476168705,4.86975291797093,15.3544375949672,7.50228350503104,0.30149148617472,fast,train,29_39
97001,-92.125,28.125,155.1432,21.592338109655,36.4134501998446,0.288393853675752,2.34720472033535,0.385922119730995,0.125701322796799,fast,train,29_39
97002,-92.125,28.375,98.0694,23.1852473504841,36.0934781609103,0.441210620726148,4.24445325694978,0.519521328931053,0.0904352000604073,fast,train,29_39
97003,-92.125,28.625,72.60336,25.6991790477187,35.1213873387314,0.841666835546494,8.89780571088195,1.57984603755176,0.138507229462266,fast,train,29_39
97004,-92.125,28.875,49.3507058823529,25.9606508654268,34.3157749855891,1.45552291063701,11.7528000622988,2.68852983853396,0.136233197634711,fast,train,29_39
97005,-92.125,29.125,27.9384369230769,26.6530984450991,32.9338538388793,3.16777788981413,13.2867824211717,4.88530643322529,0.33678649747983,fast,train,29_39
97006,-92.125,29.375,8.04672,27.867397069931,28.6652729613707,4.64120829105377,18.1638843789696,8.62319031357766,0.247030407190323,fast,train,29_39
97249,-91.875,28.125,157.265944242424,21.3750336393714,36.389715783298,0.266692825113282,2.48931158334017,0.403794007996718,0.0695537877918193,fast,train,29_39
97250,-91.875,28.375,103.008853333333,23.7985066249967,35.9864090569317,0.581711857959077,4.71365838497877,0.777854053234613,0.0562249512791081,fast,train,29_39
97251,-91.875,28.625,67.2517136842105,24.5761396622187,35.4894927653827,0.945834763740238,8.53120195551922,1.59299685021764,0.312218811166914,fast,train,29_39
97252,-91.875,28.875,41.16324,25.6413464723155,33.5612684197258,1.71216592689355,12.3112277481705,3.23600425074498,0.39463452808559,fast,train,29_39
97253,-91.875,29.125,20.9136342857143,28.3318190271301,31.6753789449909,5.35865104198456,14.1172869785556,6.17302074176925,0.425859953675951,fast,train,29_39
97254,-91.875,29.375,8.17734857142857,28.7125330727015,28.956179753212,7.21390104293824,15.7739188671112,7.48099878856115,0.331366858312062,fast,train,29_39
97497,-91.625,28.125,148.59,21.331587964935,36.4416071579659,0.242144396794694,2.7829741569502,0.437298649123737,0.0248697687472616,fast,train,29_39
97498,-91.625,28.375,95.7543054545455,24.4076301790774,35.6850850163028,0.841740651564165,6.24921414256096,1.47219232402065,0.105352872262963,fast,train,29_39
97499,-91.625,28.625,67.522725,25.979499186622,35.1767784333788,1.20686252787709,8.49447614187375,2.479227357544,0.372988196089864,fast,train,29_39
97500,-91.625,28.875,33.5446254545455,27.1361735835671,32.5049869716168,3.12249860257813,12.9751385003328,4.31593192436478,0.392455409873616,fast,train,29_39
97501,-91.625,29.125,13.2588,29.4104739446193,29.8726614913903,6.47096502780914,15.5532700438052,5.26936084032059,0.478014275431633,fast,train,29_39
97502,-91.625,29.375,7.68096,29.6875209733844,28.009887970984,5.52164459228515,13.5377666428685,5.11620712280273,0.485670834779739,fast,train,29_39
97745,-91.375,28.125,173.61408,21.2850428782404,36.4097262150608,0.66486781090498,2.95516830682755,0.800061089918018,0.0242406910595795,fast,train,29_39
97746,-91.375,28.375,107.93984,23.6601560488343,36.0423596575856,0.545067674583859,5.93694875389338,0.847042247653007,0.0511014513257477,fast,train,29_39
97747,-91.375,28.625,49.6491490909091,24.5765473544598,34.6499757841229,1.86967392852812,9.45564411208034,3.55173781965718,0.412460718191031,fast,train,29_39
97748,-91.375,28.875,25.3264086486486,25.2407926854652,33.1378223827562,3.4931267467705,12.4551744841643,4.88522161503096,0.385074228048325,fast,train,29_39
97749,-91.375,29.125,11.740896,28.8008239924908,29.7418133821339,5.83688535690308,17.1447614818811,7.20225467681886,0.577820527553558,fast,train,29_39
97992,-91.125,27.875,501.0912,19.3153782784939,36.5535446908325,0.137236520648003,2.68367564678192,0.29694390296936,0.0201149638742208,fast,train,29_39
97993,-91.125,28.125,150.36165,21.6749015771784,36.3564141938696,0.365887548774481,2.97468489361927,0.665222712792456,0.0212500620400533,fast,train,29_39
97994,-91.125,28.375,88.2633066666667,23.7837221026421,35.8139229627947,1.02268080799668,6.13516986370087,1.95101266271538,0.0737736265140551,fast,train,29_39
97995,-91.125,28.625,43.4169879069767,24.5292910233487,34.6068363977856,2.22786976847538,9.34558804393854,3.72409337377825,0.434187440678131,fast,train,29_39
97996,-91.125,28.875,18.62328,28.2510757707059,32.0034892531112,2.85892019669215,12.830225519836,5.14879137277603,0.379767512281736,fast,train,29_39
98241,-90.875,28.125,149.282331428571,22.1138383990952,36.2467246762078,0.546558650476592,3.29479571910841,1.27110785937735,0.0163729471553649,fast,train,29_39
98242,-90.875,28.375,77.806296,23.1339762546122,35.577181277331,0.952775163948536,6.05478682257235,3.07094677500427,0.089001505356282,fast,train,29_39
98243,-90.875,28.625,39.8795131914894,24.7211906859215,34.6460404508609,2.19543250444088,9.09878061474003,4.63885025394724,0.48447988324977,fast,train,29_39
98244,-90.875,28.875,24.0237818181818,26.0574940927327,31.3270418671891,3.93057439002124,13.9551932662726,6.44567668437958,0.386563390493393,fast,train,29_39
98245,-90.875,29.125,10.78992,30.1365092843771,29.3343912810087,5.51261234283447,15.303689673543,6.94682097434998,0.384371250867844,fast,train,29_39
98489,-90.625,28.125,154.97937,20.3124179821461,36.2302392313723,0.506820687092841,2.53498946875334,1.30321857845411,0.0171047310577706,fast,train,29_39
98490,-90.625,28.375,78.2341389473684,23.5991361631375,35.6987051788325,1.94817436996259,6.06402140228372,2.73615453902044,0.1055012734999,fast,train,29_39
98491,-90.625,28.625,46.282356,25.3831110527739,34.9226736940909,1.92434655874968,8.20727560501546,3.7921731993556,0.448107040673494,fast,train,29_39
98492,-90.625,28.875,29.6847490909091,26.9422534257174,30.5861356901005,4.49691245840354,13.7474454492331,6.81274009495973,0.397246206348593,fast,train,29_39
98493,-90.625,29.125,17.00784,21.5456709489226,29.8959318548441,3.29553461074829,14.185979783535,5.42132329940796,0.429476648569107,fast,train,29_39
98737,-90.375,28.125,189.55512,20.2044190809131,36.2506484845653,0.427956798672676,2.50913418754935,0.820431427657604,0.016252448875457,fast,train,29_39
98738,-90.375,28.375,94.8936184615385,22.6781424071926,36.0660701918488,1.26526916256318,4.58704465369766,2.13833152359495,0.0576806186984938,fast,train,29_39
98739,-90.375,28.625,54.5779569230769,24.3797793715046,34.7708333498583,2.36899122672203,8.17956151182835,4.11828693976769,0.341549817186136,fast,train,29_39
98740,-90.375,28.875,32.1623818181818,26.0154284890741,32.2849415824749,3.66894575682553,11.2024348117411,6.85767144371163,0.347188241102479,fast,train,29_39
98741,-90.375,29.125,18.873216,28.6152226254344,32.3264259472489,7.83670325279234,12.5622974216938,8.1388209104538,0.716381531953812,fast,train,29_39
98985,-90.125,28.125,150.08352,19.9904477074742,36.3892533816397,0.51361148059368,1.99346903711558,0.749050599833329,0.0153234452009201,fast,train,29_39
98986,-90.125,28.375,127.168101818182,20.4308575429022,36.2032060744241,0.944491982460022,3.20457666367292,2.0085202306509,0.0311998043801974,fast,train,29_39
98987,-90.125,28.625,83.9917963636364,23.7451343759894,35.7865590602159,1.50799770653248,5.58532003685832,4.4684926095334,0.242123958739368,fast,train,29_39
98988,-90.125,28.875,48.0139513043478,24.8140122383509,33.788899457811,3.9438626623672,9.22702983718203,7.40689642954132,0.309269339170145,fast,train,29_39
98989,-90.125,29.125,23.4467482352941,26.5975111205788,32.2954047799987,4.67157144756878,10.4209794908324,7.33824897864286,0.749200429986505,fast,train,29_39
99233,-89.875,28.125,524.68272,13.505630671978,35.8455152716488,0.183298408985138,3.01034577190876,0.301306717097759,0.0150052821263671,slow,train,30_39
99235,-89.875,28.625,141.146784,21.9014191098511,36.2111270148307,1.97981097698212,3.5801141358912,5.13267243206501,0.0135188214480877,fast,train,30_39
99236,-89.875,28.875,69.50456,24.3989888168871,35.3595503955148,3.94361816843351,6.832483895123,6.71597432676289,0.0092348382394346,fast,train,30_39
99237,-89.875,29.125,42.0792165517241,25.4857073359448,32.8876227493687,6.43681939579975,9.98622877638915,8.73810880211578,0.338010631587314,fast,train,30_39
99238,-89.875,29.375,13.80744,27.3942380994558,30.6421094108373,7.92130684852599,14.5031281337142,9.37911009788513,0.316344499588013,fast,train,30_39
99483,-89.625,28.625,162.188434285714,21.701158394771,36.2703765210296,2.17855767905712,2.58573739017759,5.73557599101748,0.0110760601237416,fast,train,30_39
99484,-89.625,28.875,89.9368156097561,23.5285582511527,33.8783740315859,4.32839530270274,8.1525508559695,7.79324267114081,0.0085512170022944,fast,train,30_39
99485,-89.625,29.125,39.7642814457831,24.0999951803361,33.0577965107668,6.18222666935748,10.0512968250606,8.49424722682999,0.289300702422498,fast,train,30_39
99486,-89.625,29.375,7.68096,32.1478011310101,31.3470869790763,0.0,15.658192679286,15.5461406707764,0.316344499588013,fast,train,30_39
99731,-89.375,28.625,252.00864,15.5637989491224,35.8287300914526,0.819749325513839,1.55058442801237,2.85860231518746,0.107607515063137,fast,train,30_39
99732,-89.375,28.875,52.82946,25.9214758705348,31.6591387381777,5.49054673314095,11.5255592409521,7.04407587647438,0.086853732005693,fast,train,30_39
99733,-89.375,29.125,18.10512,23.1907406821847,31.6782128065825,4.36640882492065,12.8624530658126,8.75807976722717,0.348716050386429,fast,train,30_39
99980,-89.125,28.875,72.2376,18.5123752579093,36.3867101725191,5.1465147336324,2.10504470765591,12.7357994715373,0.175134062767029,fast,train,30_39
99981,-89.125,29.125,104.36352,18.8641926348209,36.3714509177953,4.36961038907369,2.48420666903257,5.58116455872854,0.352240771055221,fast,train,30_39
99982,-89.125,29.375,17.9832,25.3729361817241,35.5662709102034,7.35089596112568,8.27124850451946,10.4408737023671,0.423642247915268,fast,train,30_39
100228,-88.875,28.875,185.44032,20.021454513073,36.3925595534965,4.96321749687194,1.17227698490024,4.59855002164841,0.103822533041239,fast,train,30_39
100229,-88.875,29.125,120.162917647059,19.5486617647112,36.0046603223857,5.79026032020064,2.79511488163296,7.74356580218847,0.204540253562086,fast,train,30_39
100230,-88.875,29.375,51.1199476363636,24.7131859347224,34.6312670130283,3.66267427422784,7.92314217835665,7.00305119861256,0.251879759539257,fast,train,30_39
100231,-88.875,29.625,18.443448,27.0207281660288,31.1814477690496,4.55308302044868,11.6144779700786,6.56916264891625,0.364255131781101,fast,train,30_39
100232,-88.875,29.875,18.90522,28.8385723368265,28.5202146711526,4.25223994255066,14.7097689611837,5.26719884574413,0.370361358858645,fast,train,30_39
100233,-88.875,30.125,18.3711272727273,27.7659868374467,27.0041643641889,5.09735849770633,16.425927400589,7.26311674985019,0.321716014634479,fast,validation,30_40
100476,-88.625,28.875,852.2208,7.66878262907267,35.0184636656195,0.669095277786255,1.16458632051945,3.32822892069817,0.0120697179809213,fast,train,30_39
100477,-88.625,29.125,154.3726656,19.2740098285675,36.2151554580778,2.34673391342163,2.63542222112417,5.43959202229977,0.212512958049774,fast,train,30_39
100478,-88.625,29.375,75.80376,24.1360515123233,35.2028717589565,3.23987543284893,6.73850519713014,7.1519635759294,0.214915652200579,fast,train,30_39
100479,-88.625,29.625,47.1292517647059,24.1225533551153,34.9003091618857,3.59754043233161,7.62698481801678,5.42246662869173,0.393708336879225,fast,train,30_39
100480,-88.625,29.875,38.4843130434783,25.6512756030197,32.0832465026204,2.84718013846356,11.1650772611408,4.43303219520527,0.458240657396939,fast,train,30_39
100481,-88.625,30.125,24.8847428571429,26.9216807795955,29.1065379095796,4.00914931084429,13.6075842729104,5.73789975685733,0.384111591747829,fast,validation,30_40
100725,-88.375,29.125,234.57408,19.2394482269883,36.3297422882169,5.81095695495604,1.5703604221344,5.9771934300661,0.154088566390176,fast,train,30_39
100726,-88.375,29.375,109.97184,19.4524674229324,36.205061461078,2.70988901456197,2.94689779076725,5.32625752128661,0.0841256510466337,fast,train,30_39
100727,-88.375,29.625,69.46392,22.9427879657596,35.732427239418,2.69289242062304,6.04557430185378,4.32816734382262,0.301781068038609,fast,train,30_39
100728,-88.375,29.875,53.76672,23.0434278370813,35.2523498923983,1.66732489466667,7.87925045806915,2.66586808338761,0.308945132046938,fast,train,30_39
100729,-88.375,30.125,29.7219756521739,24.0722452704187,33.5413180499176,3.01130740603675,10.6966791781394,3.73122068543149,0.39555261640445,fast,validation,30_40
100974,-88.125,29.375,107.345988,20.5442365799099,35.858676378848,1.11543553248048,4.90406200904399,3.3895733974874,0.0092413821490481,fast,train,30_39
100975,-88.125,29.625,63.2841,22.9612109726295,35.9289961110335,1.99346794063846,6.89812920894473,3.13117083782951,0.245590965612791,fast,train,30_39
100976,-88.125,29.875,56.1172658823529,23.1607750963201,35.3102295919705,1.92159432348083,7.58779905188609,2.74216617906795,0.288238070905209,fast,train,30_39
100977,-88.125,30.125,30.94863,24.6784112029709,34.1926200839225,2.66676727930705,10.335322113242,3.14504921995103,0.354309593637784,fast,validation,30_40
101222,-87.875,29.375,210.16976,14.0970386937261,35.5825474485755,1.50636574129264,2.94035665690899,2.67669337822331,0.0140303694125679,fast,train,30_39
101223,-87.875,29.625,64.09944,23.0678121261299,35.9538559801877,1.19368490576744,5.66154972463846,2.71856273214022,0.272737781206767,fast,train,30_39
101224,-87.875,29.875,58.558176,22.9549668855965,35.7310708612204,1.38853014707565,7.16469618156552,2.40804782807827,0.270070990920067,fast,train,30_39
101225,-87.875,30.125,33.3886628571429,24.421665522669,34.1644903744704,1.64111484161445,9.87109852635435,3.35774937272072,0.331697934440204,fast,validation,30_40
101470,-87.625,29.375,163.1696,18.5097710117698,35.8923103194684,0.662752959463332,4.48556982725859,1.92579051189953,0.0145653010242515,fast,train,30_39
101471,-87.625,29.625,111.639927272727,21.9213482514024,36.1502842046321,0.814039292660626,5.3704142421484,2.06140047176318,0.31596738235517,fast,train,30_39
101472,-87.625,29.875,61.776864,24.4036683216691,35.5149998143315,0.600274062156677,7.35139621496202,2.77609553337097,0.295588937401772,fast,train,30_39
101473,-87.625,30.125,43.47972,24.2339243721217,35.270368529018,1.3962165688475,7.93615527078509,2.58203730980555,0.3921051522096,fast,validation,30_40
101719,-87.375,29.625,100.33254,22.6976226065308,36.0879466810729,0.563309889286757,5.97216711379588,1.71717252582312,0.203094514086842,fast,train,30_39
101720,-87.375,29.875,81.3380571428571,23.0464840478131,35.8857706388725,0.767509380976359,6.64497817307711,1.64188739089739,0.236234217882156,fast,train,30_39
101721,-87.375,30.125,48.4798254545455,23.2179742902517,35.4412837419659,1.02790892395106,7.57360647618771,1.82372796400027,0.397805548527024,fast,validation,30_40
101722,-87.375,30.375,24.74976,23.2891323566437,34.0255948249251,1.62130359808604,9.67656482756139,2.7669669787089,0.533913373947144,fast,validation,30_40
101967,-87.125,29.625,304.31232,19.1154210045934,36.313974391669,0.291476607322693,1.12723166495562,0.450868859887123,0.232819601893425,fast,train,30_39
101968,-87.125,29.875,120.97512,20.8995818965137,36.1871699849144,0.425510156154633,4.18643146678806,0.838383747637272,0.237332761287689,fast,train,30_39
101969,-87.125,30.125,51.26355,24.3343150089495,35.1235617825296,0.989815667271615,8.90990935172886,1.26338857784867,0.465297970920801,fast,validation,30_40
101970,-87.125,30.375,34.8517028571429,24.0168331350599,35.1322541079883,0.86987857733454,9.68165705885207,3.69150611332485,0.554508413587298,fast,validation,30_40
102217,-86.875,30.125,107.419293333333,22.5661183493212,35.7771029463038,0.659402015929421,6.67854853346945,0.921149726336201,0.309541039867327,fast,validation,31_40
102218,-86.875,30.375,38.43528,24.3491012267768,35.3256833273917,1.20669391751289,9.87347025051714,2.773968582352,0.52080770333608,fast,validation,31_40
102464,-86.625,29.875,145.43532,21.5870540477335,36.2235633074306,0.410351365804672,3.15756706148386,0.57373771071434,0.0171735147014261,fast,train,31_39
102465,-86.625,30.125,93.866208,21.5492843404412,36.1559902410954,0.525253305832545,4.77514572143555,0.838644276062647,0.259127541383107,fast,validation,31_40
102466,-86.625,30.375,38.3286,22.9778435602784,35.5932289268821,0.64847935984532,9.22672199830414,2.26032631471753,0.543929651379585,fast,validation,31_40
102711,-86.375,29.625,146.44116,20.9437849055976,36.3147373544052,0.286485146731138,5.39573350735009,0.531357288360595,0.102968547493219,fast,train,31_39
102712,-86.375,29.875,131.58216,22.2182073416188,36.1774040618911,0.375674716507395,5.03497420717031,0.796773162359993,0.0900230558278659,fast,train,31_39
102713,-86.375,30.125,67.958208,22.5130832836032,35.9845779463649,0.437277302145958,6.58652912378311,0.786241814494133,0.290022788196802,fast,validation,31_40
102714,-86.375,30.375,40.02024,22.5409405790269,35.6636758195236,0.786848783493042,8.98916592076421,1.91387323041757,0.718796402215958,fast,validation,31_40
102958,-86.125,29.375,133.5024,23.9301431290805,36.1751151736825,0.389459073543548,6.21112704277038,0.525692157447338,0.0220559556037188,fast,train,31_39
102959,-86.125,29.625,123.583849411765,21.7034480523537,36.2761852961472,0.389291630071752,5.50022529328571,0.65291469763307,0.0839201774009885,fast,train,31_39
102960,-86.125,29.875,76.75245,23.7591631799005,36.1075929715298,0.359785853885114,6.68465223535895,0.688306177966297,0.0791391865350306,fast,train,31_39
102961,-86.125,30.125,58.27014,21.9572130488232,36.0805077943951,0.664440562948585,7.67317727487534,1.19732031784952,0.185060063377023,fast,validation,31_40
102962,-86.125,30.375,42.79392,23.9285561665893,35.5769523885101,1.03814613819122,9.28128909319638,1.47551248470942,0.704609453678131,fast,validation,31_40
103205,-85.875,29.125,168.98112,21.6672566905618,36.3170262426138,0.364810347557068,3.52818384021521,0.216425836086273,0.0457288287580013,slow,train,31_39
103206,-85.875,29.375,101.076369230769,22.1476274195772,36.1695983662055,0.330991284205363,5.46690736653713,0.522623564188297,0.0427050647827295,fast,train,31_39
103207,-85.875,29.625,72.62368,21.8951282277703,36.1027184873819,0.474762106935183,6.58320870995521,0.648154152764215,0.138279255272614,fast,train,31_39
103208,-85.875,29.875,55.71744,23.7873165048659,35.854670824483,0.45524001121521,8.16101564839482,1.01812133689721,0.182674194375674,fast,train,31_39
103209,-85.875,30.125,45.12564,23.4615619350225,36.0095522599295,0.745897568762302,8.64357431977988,1.35950702428818,0.8078643232584,fast,validation,31_40
103453,-85.625,29.125,136.42848,21.5591479226947,36.2273018248379,0.31860111951828,5.22950529009104,0.5481291025877,0.0485695570707321,fast,train,31_39
103454,-85.625,29.375,61.78296,23.0180669557303,35.7056387700141,0.53496169919769,9.22226629592478,0.828145479162535,0.0347749659170707,fast,train,31_39
103455,-85.625,29.625,48.3966981818182,25.0991574078798,35.3594386484474,0.572629782286557,10.5634438097477,1.02163214439696,0.165727660737254,fast,train,31_39
103456,-85.625,29.875,42.8200457142857,24.168762994664,35.2471344971231,0.798752865621022,11.0751845176731,1.45225500847612,0.206237612026079,fast,train,31_39
103457,-85.625,30.125,38.22192,23.6873378679156,35.7432782649994,0.892730653285979,9.74980925023556,1.60677974422773,0.222195222973824,fast,validation,31_40
103700,-85.375,28.875,162.383372307692,21.0663143734519,36.3449624166466,0.304001189195193,4.25690950395969,0.657964471441049,0.0232257865942441,fast,train,31_39
103701,-85.375,29.125,83.2887771428571,23.0369273945689,36.1756601470655,0.345834282892091,6.38628584785122,0.657634056040219,0.112921863528235,fast,train,31_39
103702,-85.375,29.375,54.08676,23.9000518787652,35.4146956466138,0.637380992372831,9.96984770335257,1.17858865608772,0.0814021209565304,fast,train,31_39
103703,-85.375,29.625,27.7555569230769,25.4951792451052,35.1285650573957,1.44676144764974,12.0217761191038,2.13941044761584,0.28129724585093,fast,train,31_39
103704,-85.375,29.875,24.87168,26.8216498252005,34.8399303853512,1.80350264906883,10.5157017633319,2.16100887954235,0.181200534105301,fast,train,31_39
103947,-85.125,28.625,130.94208,22.4824671149253,36.4299447275698,0.223756350576877,5.69219030812383,0.458642542362213,0.16744564473629,fast,train,31_39
103948,-85.125,28.875,119.476910769231,21.9037234920722,36.3665601310249,0.254932293525109,4.7978477363403,0.519134869942299,0.0441850737596934,fast,train,31_39
103949,-85.125,29.125,56.9187105882353,22.7137471507577,36.0580677139189,0.467252691878992,7.76386571850847,0.856875317061649,0.163242193267626,fast,train,31_39
103950,-85.125,29.375,44.94784,24.3460493758321,35.5736462166533,0.781567540433672,10.4761904664338,1.17342133737273,0.178866444362534,fast,train,31_39
103951,-85.125,29.625,22.4028,25.8103274591267,35.1931821322069,1.83843484520912,11.2529068775475,2.11439521610737,0.488723341375589,fast,train,31_39
104193,-84.875,28.125,112.59312,22.4910122975707,36.3465274684131,0.267577057083448,4.44984282553196,0.3461937357982,0.030693531036377,fast,train,31_39
104194,-84.875,28.375,141.439392,21.5602221742272,36.3928138744086,0.279764931400617,3.91486556231976,0.371620397766431,0.0657456302394469,fast,train,31_39
104195,-84.875,28.625,139.189968,21.6134952843189,36.37745289132,0.272759193181992,3.97534104064107,0.369180898368359,0.173153468966484,fast,train,31_39
104196,-84.875,28.875,81.01584,24.34781944938,36.0570466902573,0.312263226136565,8.26343576610088,0.769660485908389,0.132224295288324,fast,train,31_39
104197,-84.875,29.125,61.69152,24.1241187751293,35.95538190566,0.333279504130284,9.66899623721838,0.70800190915664,0.27299831310908,fast,train,31_39
104198,-84.875,29.375,43.5676430769231,25.4873477260654,35.432928499694,0.796118197532801,11.5664211775248,1.14613540527912,0.287418516782614,fast,train,31_39
104199,-84.875,29.625,21.21408,27.7677846550942,35.2793969213963,1.5220633149147,11.8590044751763,2.20527593791485,0.483701325953007,fast,train,31_39
104440,-84.625,27.875,180.68544,20.7077547535301,36.4284188020975,0.242236092686653,3.60216070711613,0.370337083935737,0.0908038010820748,fast,train,31_39
104441,-84.625,28.125,136.079345454545,21.5475353524089,36.3658558577299,0.208087967200713,3.90758994966745,0.31367411870848,0.0861427865245125,fast,train,31_39
104442,-84.625,28.375,112.270032,22.1853144921362,36.3220617966726,0.264985817670822,6.29865412786603,0.422790931910277,0.0363271310925483,fast,train,31_39
104443,-84.625,28.625,86.1103542857143,23.1617568177836,36.1613818444312,0.221799377884184,7.97977058057274,0.547734906630857,0.179826902491706,fast,train,31_39
104444,-84.625,28.875,70.6748072727273,23.4431010112166,36.0942411236465,0.289437231692401,8.10050021857023,0.702586369080976,0.146085353060202,fast,train,31_39
104445,-84.625,29.125,55.75808,25.2261218056083,35.8083844184876,0.352886800964673,10.3969644159079,0.643252819776535,0.285834216409259,fast,train,31_39
104446,-84.625,29.375,50.67808,24.7959328964353,35.705638770014,0.614362534549501,11.0365509912372,0.688831637303035,0.322182711627748,fast,train,31_39
104447,-84.625,29.625,27.0994909090909,26.3151479959488,35.3068635798991,1.1755569414659,13.4630573317409,1.94050053032962,0.656051023439927,fast,train,31_39
104686,-84.375,27.375,164.22624,21.1699270606041,36.4165928796865,0.123205099254847,3.89239173196256,0.383106328547001,0.162655383348465,fast,train,31_39
104687,-84.375,27.625,156.493028571429,20.3907110382404,36.4388822910509,0.20634235228811,4.72238183447293,0.319162362388202,0.160750957471984,fast,train,31_39
104688,-84.375,27.875,129.503424,21.7593493446708,36.3946449849755,0.177171088258425,4.65858943015337,0.374656621118387,0.164806123574575,fast,train,31_39
104689,-84.375,28.125,110.485645714286,22.3271889388561,36.3318495186312,0.155765611146178,6.30875139470611,0.390020619545664,0.190036848187447,fast,train,31_39
104690,-84.375,28.375,80.3901978947368,23.1055458537058,36.2742200175202,0.231941957222788,8.15422447692407,0.525752427938737,0.230194580398108,fast,train,31_39
104691,-84.375,28.625,72.83196,23.4971465170383,36.2432731781155,0.211121706292033,9.34061707556247,0.595063451056679,0.313218640784422,fast,train,31_39
104692,-84.375,28.875,60.6880246153846,24.0412774550227,35.9566730733674,0.345928135972757,9.96124148368836,0.637020505391635,0.268805650564341,fast,train,31_39
104693,-84.375,29.125,47.2614171428571,25.0188168372427,35.988516287346,0.419771588274411,10.5643569869655,0.563790685364178,0.476300201245717,fast,train,31_39
104694,-84.375,29.375,44.000928,24.678627884388,35.3593554161489,0.667233848571777,12.1579882085323,0.810475867986678,0.434357619285584,fast,train,31_39
104695,-84.375,29.625,29.644848,24.9656727768481,35.2597124828026,1.20094629526138,14.2256782606244,2.67060160040855,0.569541728496551,fast,train,31_39
104696,-84.375,29.875,20.1168,26.6141849979759,34.7056489437819,5.81921470165253,13.6692403815686,5.25081193447113,0.48944054543972,fast,train,31_39
104932,-84.125,26.875,156.08808,20.2021240890026,36.4757224917412,0.0849871262907982,4.96670430153608,0.334210542341073,0.107947300498684,fast,train,31_38
104933,-84.125,27.125,167.897907692308,21.1700397443313,36.4538900195979,0.161090832490187,3.56029870246465,0.405069331710155,0.0554916434563124,fast,train,31_39
104934,-84.125,27.375,145.363474285714,20.79093949071,36.4087997603097,0.173901416361332,3.6284240643893,0.3781568557024,0.0852088805820261,fast,train,31_39
104935,-84.125,27.625,109.844378181818,21.8923168256879,36.3612780813128,0.200582603161985,5.24862874299288,0.364504489709031,0.15033410218629,fast,train,31_39
104936,-84.125,27.875,95.5939885714286,22.6219454226749,36.3558283474829,0.226255942668234,5.89931507195745,0.369234727961676,0.152958420770509,fast,train,31_39
104937,-84.125,28.125,79.1039127272727,23.2113822922111,36.1802478320897,0.20074184645306,8.4669220894575,0.506922986019741,0.240697786211967,fast,train,31_39
104938,-84.125,28.375,73.5599630769231,24.3664826916961,36.1684245773806,0.246527263751397,9.81345677547731,0.629628497820635,0.187339937457672,fast,train,31_39
104939,-84.125,28.625,54.864,24.1293961296861,36.0229921419747,0.318107614150414,10.3902284331047,0.646796305592243,0.299979998515202,fast,train,31_39
104940,-84.125,28.875,52.8066,24.9154637251049,35.9002578479704,0.367209320887923,10.7713247984648,0.657496310770511,0.292792476713657,fast,train,31_39
104941,-84.125,29.125,47.8623085714286,25.5797644800373,35.7533057752464,0.303343425904002,11.9829968192748,0.526131380881582,0.600771886961801,fast,train,31_39
104942,-84.125,29.375,34.344864,25.8077639043331,35.5714590568095,0.670291352272033,14.0406628489495,0.929891887307169,0.502278465032577,fast,train,31_39
104943,-84.125,29.625,32.27832,25.3270363435149,35.399182070978,1.05267414947351,13.9069185331464,1.51473712176084,0.53477543592453,fast,train,31_39
104944,-84.125,29.875,14.99616,28.845942556858,35.2511673001572,3.07382440567017,14.0614642649889,5.47670367360115,0.525012269616127,fast,train,31_39
105172,-83.875,24.875,112.74552,23.8217413835227,36.3635669695214,0.150210101157427,4.26722006499767,0.113786306232214,0.0529919732362032,fast,train,32_38
105175,-83.875,25.625,180.4416,20.7968688011169,36.3368632737547,0.13217057287693,4.83925900608301,0.314467017849286,0.194076329469681,fast,train,32_38
105176,-83.875,25.875,187.51296,20.8730430006981,36.402478069067,0.133499888082345,4.71620837599039,0.375635385513305,0.167606343825658,fast,train,32_38
105177,-83.875,26.125,169.4688,22.4932096302509,36.3882360979915,0.104802461961905,4.10046692937612,0.318063028156757,0.163443739215533,fast,train,32_38
105178,-83.875,26.375,176.60112,22.2793969530612,36.3872188143432,0.121646229798595,4.30823694169521,0.323612316201131,0.16016294558843,fast,train,32_38
105179,-83.875,26.625,165.036137142857,21.8337307998112,36.4327785891614,0.120641655155591,3.8710723732199,0.392697153346879,0.204575983541353,fast,train,32_38
105180,-83.875,26.875,145.43532,21.6515091396868,36.4944150787778,0.16023276746273,3.57139804959297,0.30827153287828,0.19074659794569,fast,train,32_38
105181,-83.875,27.125,116.88064,22.2449110373855,36.3979002926499,0.145090887116061,4.89272743463516,0.389598617123233,0.210271055499713,fast,test,32_39
105182,-83.875,27.375,110.45952,22.2727439180016,36.3170262426138,0.0971142699321111,5.41520431637764,0.5346569865942,0.272391686836878,fast,test,32_39
105183,-83.875,27.625,92.3282742857143,23.4218791531665,36.2882516479918,0.175946832767555,7.23215429484845,0.519903628953866,0.280195559774126,fast,test,32_39
105184,-83.875,27.875,84.2264,23.3584704101086,36.2269966397434,0.204196752773391,7.64557836949824,0.393829430143038,0.277671641773648,fast,test,32_39
105185,-83.875,28.125,71.3662305882353,24.1541633500772,36.1198228153893,0.263693046043901,9.68028449530111,0.636221348362811,0.346450632109361,fast,test,32_39
105186,-83.875,28.375,61.10224,25.2257962748408,35.9231679234654,0.274339869618416,10.6857102066278,0.607342046168115,0.314967821041743,fast,test,32_39
105187,-83.875,28.625,51.38928,25.6403158857272,35.962542017492,0.399163640462435,11.4906977128524,0.792415635517011,0.378932702999849,fast,test,32_39
105188,-83.875,28.875,45.3823753846154,25.6638104428466,35.7865910726385,0.586125480440946,12.3977453748767,0.944901138257522,0.452908050555449,fast,test,32_39
105189,-83.875,29.125,42.62628,26.1055635195225,35.5552079505287,0.512747916082541,12.9897762872279,0.639928499857585,1.12073264519374,fast,test,32_39
105190,-83.875,29.375,33.26384,25.8560238406062,35.2602380793542,0.785082850191328,13.6375418230891,0.946426744262378,0.820846199989319,fast,test,32_39
105191,-83.875,29.625,26.57856,24.4184799715876,35.098489979282,1.46341314911842,14.4200364053249,2.21624947008159,0.645164628823598,fast,test,32_39
105192,-83.875,29.875,9.50976,27.8600726276636,34.9711599759758,7.05909538269043,13.3444013670087,13.6997655630112,0.592794239521027,fast,test,32_39
105419,-83.625,24.625,87.96528,24.4373607560992,36.3406780874356,0.148502867668867,3.31760612502694,0.210607636719942,0.0435749217867851,fast,train,32_38
105420,-83.625,24.875,119.164608,23.3606677427888,36.3686025235802,0.107567825913429,3.55499129891395,0.274370729923248,0.0753195717930794,fast,train,32_38
105421,-83.625,25.125,131.474094545455,23.0556380152702,36.3542033359408,0.119539762085134,4.32614853233099,0.297084227881648,0.183450372381644,fast,train,32_38
105422,-83.625,25.375,140.867476363636,21.3835344314575,36.3874962553382,0.0904832184314728,4.40598495304584,0.239430116658861,0.183425345204093,fast,train,32_38
105423,-83.625,25.625,146.199497142857,21.3469692936965,36.4327785891614,0.0848552169544356,4.94703294230359,0.302859266953809,0.186468326619693,fast,train,32_38
105424,-83.625,25.875,150.876,21.649959738438,36.3743071372692,0.0930266718451794,3.78560981498315,0.315228319511964,0.168636461863151,fast,train,32_38
105425,-83.625,26.125,124.985417142857,22.2988328837923,36.3743574425046,0.109728405518191,4.05878736504487,0.360500413392271,0.164304971694946,fast,train,32_38
105426,-83.625,26.375,119.14632,22.103183079511,36.3678904250264,0.11474339167277,5.05410931259394,0.349144533276558,0.15413910895586,fast,train,32_38
105427,-83.625,26.625,119.586894545455,21.6314335092902,36.3701561931521,0.101827562532642,4.11387287825346,0.314897548745979,0.185718575661833,fast,train,32_38
105428,-83.625,26.875,106.9848,19.1168858930469,36.3307595718652,0.108821973204613,7.90746787190437,0.634740248322487,0.16462254524231,fast,train,32_38
105429,-83.625,27.125,101.099389090909,21.9391266703606,36.3295110873878,0.138809361918406,4.48282501101494,0.32849589667537,0.192159683866934,fast,test,32_39
105430,-83.625,27.375,88.6968,22.0119449436665,36.2343210820109,0.182786893844605,6.62246772050858,0.585330846905708,0.233132517337799,fast,test,32_39
105431,-83.625,27.625,76.42098,24.1900692740455,36.0288170690183,0.262130200862885,8.69869074784219,0.55555918533355,0.283898938447237,fast,test,32_39
105432,-83.625,27.875,65.7805292307692,24.0899004833056,36.08168158322,0.215709693156756,10.4171598439033,0.555234922812535,0.302566759861432,fast,test,32_39
105433,-83.625,28.125,56.893968,24.7147373847663,35.9956663381308,0.282887233793735,11.1401104666293,0.52846719622612,0.379256963729858,fast,test,32_39
105434,-83.625,28.375,46.835568,25.4329721935094,35.8407849026844,0.905482272803783,12.1525681212544,1.70549373477697,0.435397496819496,fast,test,32_39
105435,-83.625,28.625,44.055792,26.9421002782881,35.8653523027897,0.739465895295143,12.7585192300379,1.2258724860847,0.456300166249275,fast,test,32_39
105436,-83.625,28.875,38.3525485714286,24.7960491574236,35.4513905210687,0.548082321882248,12.7846047079989,1.06826679621424,0.394813290664128,fast,test,32_39
105437,-83.625,29.125,29.9466,26.5054170303047,35.383159853518,0.891332354396581,14.0550553780049,1.18014975567348,0.819153472781182,fast,test,32_39
105438,-83.625,29.375,23.89632,26.1049734950066,35.0893344264478,1.29673709140883,15.2930285409093,2.58702862097157,0.646954715251922,fast,test,32_39
105439,-83.625,29.625,16.36776,27.9215979427099,34.9543747957796,3.89393430948258,16.3309427015483,4.76770821213722,0.618332296609879,fast,test,32_39
105667,-83.375,24.625,113.422176,18.8611163690686,36.119571486488,0.117808645963669,4.72573015093803,0.280173109471798,0.0844676122069359,fast,train,32_38
105668,-83.375,24.875,105.52176,23.2936490960419,36.3521225284785,0.105956045910716,3.61552781425416,0.268089426681399,0.100479753687978,fast,train,32_38
105669,-83.375,25.125,118.579392,22.1497909471393,36.3725699298084,0.0868136033415794,5.03262428194284,0.376467606425285,0.171195650100708,fast,train,32_38
105670,-83.375,25.375,121.43232,23.2948523972716,36.3900526759348,0.111567006579467,4.73619363989149,0.299931061054979,0.166248489703451,fast,train,32_38
105671,-83.375,25.625,121.103136,22.5217261254788,36.3927121460438,0.102593533694744,3.83097628355026,0.428370347619057,0.222679805755615,fast,train,32_38
105672,-83.375,25.875,107.53344,22.3737723916769,36.320383278653,0.107449460029602,5.09839777350426,0.512532557547093,0.204804250597954,fast,train,32_38
105673,-83.375,26.125,105.904145454545,22.7100575119257,36.3293723668903,0.115273582664403,4.24684479832649,0.317664096301252,0.321427272124724,fast,train,32_38
105674,-83.375,26.375,101.31552,23.2017273455859,36.293883039616,0.139343013366063,4.72548600286245,0.332083062579234,0.30305669705073,fast,train,32_38
105675,-83.375,26.625,87.84336,23.1845149062574,36.2832015613094,0.140255961567164,6.69356364011764,0.348732051750024,0.303673475980759,fast,train,32_38
105676,-83.375,26.875,82.8113890909091,22.2255789488554,36.2190895713866,0.144415734166449,6.36134469509125,0.414793959395452,0.3002433153716,fast,train,32_38
105677,-83.375,27.125,80.80248,23.7256691157818,36.2450534244999,0.142287459224463,7.15793327987194,0.409820855905612,0.320320203900337,fast,test,32_39
105678,-83.375,27.375,65.507616,26.1158299461007,35.9974974486977,0.308547587692737,8.72077394127846,0.455206877738237,0.561490771174431,fast,test,32_39
105679,-83.375,27.625,57.3258461538462,26.0497522084759,36.1404884033478,0.285017750584162,11.2212709211386,0.439596014527174,0.826150944599738,fast,test,32_39
105680,-83.375,27.875,52.5364363636364,25.9024489670992,35.8795017935336,0.327402078292587,11.3982304707169,0.497820529070768,0.893136192451824,fast,test,32_39
105681,-83.375,28.125,42.172128,27.5887020416558,35.7931760279462,0.37412546724081,13.5365214876831,0.659714738279581,1.04478283524513,fast,test,32_39
105682,-83.375,28.375,38.5710545454545,26.1153238937259,35.6169038917869,0.465714497999711,13.1226705238223,0.712978580458597,1.01252280040221,fast,test,32_39
105683,-83.375,28.625,35.34156,26.6526383198797,35.4384746518918,0.756112739443779,14.0332651622593,0.962476432323454,1.09847004711628,fast,test,32_39
105684,-83.375,28.875,32.260032,27.5219763725996,35.1173436362296,0.857288908958435,15.0168645143509,1.1855705678463,0.971836745738984,fast,test,32_39
105685,-83.375,29.125,24.87168,27.7448347359896,35.4248684830964,1.24989604949951,15.175023637712,2.37625138958295,0.733345051606496,fast,test,32_39
105914,-83.125,24.375,143.74368,21.1274452954531,36.5398113615811,0.0958589240908623,4.70522171258926,0.385128572583199,0.0852235481142998,fast,train,32_38
105915,-83.125,24.625,104.936544,22.6230964064598,36.3954588118941,0.170424789190292,3.97717215120793,0.23197221904993,0.0660019472241402,fast,train,32_38
105916,-83.125,24.875,96.19488,24.3732718862593,36.3166447612457,0.147255362942815,4.03924679942429,0.288419155403972,0.0874608317390083,fast,train,32_38
105917,-83.125,25.125,98.791776,23.6038392260671,36.352427713573,0.146138061583042,3.3543015807867,0.299217048287392,0.157464522123337,fast,train,32_38
105918,-83.125,25.375,106.0704,22.9235816504806,36.346018826589,0.124208202585578,4.22675252147019,0.282306520268321,0.151791118085385,fast,train,32_38
105919,-83.125,25.625,98.426016,22.9614856392145,36.3307595718652,0.150934681296348,5.31066011041403,0.376766987144947,0.194417414069176,fast,train,32_38
105920,-83.125,25.875,102.4128,24.4498123079538,36.3490706775337,0.213325783610344,2.45075838267803,0.383980922400951,0.190709039568901,fast,train,32_38
105921,-83.125,26.125,75.65136,23.5275429524481,36.2526830518618,0.180885422974825,5.13846247270703,0.287375463793675,0.282525698343913,fast,train,32_38
105922,-83.125,26.375,77.90688,23.6887417193502,36.2406028085388,0.127848814552029,6.95181126706302,0.378043439860145,0.272605292499065,fast,train,32_38
105923,-83.125,26.625,75.2856,21.2412182986736,36.2659077392891,0.1570186962684,9.03543198108672,0.509791331986586,0.280530790487925,fast,train,32_38
105924,-83.125,26.875,73.7991138461538,24.0319247056658,36.2140849626695,0.205550062541778,8.24844883038447,0.441380325991374,0.271628918556066,fast,train,32_38
105925,-83.125,27.125,61.81344,24.9371318668127,36.1547695007175,0.317697132627169,8.18066956847908,0.444222221771876,0.286169335246086,fast,test,32_39
105926,-83.125,27.375,45.134784,27.6242988310754,35.7719656638801,0.383171625435352,12.583611548692,0.563019271939993,0.625781416893005,fast,test,32_39
105927,-83.125,27.625,34.38144,27.7556470079081,35.9601776714304,0.498597843306405,13.3774659921016,0.786498002707959,0.835581013134547,fast,test,32_39
105928,-83.125,27.875,36.60648,26.3246864173561,35.6760103837587,0.610199476281802,13.3309732228517,0.806618835777044,0.86864116291205,fast,test,32_39
105929,-83.125,28.125,32.94126,26.7070223037153,35.645046812715,0.599246401339769,14.4183477144688,0.912280198186637,0.842480815947056,fast,test,32_39
105930,-83.125,28.375,28.6337828571429,26.5971295109817,35.7825163485748,0.766373672655651,14.73112755801,1.51983048447541,0.803704653467451,fast,test,32_39
105931,-83.125,28.625,20.189952,28.9730948746204,35.540330177173,1.04142268896103,16.259529389441,2.2496203660965,0.732500588893891,fast,test,32_39
105932,-83.125,28.875,19.604736,26.3655934274197,35.1789910253137,1.59826469421387,14.9743827491999,2.5456698179245,0.69706346988678,fast,test,32_39
106164,-82.875,24.875,74.6379,24.9943845905363,36.3006225437857,0.116640333086252,5.27616198733449,0.40205065254122,0.190458489581943,fast,train,32_38
106165,-82.875,25.125,79.589376,25.3041352540255,36.2077699787915,0.140775598585606,7.33660084158182,0.384389646351337,0.250185909867286,fast,train,32_38
106166,-82.875,25.375,66.4464,26.9860225170851,36.2081768922508,0.157581041256586,6.26996672898531,0.501073509454727,0.258699903885523,fast,train,32_38
106167,-82.875,25.625,67.738752,24.6163701251149,36.2385936733336,0.178248688578606,6.64781029075386,0.550404420495033,0.224832329154015,fast,train,32_38
106168,-82.875,25.875,77.980032,25.4122440218925,36.2034973874688,0.210922046005726,5.6792260453105,0.400465114414692,0.213541239500046,fast,train,32_38
106169,-82.875,26.125,61.2648,26.6531510308385,36.2352366372943,0.177325719594955,9.35975828468798,0.432749807834625,0.368028301000595,fast,train,32_38
106170,-82.875,26.375,66.52768,25.3332214280963,36.1503612715751,0.191256457732783,9.61137729138135,0.454953120814429,0.376919441752964,fast,train,32_38
106171,-82.875,26.625,53.0492676923077,25.7541827920538,36.2058684408951,0.213515482269801,11.1710139788114,0.668833917723252,0.21266125371823,fast,train,32_38
106172,-82.875,26.875,51.5199085714286,26.3528070439185,36.0323321473386,0.301395290664264,10.7581408023834,0.416352631790297,0.215999256287302,fast,train,32_38
106173,-82.875,27.125,43.9909527272727,27.1085182651878,36.0598384402692,0.287121679295193,11.908411167562,0.542143484408205,0.795347639105535,fast,test,32_39
106174,-82.875,27.375,28.517088,27.8359507977962,36.0233364533633,0.927752182881038,12.3701528862119,1.38657160500685,0.793447248140971,fast,test,32_39
106175,-82.875,27.625,20.043648,28.9127414703369,35.8444471238181,1.40910733938217,14.1879573829472,2.51435705125332,0.82913521528244,fast,test,32_39
106176,-82.875,27.875,22.384512,28.2201422095299,35.9971922636032,1.47545396089554,14.1213782027364,3.28807227015495,0.769201171398163,fast,test,32_39
106177,-82.875,28.125,18.15084,29.0085451751948,36.180837394204,0.796365484595299,15.1810052655637,1.80626226961613,0.670338064432144,fast,test,32_39
106178,-82.875,28.375,9.69264,26.7496871799231,35.5540635064244,2.00193309783936,12.960600592196,4.04681938886642,0.484008818864822,fast,test,32_39
106412,-82.625,24.875,50.986944,28.0537308812141,36.3530380837619,0.125142277777195,8.32642596960067,0.433527898788452,0.172847333550453,fast,train,32_38
106413,-82.625,25.125,68.3514,24.6017944850028,36.2439725606237,0.142618547193706,8.34043396543712,0.500417998991907,0.24227711558342,fast,train,32_38
106414,-82.625,25.375,57.534048,26.4274117201567,36.2654499616474,0.162531372904777,7.96459852159023,0.473468564450741,0.230613085627556,fast,train,32_38
106415,-82.625,25.625,56.3499,25.8786278832704,36.2086855340749,0.164247129112482,8.08783226273955,0.49499171320349,0.208398723974824,fast,train,32_38
106416,-82.625,25.875,56.60136,27.2224799282849,36.2814213149249,0.202350487311681,8.88698995113373,0.466138262301683,0.185736864805222,fast,train,32_38
106417,-82.625,26.125,51.425856,26.4333445183933,36.1139255622402,0.278245638310909,10.5036164335906,0.546443179994822,0.491656696796417,fast,train,32_38
106418,-82.625,26.375,43.0433018181818,28.2565912976861,35.9055812470615,0.455516985871575,10.4182866811752,0.476472981951453,0.453063566576351,fast,train,32_38
106419,-82.625,26.625,38.71341,27.7356486646458,36.0491309518693,0.399968459270895,11.9351786747575,0.862710448913276,0.23818302154541,fast,train,32_38
106420,-82.625,26.875,32.87268,27.4047669852152,36.0475096560549,0.509697325527668,12.8037659721449,0.781930265016854,0.134349768050015,fast,train,32_38
106421,-82.625,27.125,31.27248,27.4795678518712,36.0062460880726,0.693776294589043,13.1354106143117,1.16632608820995,0.48342394332091,fast,test,32_39
106422,-82.625,27.375,21.39696,28.2658467292786,36.3383891992271,0.232520624995232,12.0340586453676,1.56894524395466,0.735786497592926,fast,test,32_39
106660,-82.375,24.875,43.22064,28.6516006886959,36.3429669756442,0.29046008321974,8.52923163771628,0.893431993822258,0.174481542574035,fast,train,32_38
106661,-82.375,25.125,53.9496,27.2808138792004,36.0281903496278,0.299577770488603,8.53349841598953,0.452778865184103,0.214171560747283,fast,train,32_38
106662,-82.375,25.375,50.87112,26.176305424422,36.0375275602564,0.254548788070679,9.72380748018622,0.453021091719468,0.284496220449606,fast,train,32_38
106663,-82.375,25.625,49.8348,26.8732261061668,36.1580756725743,0.254491078356902,8.77626879885793,0.450363352894783,0.453022097547849,fast,train,32_38
106664,-82.375,25.875,43.83024,28.6948148980737,36.2478509545326,0.227474441130956,11.7181310355664,0.452184443672498,0.45335540175438,fast,train,32_38
106665,-82.375,26.125,39.8155885714286,27.5774537910308,36.1330432285156,0.484304032155446,10.2850864667978,0.976611565266336,0.500245030437197,fast,train,32_38
106666,-82.375,26.375,28.20924,27.262306583114,36.0538040986284,0.839842211455106,11.9949644347653,2.02982417680323,0.416526533663273,fast,train,32_38
106667,-82.375,26.625,28.52928,27.8195135286078,35.9952467086259,1.0022406168282,12.0202337605879,2.45641730166972,0.562817618250847,fast,train,32_38
106668,-82.375,26.875,22.347936,28.2888454779982,36.0158085543662,0.844697350263597,12.6632282361389,2.71933019757271,0.499372996389866,fast,train,32_38
106908,-82.125,24.875,40.81272,28.3836481757462,36.1593472771346,0.389867988725503,9.16849268227815,0.910419986893733,0.138562129189571,fast,train,32_38
106909,-82.125,25.125,40.9912457142857,28.1267869610871,36.0994728681232,0.371054121426174,9.10689761063882,0.726269047175135,0.20503738203219,fast,train,32_38
106910,-82.125,25.375,41.257728,27.7967894464731,36.1314737051725,0.377558636665344,9.76963407397269,0.505346339941025,0.220727935433388,fast,train,32_38
106911,-82.125,25.625,39.22776,28.18234808743,36.0965300118551,0.326622806489468,8.53059479780495,0.515800427645445,0.388327717781067,fast,train,32_38
106912,-82.125,25.875,32.3436342857143,29.1219693954502,36.3222579870905,0.6161564716271,10.7021611364824,0.835307388433388,0.344159692525864,fast,train,32_38
106913,-82.125,26.125,27.02052,28.0451979059726,36.1440244421829,0.861660331487656,11.4973601382226,1.88893799483776,0.427656695246696,fast,train,32_38
106914,-82.125,26.375,15.4402971428571,28.3024689406156,36.1650876634355,2.93695512839726,10.3987199568323,4.31002433810915,0.331872791051864,fast,train,32_38
107156,-81.875,24.875,32.9184,28.4223456457257,35.9335103072226,0.559676875670751,8.94753867387772,0.888749818007151,0.156562897066275,fast,train,32_38
107157,-81.875,25.125,29.80944,28.3352458197623,36.2224188633263,0.474183194339275,10.7282937001437,0.984202023595572,0.228980775922537,fast,train,32_38
107158,-81.875,25.375,27.432,28.4563868631209,36.1879765455212,1.08286372252873,11.0795791830335,1.63466454403741,0.338493621775082,fast,train,32_38
107159,-81.875,25.625,28.43784,28.6939603798091,36.2102114595473,2.80626702308655,10.4406262300908,2.2189082801342,0.609158903360366,fast,train,32_38
107160,-81.875,25.875,21.54936,29.022949911654,36.3844212843105,1.99934214353561,10.1509445384145,2.45255310336749,0.77584079404672,fast,train,32_38
107161,-81.875,26.125,15.91056,28.4365062341094,36.0972929745912,2.09842526912689,11.345194850117,3.2429052889347,1.00637158751488,fast,train,32_38
107162,-81.875,26.375,17.00784,28.2553483620286,36.1059398856014,3.25537765026092,10.3408917412162,4.25675841172536,0.353252947330475,fast,train,32_38
107405,-81.625,25.125,21.80844,29.0471816081553,36.3715780782513,1.49474965035915,11.2920926436782,2.4692898914218,0.255650464445352,fast,train,32_38
107406,-81.625,25.375,20.0645485714286,28.9748527407646,36.2389860541693,1.59171783924103,10.5484524837562,2.4017998107842,0.281070453780038,fast,train,32_38
107407,-81.625,25.625,11.24712,29.017700728029,36.5573595045134,2.74348080158234,9.45695363357664,4.41036376357079,0.797676235437393,fast,train,32_38
107653,-81.375,25.125,11.8872,29.2260811105371,36.4925076719373,1.46841561794281,9.15994749963284,1.39289492368698,0.470901668071747,fast,train,32_38
107654,-81.375,25.375,9.87552,29.1945860087872,36.5428632125258,2.61790609359741,9.39799187332392,2.35864359140396,0.49390110373497,fast,train,32_38
107655,-81.375,25.625,8.59536,29.1052278131247,36.5443891379982,2.97944319248199,9.31229589879513,3.63225954771042,0.724407434463501,fast,train,32_38
107672,-81.375,29.875,8.95,24.5259132631123,36.1269467929378,1.78552360932032,11.7993346855044,6.98971753915151,0.0936472862958908,fast,test,32_39
107673,-81.375,30.125,8.98780487804878,24.2713817485222,36.0965486207023,1.31671959661492,12.4964631908551,4.87334609713133,0.0900395587086678,fast,train,32_40
107676,-81.375,30.875,8.42910447761194,24.5933276483817,35.930295235394,2.99485854737794,15.1526257847783,3.82272472065776,0.283150834823723,fast,train,32_40
107677,-81.375,31.125,7.42857142857143,24.0770962917512,35.6102638865455,3.07790546970708,15.9380713897491,3.85483987336712,0.377208453736135,fast,train,32_40
107918,-81.125,29.375,7.65,24.7681325688958,36.1919919094071,1.43069426342845,9.39569199845195,2.99787274129689,0.0662905821017921,fast,test,32_39
107925,-81.125,31.125,6.51923076923077,24.1708919122242,35.5275945684228,2.7815234202605,16.4831220751198,4.27066520429574,0.379477828741074,fast,train,32_40
107926,-81.125,31.375,8.36160714285714,24.3029637801727,35.580126858466,3.01615427354617,16.3819456705158,4.38239049166441,0.404905278501766,fast,train,32_40
107927,-81.125,31.625,7.51984126984127,24.1538757751031,35.3687604456874,3.1271938336274,16.7240792337273,4.15712696361163,0.389325448917964,fast,train,32_40
108164,-80.875,28.875,8.07792207792208,25.2438294110554,36.2081702865128,1.3185890495003,8.99057215026447,3.14788901767173,0.0249124139353826,fast,train,33_39
108165,-80.875,29.125,8.73863636363636,24.793811397627,36.2178064067848,1.28643732831221,9.19488841854036,2.99820113114335,0.0271715794012628,fast,train,33_39
108176,-80.875,31.875,8.72327044025157,24.4316900715513,35.2909325340868,3.23758615600238,17.047538032931,4.02156794670993,0.443992520465791,fast,test,33_40
108177,-80.875,32.125,9.02272727272727,24.1108570955694,35.4201288660988,3.11186808347702,16.9974003620446,4.60165371136232,0.381509244441986,fast,test,33_40
108423,-80.625,31.625,8.5,25.8216803446412,36.3505966030061,0.503270328044891,13.3810235783458,0.871244609355927,0.580392181873322,fast,test,33_40
108425,-80.625,32.125,8.2421875,23.7496070716297,35.439619095996,2.83027964830399,16.4306695607957,3.49189830105752,0.409309935290367,fast,test,33_40
108426,-80.625,32.375,6.0,28.4694662243128,35.9767448622733,2.57593321800232,17.2812890857458,3.9616277217865,0.391056478023529,fast,test,33_40
108673,-80.375,32.125,8.5,28.517075099051,36.0927151981741,2.12004423141479,16.8271736651659,3.14564800262451,0.558735191822052,fast,test,33_40
108674,-80.375,32.375,8.30555555555556,23.8964181415737,35.6501289922744,3.16993952062395,15.6720195986331,3.62891461054484,0.596239749590556,fast,test,33_40
108922,-80.125,32.375,9.21875,23.6113467793912,35.677377358661,2.89055175334215,15.4394665220752,3.4770402610302,0.625372052192688,fast,test,33_40
108923,-80.125,32.625,7.36764705882353,23.4407626732307,35.7573257553775,2.86419454392265,14.9787214041194,3.26024445365457,0.635975062847137,fast,test,33_40
109171,-79.875,32.625,7.92708333333333,23.921002835501,35.7987838040572,2.82442569235961,14.8860438717529,3.0137162009875,0.349122643470764,fast,test,33_40
109420,-79.625,32.875,7.0,24.3148910300485,36.0598288733384,2.55238751707406,13.1208543376676,2.70950311216815,0.351977050304413,fast,test,33_40
109668,-79.375,32.875,8.94736842105263,24.0540996770325,35.7962840971978,2.72278492701681,14.4058672503421,2.42053435978137,0.239344714503539,fast,test,33_40
109669,-79.375,33.125,7.17391304347826,23.4715852750384,35.7493819668889,2.6112815608149,14.0243643726344,2.99780147360719,0.514754767003267,fast,train,33_41
109918,-79.125,33.375,8.22115384615385,23.6848729113833,35.6951529231782,2.03668141995485,15.4582213199196,4.26223797236498,0.56961368654783,fast,train,33_41
110167,-78.875,33.625,7.98333333333333,23.7727896943688,35.6722718663514,1.79256229152282,15.3731986306608,3.21877317676942,0.397277763485908,fast,train,33_41
110415,-78.625,33.625,7.0,24.6146122589707,35.9813226386905,0.774562001228333,12.1966612637043,0.621193528175354,0.342444479465485,fast,train,33_41
110416,-78.625,33.875,8.5,23.5088715794973,35.9866447689966,2.27643143403821,12.8142725272876,3.25813083541466,0.275720470562214,fast,train,33_41
110912,-78.125,33.875,8.88888888888889,24.0542517341673,36.0137909417972,2.6841384238667,13.3365072458982,3.36625032954746,0.305902123451233,fast,train,33_41
111160,-77.875,33.875,8.08602150537634,23.8553668741257,36.0044412299871,2.67533136119125,13.5049247888307,2.38455555964542,0.71740186214447,fast,train,34_41
111161,-77.875,34.125,8.71951219512195,23.5959699167529,35.7767741900028,1.2816751355805,16.2477120270998,2.98699707019983,0.440891158653469,fast,train,34_41
111410,-77.625,34.375,8.92753623188406,23.3625147760562,35.6881901439603,1.08425036817789,17.1460947426765,3.2779421771782,0.314869584164758,fast,train,34_41
111658,-77.375,34.375,8.50925925925926,23.0609352886677,35.7392656461646,1.3325280547142,16.8884548321366,3.54979033837164,0.481310762740948,fast,train,34_41
111905,-77.125,34.125,9.5,26.4962614774704,36.3551743794233,0.246465310454369,11.0503860488534,0.488452062010765,0.850248217582703,fast,train,34_41
111907,-77.125,34.625,9.89285714285714,23.2159315318401,35.7564666208678,1.30882937674012,16.2459268538015,1.95651968728219,0.387239128351212,fast,train,34_41
112652,-76.375,34.875,9.3125,23.2336191879585,36.0665837244596,1.24901723551253,11.8847315786406,2.41574378497899,0.150088641326874,fast,train,34_41
112899,-76.125,34.625,34.7,21.4147831656039,36.2720114411786,0.59548414349556,7.15971556082368,0.854102273285389,0.290700027346611,fast,train,34_41
112900,-76.125,34.875,15.7777777777778,20.6395560577512,35.820930916816,1.06548818614748,11.1822260096669,1.32337293691105,0.368073491586579,fast,train,34_41
112901,-76.125,35.125,8.73076923076923,23.335285733239,35.9385967254639,1.54751318120039,12.3008655404242,2.26802110901246,0.567086279392242,fast,train,34_41
112908,-76.125,36.875,13.5,21.0314951017499,30.4540390963666,4.5044532418251,19.6022217292339,5.18860681354999,0.472184740006924,fast,train,34_42
112909,-76.125,37.125,12.0,15.4337900988757,29.979857755825,3.91790997982026,18.527542937547,4.31115663051605,0.667235672473907,fast,train,34_42
113146,-75.875,34.375,153.5,8.35648672096431,35.1162500563077,0.255171336854498,2.27619250863791,0.359676799426476,0.0884642636713882,fast,train,34_41
113147,-75.875,34.625,63.5,18.2781558707356,35.9800510341301,0.359041541814804,3.9536118619144,0.490298754639096,0.201373431831598,fast,train,34_41
113148,-75.875,34.875,27.1666666666667,21.8741721846163,36.0172454675194,0.572226013988256,10.4872279940173,1.18576853349805,0.101351409840087,fast,train,34_41
113149,-75.875,35.125,10.2,22.5225806437433,35.8892330364324,1.81778745253881,11.9669789616018,2.26342629318436,0.496844863891601,fast,train,34_41
113154,-75.875,36.375,14.0,14.5928708821535,32.9758598282933,1.6412242770195,16.1856990113854,2.74843826293945,0.801078867912293,fast,train,34_42
113155,-75.875,36.625,15.3333333333333,16.2356130704284,33.1634469330311,2.24759449561437,15.6707256138325,2.87873619132572,0.679749449094137,fast,train,34_42
113395,-75.625,34.625,153.782608695652,12.4838709756732,35.569654484077,0.353480335163033,2.51674205388712,0.470152002637801,0.134141178072795,fast,train,34_41
113396,-75.625,34.875,59.3157894736842,15.5109858654047,35.7548431738427,0.564078466672646,4.47164910365092,0.921097298201762,0.0617624390870333,fast,train,34_41
113397,-75.625,35.125,12.5909090909091,20.9388409070671,35.3923500864767,1.9906917065382,14.8948692698032,4.95859222181818,0.525163672864437,fast,train,34_41
113400,-75.625,35.875,19.75,19.3721427060664,34.3852045945823,2.77551013231278,15.1178319510073,2.26348984241486,0.489156916737557,fast,train,34_41
113401,-75.625,36.125,25.68,14.1649183693528,34.2493361905217,1.09406791567802,17.1347709426284,1.65017197668552,0.697578084468841,fast,train,34_42
113402,-75.625,36.375,24.4285714285714,15.6515876214419,33.9594713877887,1.03839936852455,17.2559151250337,1.75076583879335,0.850704708269664,fast,train,34_42
113404,-75.625,36.875,20.75,15.1539964042604,33.0387661058921,1.46791622787714,17.9295632634312,2.41771044085423,0.694099860886733,fast,train,34_42
113405,-75.625,37.125,20.4782608695652,15.0147205422754,34.1304413852808,1.18442593903645,16.7017664753872,2.4688828892034,1.01520750315293,fast,train,34_42
113406,-75.625,37.375,17.5,15.8254280269146,33.8654743786901,2.26785477399826,15.9551988132298,2.73945293128491,0.956447836756707,fast,train,34_42
113407,-75.625,37.625,9.5,15.6718344725669,33.0202642595396,4.31598156690598,15.807245079428,4.28048287332058,0.977987468242645,fast,train,34_42
113645,-75.375,35.125,42.2592592592593,15.7588732615113,35.5525940967103,1.0186128511473,5.58100798726082,1.42731324610887,0.246086590267994,fast,train,34_41
113646,-75.375,35.375,24.1904761904762,22.4956859893033,35.6129932949053,1.30982630309605,13.1141348534397,1.73655058088757,0.205444780843598,fast,train,34_41
113647,-75.375,35.625,27.3846153846154,15.7374445727238,34.8018996274242,1.0946212548476,15.4451077511677,1.62569626936546,0.432518351536531,fast,train,34_41
113655,-75.375,37.625,20.9354838709677,14.8355839971092,33.8767760718662,1.78214299774939,16.3972525313016,2.85507704269501,1.1215859555429,fast,train,34_42
113897,-75.125,36.125,34.2222222222222,11.6377351284027,34.9747204687446,1.1230463385582,11.6644998416304,1.84981793496344,0.526799526479509,slow,train,34_42
113898,-75.125,36.375,35.0909090909091,14.9259066134691,35.2798130828887,0.851720738140019,12.9942930266261,1.48882348429073,0.453987404704094,slow,train,34_42
113899,-75.125,36.625,33.5,13.8277840577066,34.7567674471065,0.709878787398338,12.3346049264073,1.48405993481477,0.507512530932824,slow,train,34_42
113901,-75.125,37.125,35.3333333333333,9.56959747150541,34.5149082597345,1.20624740918477,12.4115115702152,1.46842570106189,0.933244546254476,slow,train,34_42
114147,-74.875,36.625,48.8,11.503347889334,35.4567094612867,0.790495553612709,6.19171727076173,1.33498029410839,0.105428562313318,slow,train,35_42
114154,-74.875,38.375,19.76,10.4835364946723,33.5481429174542,2.51893047332764,14.5131772685051,3.68458579063415,0.899076464176178,fast,train,35_42
114156,-74.875,38.875,14.5384615384615,14.5542090953543,33.0652790609747,2.92162274855834,15.9676785360162,3.59185865177558,1.04076345838033,fast,train,35_42
114405,-74.625,39.125,14.962962962963,12.9826926216483,32.8049109627803,2.99279616717939,16.2964771315455,5.48420372053429,0.891708424797764,fast,test,35_43
114654,-74.375,39.375,15.2857142857143,10.4064498788544,32.7293574676982,2.26897634778704,15.1915210719619,4.04863998719624,0.594550217900957,fast,test,35_43
114903,-74.125,39.625,17.0454545454545,10.5569433867931,32.66833035741,3.14184297756715,13.6016224622726,4.59469342231751,0.662548598918048,fast,test,35_43
114904,-74.125,39.875,14.5714285714286,9.67269771599344,32.353979801493,2.91381056393896,12.5233837062759,5.36380955576897,0.596897057124547,fast,test,35_43
114905,-74.125,40.125,14.5,12.010162672028,32.6776939909905,3.08225098252296,14.3687246181071,11.0818922165781,0.570324450731277,fast,test,35_43
115651,-73.375,40.625,18.5294117647059,10.5306145627709,32.2756575091797,2.49523373211131,13.2173869211007,4.38557988931151,0.532840139725629,fast,test,35_43
116637,-72.375,39.125,218.0,9.67860958725214,35.4258857667446,0.157822340726852,1.3425702676177,0.934349447488785,0.298855304718018,fast,test,35_43
117638,-71.375,41.375,34.0,10.7116222903132,31.866456521675,1.31159567291086,14.7757971435785,2.32041215896607,0.530933006243272,fast,train,36_43
117886,-71.125,41.375,27.3888888888889,8.93102817982435,32.012051390484,1.0703039434221,14.569007422775,2.12506058067083,0.62718548046218,fast,train,36_43
118128,-70.875,39.875,314.333333333333,7.50520341843367,35.22192039527,0.895677804946901,1.3916440308094,1.62409238517284,0.0730930864810944,fast,train,36_43
118133,-70.875,41.125,38.2,5.16455581784248,32.0920437946916,1.76007096767425,9.8414136081934,2.6032616853714,0.37958734035492,fast,train,36_43
118134,-70.875,41.375,31.75,6.06939910445362,32.0749534294009,1.42409044504166,13.6978972619399,1.41007441282272,0.385794684290886,fast,train,36_43
118384,-70.625,41.875,31.3333333333333,8.94653158262373,31.7865535151214,1.98186944921811,11.3023468628526,5.99570724864801,0.611548200249672,fast,train,36_43
118624,-70.375,39.875,348.333333333333,7.11358990520239,35.1715648546815,0.857171177864076,1.36039307713509,1.70287232100964,0.180685311555862,fast,train,36_43
118632,-70.375,41.875,33.8846153846154,9.34206555053019,31.6883367351973,1.79454296770004,11.9548701560841,2.97389214113355,0.416517758025573,fast,train,36_43
118880,-70.125,41.875,31.1666666666667,8.72525204345583,31.8731073988602,2.5524804227882,9.13829970359802,4.67911784682009,0.397080393301116,fast,train,36_43
119372,-69.625,40.875,38.6666666666667,11.1676687002182,33.0415424425155,2.49518422285716,9.26045512408018,5.90951546695496,0.50091999106937,slow,train,36_43
119620,-69.375,40.875,42.6,10.4141300797462,32.853785790503,2.98439342975617,8.90425122007727,6.66757279634476,0.452032214403152,slow,train,36_43
120128,-68.875,43.875,89.0,10.2118289843202,32.4640644248575,1.15624260902405,9.24051636457443,3.62628343701363,0.397200703620911,fast,train,37_44
120612,-68.375,40.875,51.7222222222222,8.06116927787661,33.3172263111919,1.75006645255619,8.78644163534045,1.93995397703515,0.248728218177954,slow,test,37_43
120613,-68.375,41.125,50.5,10.4684460509036,32.8113214645003,1.88845608915601,8.6078938224486,2.39463959847178,0.410444840788841,slow,test,37_43
120618,-68.375,42.375,202.571428571429,8.55608649232558,34.5617759706719,1.38540850366865,1.32875846219914,2.06821968300002,0.195115291646549,slow,train,37_44
120860,-68.125,40.875,57.3333333333333,9.47083957493305,33.5816352861002,1.27035639683406,8.76341033354401,1.84178996913963,0.269025679263804,slow,test,37_43
120868,-68.125,42.875,182.5,7.25934630632401,34.3623157124967,1.46526539325714,1.07632679119706,1.42982552945614,0.218087829649449,slow,train,37_44
121106,-67.875,40.375,174.888888888889,9.21505377441644,35.2977080270648,0.738041592968835,2.37275307253003,1.18952769537767,0.159522574394941,slow,test,37_43
121110,-67.875,41.375,39.4545454545455,11.0133893117309,32.8617760911584,2.38000136071985,10.3546972051263,4.30890243161808,0.346441911025481,slow,test,37_43
121111,-67.875,41.625,34.5333333333333,10.6565691187978,32.9391358885914,2.50065642197927,10.1281899377704,3.06476795276006,0.364529981215795,slow,test,37_43
121850,-67.125,40.375,333.0,6.8894619718194,35.0672932807356,0.984508872032166,0.9324015006423,2.38805350661278,0.177558481693268,slow,test,37_43
121858,-67.125,42.375,323.789473684211,8.70873778195758,34.8381635242779,1.08804606450231,1.879336236731,1.23536202115448,0.930275606481653,slow,train,37_44
121861,-67.125,43.125,204.444444444444,8.44134852290154,34.5121955033392,1.18363809585571,1.38391267508268,1.60046228435304,0.674818681346046,slow,train,37_44
122354,-66.625,42.375,303.0,8.78888517022133,34.9524419568479,1.29814030329386,2.11583605259657,1.38519294460615,0.945892870426178,slow,train,37_44
122356,-66.625,42.875,177.777777777778,8.68907743692398,34.5778102986514,0.944723556439081,2.04201381281018,1.32676229377588,0.51506135529942,slow,train,37_44
122363,-66.625,44.625,153.0,7.04815822094679,33.6873480118811,2.09967013200124,2.1453291401267,2.72876861691475,0.718409617741903,slow,train,37_44
122602,-66.375,42.375,250.1,9.33773004412651,34.9587999796495,1.14912309646606,2.24391613304615,1.04697489142418,1.04095335006714,slow,train,37_44
122605,-66.375,43.125,72.5,6.51957763731479,33.1362345954403,0.951522082090379,4.39576402679086,0.982871755957603,0.793386459350586,fast,train,37_44
122606,-66.375,43.375,70.1428571428571,5.13337462076119,32.7773151254015,0.685851237603596,4.53560855665377,1.01304540463856,0.733774772712163,fast,train,37_44
122850,-66.125,42.375,241.266666666667,9.42200995981693,34.9868261441589,0.970165685812633,2.44978179037571,1.11851246555646,1.04175447622935,slow,train,37_44
122858,-66.125,44.375,71.0,6.03982666879892,33.1263160798699,1.38525080680847,3.10776085406542,1.44862145185471,0.387859284877777,fast,train,37_44
123095,-65.875,41.625,171.833333333333,7.70098982937634,34.3320091371424,0.863321208291584,4.16589861363173,1.1057008004023,0.725034121837882,slow,train,38_43
123097,-65.875,42.125,209.4375,9.33262124564498,34.8919072217541,0.877625875174999,2.75843073567375,1.24286394938827,0.63496701978147,slow,train,38_44
123596,-65.375,42.875,123.727272727273,5.66235154867172,33.2045544404537,0.700908341191032,3.69258427619934,1.43674935265021,0.720483005046844,slow,train,38_44
123597,-65.375,43.125,124.285714285714,6.58790422018085,33.3916091227106,0.688465595245361,3.54377443875585,1.25681451388768,0.789622681481498,slow,train,38_44
123598,-65.375,43.375,129.0,4.72875150293112,33.0500198062509,0.723455607891083,3.14731284230947,0.800394356250763,0.888334214687347,slow,train,38_44
123844,-65.125,42.875,116.5,5.48683127760887,33.1804864341393,0.619855299592018,4.17273475974799,1.43172781914472,0.749463602900505,slow,train,38_44
123845,-65.125,43.125,140.5,4.77086704596877,33.0317087005824,0.473709970712662,3.74150822125375,1.34535165131092,0.878814369440079,slow,train,38_44
124093,-64.875,43.125,110.428571428571,4.86467222443649,32.9846230002919,0.569258042744228,3.45117256151778,0.959204588617597,0.714400947093964,slow,train,38_44
124102,-64.875,45.375,37.0,6.20609150826931,31.6148868994788,3.19080793857574,2.01348917931319,3.68461436033249,0.265751808881759,fast,train,38_45
124341,-64.625,43.125,117.833333333333,6.40104374662041,33.4358246298507,0.707016333937646,4.10986663028598,1.0046388109525,0.767275740702947,slow,train,38_44
124592,-64.375,43.875,144.666666666667,8.52110356092453,34.5525477547199,0.604850977659226,2.39509262144565,0.826812545458476,0.759115695953369,slow,train,38_44
124834,-64.125,42.375,1634.0,3.35541857779026,34.9345377646387,0.315877646207809,0.120120853185654,1.54182904958725,0.129010766744614,fast,train,38_44
125331,-63.625,42.625,877.75,4.54014711454511,34.9627673858777,0.320714060217142,0.356883449479937,1.01428289711475,0.59395158290863,slow,train,38_44
125333,-63.625,43.125,149.6,9.42401197403669,34.7181615326553,0.473152899742127,2.3379619717598,1.10920727849007,0.729382169246674,slow,train,38_44
125586,-63.375,44.375,141.0,4.76097904890776,33.5306863300502,0.594085156917572,2.453688159585,0.530426323413849,0.347039669752121,slow,train,38_44
126075,-62.875,42.625,1646.0,3.53047274798155,34.9406414665282,0.245839312672615,0.0937528610229492,1.58679537475109,0.377421796321869,fast,train,39_44
126076,-62.875,42.875,214.285714285714,6.65549835882017,35.07099909974,0.656263530254364,1.08349428113018,1.31521522785936,0.355906094823565,slow,train,39_44
126083,-62.875,44.625,75.0,4.65990174561739,33.3368937950581,0.482384622097015,2.6675618737936,0.713334649801254,0.125531300902367,slow,train,39_44
126571,-62.375,42.625,1191.0,4.12814723700285,34.955900721252,0.270643174648285,0.197027496993542,1.43980252742767,0.307749539613724,slow,train,39_44
127067,-61.875,42.625,1735.0,3.32026125490665,34.9391155410558,0.241583317518234,0.101809747517109,1.44424414634705,0.297726064920425,slow,train,39_44
127315,-61.625,42.625,1935.0,3.4279305562377,34.9391155410558,0.248465210199356,0.11865596473217,1.48632049560547,0.300429105758667,fast,train,39_44
127316,-61.625,42.875,755.0,4.50066837072372,34.94827109389,0.399592131376267,0.365489669144154,1.19595612287521,0.285487109422684,fast,train,39_44
127320,-61.625,43.875,51.0454545454545,4.86934750154615,33.1825672416016,0.790403488007459,2.49477162212133,1.38073167712851,0.422651662067933,fast,train,39_44
127813,-61.125,43.125,546.25,4.3779107183218,34.9063081433996,1.10178589075804,0.416943876072765,1.33366660773754,0.274396158754825,slow,train,39_44
127815,-61.125,43.625,53.2857142857143,5.43671116552182,32.041819047715,0.669128217867443,8.5469963167395,1.80223760221685,0.457377689225333,fast,train,39_44
128064,-60.875,43.875,39.75,3.38508256897331,32.1161534171552,1.81601443886757,7.67455060780049,2.52980391308665,0.468905285000801,fast,train,39_44
128563,-60.375,44.625,83.5833333333333,2.5786004383117,33.0999938654713,0.588387630879879,1.1576891373843,2.02541544412573,0.25899001210928,fast,train,39_44
128570,-60.375,46.375,78.0,1.69862973690033,31.9391460623592,0.855238020420074,7.2226325199008,2.83699417114258,0.0696411207318306,fast,train,39_45
128571,-60.375,46.625,78.5,1.69862973690033,31.9391460623592,0.835299670696259,7.2226325199008,2.58321678638458,0.0668972842395305,fast,train,39_45
128809,-60.125,44.125,85.2727272727273,3.8821791484952,33.0149235203862,0.855701814998279,4.12652418762445,1.85152241452174,0.283356319774281,fast,train,39_44
128813,-60.125,45.125,94.2,2.75554675608873,33.2169560529292,0.707392174005507,1.59174779355526,2.39734432250261,0.338165551424026,fast,train,39_45
128815,-60.125,45.625,168.0,3.45136877149343,33.6207159329206,0.672742903232574,1.96075319498777,1.42223465442657,0.1015754789114,slow,train,39_45
128820,-60.125,46.875,127.888888888889,3.25173702836037,33.5654435213655,0.894270817438762,1.71725618094206,2.75965833663941,0.0862904629773563,slow,train,39_45
128821,-60.125,47.125,212.909090909091,5.17161391675472,34.408370917663,0.799928822300651,0.860688552260399,2.87016471949491,0.109336974945935,slow,train,39_45
129056,-59.875,43.875,51.0769230769231,4.24511294582716,32.6598524008519,1.1545249246634,7.26714259214127,1.72117451062569,0.244608704860394,fast,validation,40_44
129057,-59.875,44.125,59.4285714285714,4.09330381878785,32.8749743556338,0.562770907367979,4.27287034903254,1.82669942293848,0.5446483535426,fast,validation,40_44
129061,-59.875,45.125,101.0,3.18146307393909,33.3895382238552,0.960569366812707,1.43485824018717,3.22210446745157,0.86365783214569,fast,train,40_45
129304,-59.625,43.875,69.0,7.48677023872733,34.1074861586094,0.530407711863518,4.52339243330061,1.6116318050772,0.229353666305542,fast,validation,40_44
129306,-59.625,44.375,92.0,3.23578602075577,33.1619210075587,0.443967401981354,2.39558091759682,1.43049258987109,0.574426710605621,fast,validation,40_44
129308,-59.625,44.875,178.25,3.11609242670238,33.3975493325852,0.576118424534798,1.34531693346799,1.74151592329144,0.348669156432152,slow,validation,40_44
129309,-59.625,45.125,92.25,1.88906523585319,33.0145420390182,1.95227220654488,1.1173436678946,3.05301770567894,0.884694710373879,fast,train,40_45
129310,-59.625,45.375,99.3333333333333,2.13296916335821,32.9396445304155,0.686549385388692,1.20999786257744,3.86067398885886,0.865168611208598,fast,train,40_45
129315,-59.625,46.625,151.0,3.62108656231846,33.4966799909515,0.652550058705466,1.99182975717953,2.97641726902553,0.198849697198187,slow,train,40_45
129553,-59.375,44.125,241.888888888889,4.65648367255926,33.5915538016707,1.14101858271493,4.73508916050196,2.04096957875623,0.307990312576294,slow,validation,40_44
129555,-59.375,44.625,100.0,2.74071476049721,33.2991271396168,0.783686183393001,1.3324991595,1.55210772156715,0.32321310788393,fast,validation,40_44
129801,-59.125,44.125,182.0,4.51447087526321,33.5510320030153,1.42452598280377,4.56475518643856,2.05414803160562,0.257691408197085,slow,validation,40_44
129807,-59.125,45.625,208.0,1.99893186986446,33.2667012233287,0.588834643363953,2.13068025559187,1.30550444126129,0.2411889731884,slow,train,40_45
129808,-59.125,45.875,174.5,4.45243691839278,33.9312417665496,0.569556176662445,2.1290322560817,2.37321013398468,0.249768190085888,slow,train,40_45
129810,-59.125,46.375,184.2,4.3912412032485,33.8651691935957,0.564144521951675,1.92559587210417,3.58759560585022,0.232154569029808,slow,train,40_45
130048,-58.875,43.875,162.5,4.29807429760695,34.8788414848968,0.630967438220978,0.885525070130825,1.71185794472694,0.17989944666624,slow,validation,40_44
130055,-58.875,45.625,158.0,3.79818111285567,33.6943418369628,1.03723772615194,2.01852473337203,2.03820845112205,0.205253617838025,slow,train,40_45
130057,-58.875,46.125,159.2,4.57361981570721,34.0287484042347,0.575783681869507,1.45111850202083,2.22258408069611,0.191140049695969,slow,train,40_45
130298,-58.625,44.375,65.2857142857143,5.57964242462601,33.5952111785965,0.551738355840955,4.41015132410186,1.65895073754447,0.193349985139711,fast,validation,40_44
130299,-58.625,44.625,67.0,2.79866940993816,32.7782143314835,0.610259268432856,2.93060090672225,1.56278695166111,0.302498821169138,fast,validation,40_44
130301,-58.625,45.125,93.5,2.95623647421598,33.0790123902261,0.688602238893509,1.55937375873327,2.57805912196636,0.701184988021851,fast,train,40_45
130302,-58.625,45.375,80.8,1.63139135688543,32.7817621082067,0.859197497367859,1.88208868503571,1.74587878584862,0.687987554073334,fast,train,40_45
130304,-58.625,45.875,243.5,5.38868375122547,34.0472121024505,0.593713030219078,1.82140568085015,1.65472781658173,0.209841698408127,slow,train,40_45
130305,-58.625,46.125,282.875,5.96667380165309,34.5103304833174,0.540358543395996,1.02679525036365,2.45635393261909,0.208964494988322,slow,train,40_45
130545,-58.375,44.125,275.294117647059,5.66662479279672,34.9447704413358,0.440881256671513,2.00362272472943,2.12943661914152,0.184848005280775,slow,validation,40_44
130549,-58.375,45.125,127.0,2.78254255758865,33.1550906744919,0.546178604875292,1.6688218531864,1.98563110402652,0.717449971607753,slow,train,40_45
130551,-58.375,45.625,149.666666666667,5.10498368740082,33.9960935991257,0.586534440517426,2.6990569755435,2.45660173892975,0.343940104047458,slow,train,40_45
130552,-58.375,45.875,197.142857142857,5.96469881811312,34.4015537960721,0.517923163516181,1.66369474359921,2.28710259710039,0.209294380886214,slow,train,40_45
130793,-58.125,44.125,203.5,6.43388166278601,34.9566636839882,0.505879402160645,2.14020203053951,1.10690313577652,0.180856876075268,slow,validation,40_44
130797,-58.125,45.125,98.8888888888889,2.4707887172699,33.0629053991288,0.462690502405167,1.52909939736128,1.32825093799167,0.72673683696323,fast,train,40_45
131041,-57.875,44.125,535.0,4.05160681530834,34.9177525844425,0.432691246271134,0.394421216100455,1.26645182073116,0.192532077431678,slow,validation,40_44
131042,-57.875,44.375,199.833333333333,4.42979218438268,34.3281095498241,0.46962119328479,1.66499831993133,1.32785126722107,0.190061429515481,slow,validation,40_44
131290,-57.625,44.375,311.933333333333,4.75121312588453,34.7805210202932,0.479907017946243,1.75884273648262,1.54413238267104,0.18454189201196,slow,validation,40_44
131294,-57.625,45.375,362.375,5.75609608646482,34.6646396967117,0.606834158301353,1.72060304414481,1.89575080573559,0.281973026692867,slow,train,40_45
131295,-57.625,45.625,443.0,4.85253457725048,34.7499007824808,0.461109220981598,1.95123142004013,1.28128385543823,0.285508513450623,slow,train,40_45
131538,-57.375,44.375,352.636363636364,4.78468360751867,34.7192435525358,0.478839522058314,1.29296381771565,1.34967145323753,0.195624362338673,slow,validation,40_44
131539,-57.375,44.625,145.6,7.31647695600987,34.6006652712822,0.474041384458542,3.91872310191393,1.36069006919861,0.224771553277969,slow,validation,40_44
131542,-57.375,45.375,441.0,5.73293253779411,34.8719748202711,0.655598819255829,0.562517166137695,1.17678189277649,0.598296284675598,slow,train,40_45
131786,-57.125,44.375,310.0,6.12881864234805,34.9444562802091,0.399066492915154,1.50407421961427,1.13506951928139,0.234955906867981,slow,validation,40_44
131787,-57.125,44.625,405.0,5.41578418761492,34.936063690111,0.683569252490997,0.74050111323595,1.15254341065884,0.244759425520897,slow,validation,40_44
131790,-57.125,45.375,443.0,4.85180213302374,34.8055970622226,0.55158931016922,1.44730979204178,1.75382655858993,0.590273827314377,slow,train,40_45
132036,-56.875,44.875,414.666666666667,5.05298014730215,34.8801130894571,0.584216376145681,1.24173711240291,1.14556710422039,0.15954560538133,slow,train,41_44
132618,-56.375,66.375,246.5,2.61748101934791,34.5194860361516,0.0,3.71275978535414,3.4814920425415,0.21987246721983,slow,train,41_52
132619,-56.375,66.625,305.0,3.91720329970121,34.6888637635857,0.0,2.59797967225313,2.69716638326644,0.260339081287384,slow,train,41_52
132867,-56.125,66.625,175.0,3.26752527058125,34.295174991712,0.0,1.76592303067446,1.54356110095978,0.238879159092903,slow,train,41_52
133114,-55.875,66.375,174.5,2.631397459656,34.2898342525586,0.0,2.69502853229642,3.42558979988098,0.196833401918411,slow,train,41_52
133359,-55.625,65.625,341.0,5.06860562413931,34.678182285279,0.0,2.46906948834658,1.12799572944641,0.212692767381668,slow,train,41_51
133607,-55.375,65.625,348.0,5.38868375122547,34.9299599882215,0.0,1.85747855901718,1.11442482471466,0.208713218569756,slow,train,41_51
133855,-55.125,65.625,170.0,5.17114781588316,34.5332193654031,0.0,5.17105624079704,1.57890045642853,0.210673257708549,slow,train,41_51
134099,-54.875,64.625,291.2,5.58717613667249,34.8783837072551,0.0,3.0244087010622,3.04427559375763,0.227013310790062,slow,train,41_51
134102,-54.875,65.375,178.0,5.17114781588316,34.5332193654031,0.0,5.17105624079704,2.08899140357971,0.202882125973701,slow,train,41_51
134348,-54.625,64.875,293.166666666667,5.07013154961169,34.7238328889944,0.0702675431966782,3.42606890760362,3.63914527495702,0.231634085377057,slow,train,41_51
134594,-54.375,64.375,295.25,4.9995727557689,34.9635303486139,0.0,2.50926236528903,4.39697942137718,0.228530690073967,slow,train,41_51
134595,-54.375,64.625,215.25,5.43116551637649,34.8223822424188,0.125045001506806,4.69331949390471,7.27015608549119,0.229477420449256,slow,train,41_51
134596,-54.375,64.875,191.5,5.02490311861038,34.5777255250141,0.0613130529721578,4.17981505393982,4.26567459106445,0.230077669024468,slow,train,41_51
134842,-54.125,64.375,196.1,5.49386274218559,34.7781304037199,0.0,4.08594011887908,5.10508191585541,0.22322483509779,slow,train,41_51
134843,-54.125,64.625,158.666666666667,5.49073764681816,34.7331156022847,0.0,5.34293648600578,3.53424143791199,0.230441321929296,slow,train,41_51
135090,-53.875,64.375,146.5,5.54530474171043,34.790846449323,0.0738088587919872,3.90612506121397,4.30798010031382,0.223579506079356,slow,train,42_51
135338,-53.625,64.375,108.375,4.9404278844595,34.5433286216576,0.0817215889692306,4.5469222040847,4.58147644996643,0.232469201087952,slow,train,42_51
135585,-53.375,64.125,281.888888888889,5.64121424406767,34.9163962062448,0.0,3.50173446536064,4.40402054786682,0.21093293858899,slow,train,42_51
135832,-53.125,63.875,179.4,4.96122930049896,34.7941526211798,0.0,3.99387187957764,3.99829320907593,0.241887038946152,slow,train,42_51
135833,-53.125,64.125,283.470588235294,5.00384893750443,34.7098676789114,0.0294925079626195,4.37036544610472,3.68532507559832,0.252670409048305,slow,train,42_51
136079,-52.875,63.625,276.2,5.54528032690286,34.9061555508524,0.345184576511383,3.44029053300619,3.17311611175537,0.202975770831108,slow,train,42_51
136081,-52.875,64.125,227.2,5.2881924033165,34.7956785466522,0.136653792858124,4.34280830919743,4.06879425048828,0.270898395776749,slow,train,42_51
136326,-52.625,63.375,193.25,5.07638784404844,34.9149550544098,0.164232964937886,3.41676076222211,4.7250687032938,0.239002324640751,slow,train,42_51
136327,-52.625,63.625,185.0,5.56208992190659,34.8982970346697,0.10189288854599,4.00903347507119,3.57446777820587,0.23160445690155,slow,train,42_51
136573,-52.375,63.125,273.428571428571,5.0010114855,34.9781356352781,0.0653534403869084,2.21784111857414,3.01127530847277,0.253486062799181,slow,train,42_51
136574,-52.375,63.375,92.4,5.35147558450699,34.6555985882878,0.069594407081604,4.01613818407059,2.64281289577484,0.305021005868912,slow,train,42_51
136575,-52.375,63.625,227.5,4.85573902074248,34.4626453123055,0.104546476155519,4.78194524534047,2.84394486248493,0.275034293532372,slow,train,42_51
136821,-52.125,63.125,191.384615384615,4.73134322865651,34.9634129697314,0.213908438499157,2.57831636185829,5.23639158560679,0.263149256889637,slow,train,42_51
137068,-51.875,62.875,155.333333333333,5.68825343996286,34.9383525783196,0.22700268526872,3.7182531170547,5.54504887262981,0.267103493213654,slow,train,42_50
137315,-51.625,62.625,806.285714285714,4.93341734686068,34.8126817162016,0.124544609870229,2.50914465103831,5.35628257478987,0.309018394776753,slow,train,42_50
137316,-51.625,62.875,120.166666666667,5.49183631315827,34.8544266773388,0.171543175975482,3.12656025588513,3.34512615203858,0.317220871647199,slow,train,42_50
137317,-51.625,63.125,331.222222222222,5.72780542820692,34.7870316356421,0.133937943312857,4.21334472298622,3.9154956208335,0.378241151571274,slow,train,42_51
137563,-51.375,62.625,105.166666666667,5.44508195668459,34.7123884479515,0.102083201209704,4.05206457339227,4.34902067979177,0.347520731389523,slow,train,42_50
138303,-50.625,61.625,245.666666666667,6.10599079728127,34.7366760950536,0.187361419200897,4.31165501475334,4.27694058418274,0.264498268564542,slow,train,43_50
138304,-50.625,61.875,188.727272727273,5.06953782588243,34.8137122113258,0.206927248022773,2.82869960367679,4.31340776790272,0.30785336819562,slow,train,43_50
138305,-50.625,62.125,253.387096774194,5.29623038802416,34.8836407666245,0.152653326911311,3.09812094295217,4.24704137540633,0.405432946258975,slow,train,43_50
138550,-50.375,61.375,245.333333333333,6.11233864724636,34.7997476812452,0.225296636422475,3.7874690964818,3.60491204261779,0.228067378203074,slow,train,43_50
138551,-50.375,61.625,142.266666666667,5.22608113288879,34.8524429742247,0.16727766195933,2.55833002477884,4.12216688791911,0.227698503931364,slow,train,43_50
138552,-50.375,61.875,140.5,5.45973084121943,34.6339304465801,0.151900351047516,4.68947416171432,4.28611207008362,0.39875191450119,slow,train,43_50
138553,-50.375,62.125,292.833333333333,5.45936461910605,34.7190007916652,0.100321757296721,4.15991698578,2.8132121860981,0.484657101333141,slow,train,43_50
138798,-50.125,61.375,202.571428571429,3.88105194536703,34.9318128977237,0.129664755293301,0.571986623640571,3.85374504327774,0.234302011983735,slow,train,43_50
139046,-49.875,61.375,148.75,4.09601124655456,34.9402599851601,0.127700366079807,0.760917996056378,4.02861768007279,0.263748541474342,slow,train,43_50
139292,-49.625,60.875,240.0,4.50535601377487,34.9574266467243,0.114174753427505,0.958037048578262,4.06168270111084,0.304616868495941,slow,train,43_50
139293,-49.625,61.125,156.0,5.00415053218603,34.9879451561719,0.0,0.930936612188816,3.39862370491028,0.351207882165909,slow,train,43_50
139540,-49.375,60.875,254.909090909091,4.5251542031765,34.9689404480159,0.129321944532972,0.942411571741103,4.17720812017267,0.305003441644438,slow,train,43_50
139541,-49.375,61.125,154.0,4.6878973916173,34.9796373397112,0.196884797679053,1.17744478583336,4.67204917801751,0.341675682200326,slow,train,43_50
139788,-49.125,60.875,146.5,5.45149084366858,35.0099439150654,0.170978127668301,1.86590166762471,3.95578509569168,0.327043950557709,slow,train,43_50
140035,-48.875,60.625,235.5,4.20697654690593,34.9499877600465,0.412246139254421,0.486251411028206,3.76424983143806,0.294676661491394,slow,train,43_50
140283,-48.625,60.625,177.0,5.95549094783408,34.7980764295374,0.303204991189497,3.71485248314483,5.1676779133933,0.303059037242617,slow,train,43_50
140530,-48.375,60.375,508.421052631579,4.07483300723528,34.948351405757,0.407600662425945,0.613788262009621,4.28452063234229,0.545433574601224,slow,train,43_50
140778,-48.125,60.375,1286.0,3.86710411459207,34.9320962838828,0.402417011186481,0.408410900831223,3.4618315577507,0.492771369218826,slow,train,43_50
141521,-47.375,60.125,247.769230769231,5.31008685150972,35.0177593923245,0.39012613434058,1.45778937867055,3.62313330173492,0.545375713935265,slow,train,44_50
141769,-47.125,60.125,384.1,5.44288462400436,35.0267036631703,0.400941352546215,1.62536698356271,3.89035746455192,0.660561347007752,slow,train,44_50
141770,-47.125,60.375,111.0,6.3272377833724,34.855189640075,0.421062588691711,4.96714376807213,4.67615697383881,0.73896849155426,slow,train,44_50
142264,-46.625,59.875,276.0,5.00268564373255,35.0001525599509,0.0,1.07815790176392,3.19696235656738,0.758817374706268,slow,validation,44_49
142265,-46.625,60.125,113.0,6.7910005407674,34.9175345950893,0.376960124288287,3.66138405459268,4.09407946041651,0.882508907999311,slow,train,44_50
142266,-46.625,60.375,119.25,6.49632253311574,35.0115970009938,0.37557789683342,2.89370402880013,3.73803746700287,0.88863417506218,slow,train,44_50
142513,-46.375,60.125,157.6,5.14258249104023,35.005951076746,0.355688071250916,0.879079560935499,2.42371318340302,0.759771049022675,slow,train,44_50
142761,-46.125,60.125,110.0,4.75846781155893,34.1029083821923,0.523967346974782,4.47816400229931,4.32002397945949,0.939468996865409,slow,train,44_50
143008,-45.875,59.875,126.428571428571,4.06390141482864,33.8622481362628,0.422583950417382,4.55276867853744,3.48000311851501,0.934818514755794,slow,validation,44_49
143009,-45.875,60.125,104.0,5.83474228531122,34.2219305690378,0.50460809469223,3.71788689494133,2.39704751968384,1.14492774009705,slow,train,44_50
143256,-45.625,59.875,131.333333333333,4.24777979403734,33.6924344301223,0.422669614354769,5.16251105815172,5.80305520693463,1.26279401779175,slow,validation,44_49
143503,-45.375,59.625,140.25,4.14993745274842,33.8236640207469,0.536290369927883,5.51786858215928,2.52338767051697,0.828932583332062,slow,validation,44_49
143504,-45.375,59.875,130.888888888889,3.03631704300642,33.5003373678774,0.450032941169209,5.12238939106464,3.85302432378133,0.91690550910102,slow,validation,44_49
143751,-45.125,59.625,141.0,4.34013752319983,33.5790799664599,0.480731529848916,5.19051833025047,2.42144288335528,0.81213527917862,slow,validation,44_49
143999,-44.875,59.625,144.333333333333,4.61375775933266,33.6631875252351,0.465305519600709,5.10574663057923,2.77960379918416,1.0472996433576,slow,train,45_49
144247,-44.625,59.625,158.7,5.6385204769671,34.9003570340574,0.374453061819077,1.94441968873143,2.61844758987427,0.788376528024674,slow,train,45_49
144495,-44.375,59.625,147.666666666667,4.65111241489649,33.6461480241269,0.479354013999303,4.98745688796043,2.49821039040883,0.358771950006485,slow,train,45_49
144743,-44.125,59.625,145.8,4.83056125044823,33.8105410616845,0.415485244989395,4.90210272073746,3.13186359405518,0.358771950006485,slow,train,45_49
146978,-41.875,60.375,250.8,4.9716300085187,34.9967955239117,0.230264240503311,0.830884730815887,1.98057229518891,0.119108520448208,slow,train,46_50
147230,-41.625,61.375,160.777777777778,5.97227903455496,34.9759072996676,0.380743385913471,2.03814813494682,2.05955530537499,0.122254308727053,slow,train,46_50
147477,-41.375,61.125,387.571428571429,5.43320589672242,35.0211885325345,0.51068933361343,0.931407469191722,2.19640842505864,0.123243604387556,slow,train,46_50
147729,-41.125,62.125,360.666666666667,5.61020743846893,35.0240587256849,0.361264641914103,1.31490015238523,1.39054790470335,0.154297831985685,slow,train,46_50
147977,-40.875,62.125,242.857142857143,5.16743327730468,35.0103980595512,0.411739071565015,0.952909938991069,2.02579590252468,0.145232854144914,slow,train,46_50
148226,-40.625,62.375,180.9375,5.60686057526618,35.0153164443327,0.399244549684227,1.26918851165101,2.11670622229576,0.183553403243422,slow,train,46_50
148227,-40.625,62.625,222.631578947368,5.29840036285551,35.0164558689453,0.391279488801956,0.942925567689695,1.86486024291892,0.178073402298124,slow,train,46_50
148474,-40.375,62.375,373.857142857143,4.89423158073,34.9971007090062,0.452882059982845,0.839747305959464,2.30407576901572,0.161190658807755,slow,train,46_50
149471,-39.375,63.625,186.0,5.1406781360507,35.0158695923164,0.578560760617256,0.882668537646532,4.26047170162201,0.141164594888687,slow,train,46_51
149718,-39.125,63.375,374.625,5.12005983106792,35.0173192215152,0.447579091414809,0.906582841649651,4.37262561917304,0.129498429596424,slow,train,46_51
149719,-39.125,63.625,191.461538461538,5.17762713019664,35.0168203612646,0.508304453813113,0.906371559661169,4.63529275013851,0.138709008693695,slow,train,46_51
150216,-38.625,63.875,266.0,5.16931670531631,34.9955747835338,0.286584198474884,1.70549638196826,9.19265699386597,0.157058477401734,slow,train,47_51
150463,-38.375,63.625,230.25,5.07171851210296,35.0207525538281,0.36822628043592,0.97378459945321,3.77496857941151,0.0964485108852386,slow,train,47_51
150464,-38.375,63.875,241.5,5.20557269454002,34.9909970071166,0.252094566822052,1.50077822059393,6.48423528671265,0.117413651198148,slow,train,47_51
150959,-37.875,63.625,242.0,4.9731437265873,34.9757377523929,0.257747938235601,1.18704794347286,5.41847157478333,0.146408264835675,slow,train,47_51
151207,-37.625,63.625,226.285714285714,5.14619239472917,35.0062562618404,0.376221326845033,0.811600520674672,4.88552391529083,0.285361677408218,slow,train,47_51
151455,-37.375,63.625,288.0,5.56007570028305,35.0428784731776,0.448534697294235,0.995391704142094,5.50041437149048,0.262175023555756,slow,train,47_51
151458,-37.375,64.375,184.666666666667,4.70746179074049,34.993133302778,0.401510550578435,0.606366160511971,3.88076486587524,0.205000102519989,slow,train,47_51
151706,-37.125,64.375,187.222222222222,4.71096124649048,34.9971685279161,0.325007849269443,0.482273831963539,4.46387580235799,0.192863498131434,slow,train,47_51
152200,-36.625,63.875,399.7,4.25757013186812,35.0044251512736,0.290931528806686,0.529044464975595,3.07650640010834,0.291706719994545,slow,train,47_51
152448,-36.375,63.875,397.142857142857,4.72268267933812,35.0247853568622,0.390360295772552,0.698751792311668,2.23948236874172,0.322633351598467,slow,train,47_51
152449,-36.375,64.125,369.0,4.50257272571325,35.0129703339189,0.483497953414918,0.779320657253266,3.44052627086639,0.324410015344619,slow,train,47_51
152453,-36.375,65.125,223.0,5.23230690881609,35.0115970009938,0.435026645660401,1.02761925011873,1.12685108184815,0.28123664855957,slow,train,47_51
152697,-36.125,64.125,385.5,4.5024262368679,35.0111392233521,0.421782577037811,0.72629169523716,2.40785393714905,0.307380974292756,slow,train,47_51
152698,-36.125,64.375,272.8,4.78295237571001,35.0120547786355,0.348903739452362,0.867799919843673,3.89979691505432,0.306452655792237,slow,train,47_51
152700,-36.125,64.875,191.625,5.33951843250543,35.0056840397883,0.261153034865856,0.957670826464894,5.82658940553665,0.155255081132054,slow,train,47_51
152946,-35.875,64.375,290.2,4.88556781187654,35.027771811001,0.449910861253738,0.857179478555918,3.64210689067841,0.261182069778442,slow,test,48_51
153194,-35.625,64.375,352.571428571429,4.30236432807786,34.999062613185,0.415820445333208,0.664013008986201,3.00336538042341,0.266273724181311,slow,test,48_51
153442,-35.375,64.375,363.0,4.2196295209229,35.0030518183485,0.366747632622719,0.523404644429684,3.89122089147568,0.32013081908226,slow,test,48_51
153445,-35.375,65.125,300.5,5.04699851945043,35.0169377401471,0.377223640680313,0.787743765860796,2.11131179332734,0.109863243997097,slow,test,48_51
153690,-35.125,64.375,376.857142857143,4.74151695945433,35.0263112823346,0.224814023290362,0.750336792852197,3.56400987080166,0.296642571687698,slow,test,48_51
153691,-35.125,64.625,383.294117647059,4.43211159110069,35.0119111621204,0.269739510381923,0.701595399309607,3.83869299467872,0.0879984905614572,slow,test,48_51
153692,-35.125,64.875,384.0,4.64012575149536,35.0362661294639,0.0,0.836695455014705,2.70713782310486,0.0912024974822998,slow,test,48_51
153693,-35.125,65.125,306.0,5.45680106431246,35.0138858892024,0.0,0.608661152422428,2.70499587059021,0.135808274149895,slow,test,48_51
153694,-35.125,65.375,284.0,4.54710533469916,34.9894710816443,0.0,0.836451306939126,2.51212000846863,0.213763527572155,slow,test,48_51
153940,-34.875,64.875,339.0,4.58885465562344,35.0199895910919,0.0,1.07449568063021,1.94119942188263,0.396090716123581,slow,test,48_51
154189,-34.625,65.125,341.75,4.67058322392404,35.0250760093331,0.115683267513911,0.900296028703451,3.67279740174612,0.391358777880669,slow,test,48_51
154190,-34.625,65.375,284.333333333333,4.8925748616457,35.0052389781922,0.022497870028019,0.872829370200634,2.58530076344808,0.163588851690292,slow,test,48_51
154438,-34.375,65.375,251.666666666667,4.91747796535492,35.0011698435992,0.0233963529268901,1.00271614640951,2.29103446006775,0.151937996347745,slow,test,48_51
154439,-34.375,65.625,294.0,4.53831600397825,34.9909970071167,0.0888703614473343,1.36454359441996,3.121830701828,0.131447121500969,slow,test,48_51
154685,-34.125,65.125,359.333333333333,4.56850898265839,35.0171072874218,0.264656712611516,0.855901770293713,2.11421177122328,0.102801525758373,slow,test,48_51
154933,-33.875,65.125,349.909090909091,4.97585155069828,35.0277579389512,0.172436389056119,1.13968321681023,3.23754998770627,0.147835149683736,slow,test,48_51
154934,-33.875,65.375,191.0,3.79708244651556,34.9833673797548,0.0,1.28543961793184,4.66857481002808,0.425584971904755,slow,test,48_51
155182,-33.625,65.375,268.0,3.09613332152367,34.9787896033376,0.0666918754577637,1.00344859063625,3.31271862983704,0.39130911231041,slow,test,48_51
155183,-33.625,65.625,287.0,3.79708244651556,34.9833673797548,0.193893030285835,1.28543961793184,3.43196821212769,0.199513107538223,slow,test,48_51
155430,-33.375,65.375,310.777777777778,4.37701550871134,35.0210068747401,0.343295299344592,0.87933998554945,2.41597412692176,0.316417445739111,slow,test,48_51
155926,-32.875,65.375,406.5,4.22849209606647,35.0001525599509,0.452552050352097,1.00930814445019,1.61216819286347,0.387682288885117,slow,test,49_51
156174,-32.625,65.375,396.7,4.30063785240054,35.0140384817496,0.139657878875732,1.0546464420855,2.23705385923386,0.389767733216286,slow,test,49_51
156175,-32.625,65.625,312.9,3.88592793121934,35.0047303363681,0.292847514152527,1.05699026361108,2.13357565402985,0.367066460847855,slow,test,49_51
156423,-32.375,65.625,279.416666666667,3.88027590326965,35.0105797173455,0.188180352250735,1.08114871568978,1.7320667852958,0.408536732196808,slow,test,49_51
157414,-31.375,65.375,432.555555555556,3.36062707006931,34.9911665543914,0.31173574924469,1.09158604592085,1.70503316985236,0.334250807762146,slow,test,49_51
157662,-31.125,65.375,437.0,3.47407454252243,34.9887081189081,0.0,1.3224280513823,1.76145046949386,0.334488421678543,slow,test,49_51
158158,-30.625,65.375,395.5,3.2140568420291,34.9875636748038,0.24540188908577,1.08676412142813,1.90802985429764,0.283026725053787,slow,test,49_51
158159,-30.625,65.625,401.0,3.67256692796946,34.9971007090061,0.328087002038956,1.14481032639742,1.74870049953461,0.290591448545456,slow,test,49_51
158406,-30.375,65.375,390.6,4.21940978765488,35.011139223352,0.264652371406555,0.697433392703533,1.8214653968811,0.289808928966522,slow,test,49_51
158654,-30.125,65.375,389.428571428571,4.04653202316591,35.009090123432,0.143220969608851,0.662338850753648,1.53063339846475,0.297994515725544,slow,test,49_51
158655,-30.125,65.625,383.181818181818,3.37313041090965,34.9836448207498,0.137186421589418,1.00391469150782,1.62907665426081,0.385888343507593,slow,test,49_51
159151,-29.625,65.625,357.181818181818,3.15759205073118,34.9880838766694,0.0908049913969906,1.16378729045391,1.84653851118955,0.348135414448651,slow,train,50_51
159152,-29.625,65.875,326.125,3.19739373587072,34.9885173782241,0.107917360961437,1.14471877086908,2.2143504396081,0.308301657438278,slow,train,50_51
161627,-27.125,64.625,375.8,6.73894468322396,35.1676991768181,0.101051785051823,0.659492781758309,1.77261486053467,0.22344183921814,slow,train,50_51
161629,-27.125,65.125,253.403846153846,6.44129061784882,35.1638374115842,0.135834321093101,1.20732162405665,2.2520877627226,0.826743124769285,slow,train,50_51
161877,-26.875,65.125,265.428571428571,6.15502968217646,35.1699662660914,0.0913074570042746,1.49962723680905,2.70979256289346,1.04607003075736,slow,train,51_51
162121,-26.625,64.125,392.636363636364,6.78938345611095,35.1874252315611,0.122029935771769,0.929405137896538,1.94232454625043,0.806153189052235,slow,train,51_51
162367,-26.375,63.625,289.375,6.8315988779068,35.1790673215874,0.128114178776741,0.586504714563489,1.68301986157894,1.0277441740036,slow,train,51_51
162368,-26.375,63.875,411.5,7.07257302850485,35.1786858402193,0.0,0.803491316735744,1.24327898025513,1.07926714420319,slow,train,51_51
162369,-26.375,64.125,390.833333333333,6.94960378110409,35.1919105276465,0.132698086400827,0.872503839433193,2.22780545552572,1.01062488555908,slow,train,51_51
162370,-26.375,64.375,193.727272727273,6.28972332179546,35.1764663122594,0.156102993271568,1.20533685386181,2.22062477198514,0.941309332847595,slow,train,51_51
162373,-26.375,65.125,162.019230769231,5.46012523426459,35.1486955357429,0.168635164029323,2.08301503899006,2.80683005314607,1.18326236651494,slow,train,51_51
162374,-26.375,65.375,211.525,5.62577594742179,35.1507232559379,0.167600085865706,1.92323373947293,2.82326813042164,1.20744275152683,slow,train,51_51
162375,-26.375,65.625,278.295454545455,5.70023889094591,35.1507336599752,0.172832667150281,1.85265108570457,2.57651816714894,1.24743761799552,slow,train,51_51
162615,-26.125,63.625,279.0,6.9636829867959,35.1797031238675,0.108583415548007,0.743186742067337,2.39027230938276,1.0277441740036,slow,train,51_51
162618,-26.125,64.375,272.0,6.58087758490672,35.1865502253461,0.156848761897821,1.05409992600863,2.37735031201289,0.993832510251265,slow,train,51_51
162619,-26.125,64.625,167.84,6.29823299199343,35.1771599147469,0.176079886257649,1.18954801976681,2.46408564567566,1.09412895679474,slow,train,51_51
162620,-26.125,64.875,155.875,5.73705253656953,35.1584673277102,0.227473450358957,1.79393902234733,3.06548064947128,1.0056403875351,slow,train,51_51
162621,-26.125,65.125,157.340909090909,5.4788742698729,35.1495545357466,0.183415368707343,2.05806839838624,2.55488756569949,1.10172515023838,slow,train,51_51
162622,-26.125,65.375,171.869565217391,5.44454058486482,35.1473048511569,0.218560904102481,2.11357927516751,3.09700338218523,1.20078158378601,slow,train,51_51
162623,-26.125,65.625,237.5,5.51612904667854,35.1680043619126,0.110463233664632,2.07574693858624,2.70878124237061,1.2337566614151,slow,train,51_51
162625,-26.125,66.125,246.225806451613,5.87474319098457,35.1430480969289,0.106378319703283,1.85561200760065,2.63321844608553,1.00950339532668,slow,validation,51_52
162866,-25.875,64.375,221.0,6.32242806628346,35.1758883101866,0.215245716273784,1.21036408469081,2.08729980389277,1.26602451006572,slow,train,51_51
162869,-25.875,65.125,153.875,5.27640005126595,35.1384014077485,0.214941595122218,2.26728110387921,2.70143268108368,1.03333860635757,slow,train,51_51
162870,-25.875,65.375,231.3,5.09819637089968,35.1287880772725,0.284691573679447,2.49104281514883,3.30297400951385,1.11108384132386,slow,train,51_51
163117,-25.625,65.125,136.307692307692,5.11480595228764,35.1285650573958,0.3135158683245,2.4423634450023,2.69759540374462,1.01711495106037,slow,train,51_51
163118,-25.625,65.375,123.454545454545,5.06261289864779,35.1268043741584,0.303176725452597,2.50083093345165,2.82216753742912,1.01088047027588,slow,train,51_51
163119,-25.625,65.625,193.5,4.97829525098205,35.1249732635915,0.204349506646395,2.66411938592792,2.75345221757889,1.05668746232986,slow,train,51_51
163121,-25.625,66.125,314.714285714286,5.42279472521373,35.1089292471962,0.209680382783214,2.35794723566089,2.98086128916059,0.975632426284608,slow,validation,51_52
163359,-25.375,63.625,223.727272727273,7.02256706357002,35.2053201757371,0.151580412279476,0.841178901493549,2.16459133408286,1.12751150131226,slow,train,51_51
163360,-25.375,63.875,208.0,6.6895046979189,35.2224290370941,0.268297880887985,1.06839197874069,2.05836955706279,1.13677203655243,slow,train,51_51
163361,-25.375,64.125,204.3125,6.44257943797856,35.1828821352683,0.160683975555003,1.27857295330614,2.79552544653416,1.23559817671776,slow,train,51_51
163362,-25.375,64.375,189.95652173913,6.00387321088625,35.1735109625303,0.226781256172968,1.46049378812313,2.60605510421421,1.27119702878205,slow,train,51_51
163367,-25.375,65.625,169.826086956522,4.81817338939594,35.1122085652921,0.255151022387587,2.81296797550243,2.53549577360568,1.01945619997771,slow,train,51_51
163369,-25.375,66.125,228.181818181818,5.3455361276865,35.1143426494673,0.17648141554585,2.4901217110455,3.11165611310439,1.00275120680983,slow,validation,51_52
163607,-25.125,63.625,233.545454545455,6.97642307728529,35.2065686602145,0.114964630793441,0.94711697101593,2.29169583320618,1.11660872806202,slow,train,51_51
163609,-25.125,64.125,233.53125,6.24465927458368,35.1831205611234,0.222308846656233,1.3264336057473,2.76181163266301,1.24393593519926,slow,train,51_51
163613,-25.125,65.125,103.433333333333,5.0585955530405,35.1140883285552,0.314684554934502,2.58953214883804,2.7340619246165,0.999261895815531,slow,train,51_51
163614,-25.125,65.375,108.825581395349,4.65847092433724,35.0968181642942,0.335119395408519,3.06965672068818,2.51126571588738,1.03182242914688,slow,train,51_51
163615,-25.125,65.625,122.0,4.34788050502539,35.0703451316804,0.326604373075745,3.51200348138809,2.05289137363434,1.04380440711975,slow,train,51_51
163618,-25.125,66.375,271.488636363636,4.81870897114277,35.1044356939383,0.220091067593206,3.05878696963191,2.80583707581867,1.04281389713287,slow,validation,51_52
163853,-24.875,63.125,300.25,7.05059970170259,35.2229376789182,0.138640586286783,0.649311807006598,3.23037552833557,1.01636230945587,slow,train,51_51
163861,-24.875,65.125,117.75,5.18634603358805,35.149311774876,0.357096344232559,2.50440992228687,4.12146013975144,0.937407732009888,slow,train,51_51
163863,-24.875,65.625,104.5,3.66707359626889,34.9650562740863,0.50852710008621,4.64918972924352,1.38546961545944,1.10661113262177,slow,train,51_51
163865,-24.875,66.125,119.444444444444,4.15500352531672,35.0622068624944,0.425733854373296,3.65009511262178,3.19578562842475,0.908362315760719,slow,validation,51_52
163866,-24.875,66.375,295.0,4.8019959256053,35.0871303118765,0.25425112247467,2.5606250166893,3.63738441467285,0.934614717960358,slow,validation,51_52
164101,-24.625,63.125,304.611111111111,7.23444320261478,35.212595295161,0.181653983063168,0.818465732038021,2.05833697319031,0.996421575546265,slow,train,51_51
164102,-24.625,63.375,427.909090909091,6.89731910079718,35.2087881881744,0.187388692389835,1.26999170333147,3.19916008819233,1.00099538673054,slow,train,51_51
164105,-24.625,64.125,189.285714285714,6.4476411507598,35.1926371588238,0.176709465150322,1.40456643966692,2.93643287249974,1.12260365486145,slow,train,51_51
164107,-24.625,64.625,148.944444444444,6.00808741897345,35.1720734965056,0.222247483001815,1.61967833340168,2.73376348283556,1.10121762752533,slow,train,51_51
164109,-24.625,65.125,101.5,5.2361099846088,35.1057935541926,0.44336775289132,2.66553356670416,3.06769890051622,0.958685265137599,slow,train,51_51
164111,-24.625,65.625,92.3421052631579,3.9747965457408,35.0272979709859,0.523755122172205,4.63957158005551,1.48777904008564,1.60339585103487,slow,train,51_51
164113,-24.625,66.125,128.107142857143,3.87105931341648,35.0492001644203,0.410836525261402,3.88415173441172,3.03076991013118,0.914021866662162,slow,validation,51_52
164114,-24.625,66.375,214.214285714286,3.98741331057889,35.0430964625308,0.29749622302396,3.66647628588336,2.84465948740641,0.956029108592442,slow,validation,51_52
164350,-24.375,63.375,278.611111111111,6.94838304072618,35.2132734842598,0.143402094642321,1.31254005432129,3.59019298023648,0.998895724614461,slow,train,51_51
164353,-24.375,64.125,191.990384615385,6.25053115318028,35.1828821352683,0.184932482213928,1.51225787530152,3.07701865755595,1.08612441328856,slow,train,51_51
164354,-24.375,64.375,230.924242424242,6.16438657790423,35.1780847180635,0.253201854048353,1.60254357755184,2.8524036840959,0.97825121157097,slow,train,51_51
164355,-24.375,64.625,151.5,5.42970062792301,35.1222265977412,0.245357230305672,2.57014679163694,2.97496318817139,1.10121762752533,slow,train,51_51
164357,-24.375,65.125,102.136363636364,4.83352432027459,35.075616510585,0.430099555037238,3.15067542716861,3.23150807077234,0.909605145454407,slow,train,51_51
164360,-24.375,65.875,85.4230769230769,3.36296838751206,35.0224545476242,0.528520469482128,5.69717656305203,1.57101663259359,0.634319076171288,slow,train,51_51
164362,-24.375,66.375,148.092307692308,4.35203853455874,35.0236283364491,0.247366263029667,3.24839014559984,2.95945127193744,0.934807607760796,slow,validation,51_52
164363,-24.375,66.625,237.409090909091,4.63406644016504,35.01180508174,0.239041249860416,2.98810610175133,3.39608875187961,0.920870184898376,slow,validation,51_52
164598,-24.125,63.375,197.344827586207,6.73862897450554,35.2055210812852,0.207096527876525,1.44283935658891,3.41720384564893,0.9969835528012,slow,train,51_51
164599,-24.125,63.625,284.090909090909,6.75892043486238,35.2049733744934,0.221747953783382,1.43842058256269,4.0396393104033,1.06766772270203,slow,train,51_51
164602,-24.125,64.375,139.269230769231,6.01013450668408,35.163778722143,0.275000077600663,1.79922107205941,2.93801322350135,0.940800121197334,slow,train,51_51
164603,-24.125,64.625,210.388888888889,5.87494533509016,35.1702084764838,0.247982030113538,1.83273822069168,3.04614321390788,0.936664369371202,slow,train,51_51
164609,-24.125,66.125,93.4393939393939,3.77985890954733,35.0241049658507,0.374503703731479,3.78034441173077,2.69913559248953,0.810599944808267,slow,validation,51_52
164610,-24.125,66.375,188.145833333333,4.6151310922578,35.0121692230459,0.236988922813907,3.00680562481284,3.25195563832919,0.955184785028298,slow,validation,51_52
164611,-24.125,66.625,196.833333333333,4.68456070125103,35.0108340382576,0.286163109872076,2.93824070692063,3.77898123529222,0.9364914894104,slow,validation,51_52
164846,-23.875,63.375,148.0,7.1575365588069,35.2687154430896,0.324594706296921,1.37992492318153,4.22626781463623,0.903987765312195,slow,test,52_51
164849,-23.875,64.125,291.5,6.35551013052464,35.2320932317525,0.2614805996418,1.73296304047108,4.94051599502563,0.962600111961365,slow,test,52_51
164857,-23.875,66.125,106.0,3.56563007086515,34.9162266589701,0.0,3.22348704189062,3.2856171131134,0.607111513614655,slow,train,52_52
165093,-23.625,63.125,382.863636363636,5.58065072447062,35.1180649828166,0.131040351211347,0.684835352003575,2.32179798863151,1.0840601270849,slow,test,52_51
165105,-23.625,66.125,95.2,3.30843228064477,34.9845118238591,0.476796585321426,3.86587725095451,2.06924788951874,0.592566479742527,slow,train,52_52
165107,-23.625,66.625,174.696428571429,3.85743061905461,34.9961742542551,0.25326590399657,3.25296792201698,3.3456492296287,1.03843379872186,slow,train,52_52
165108,-23.625,66.875,220.722222222222,4.07077243924141,34.9499665666372,0.153754213617908,2.78239285200834,3.4770319196913,1.09280239211189,slow,train,52_52
165109,-23.625,67.125,247.727272727273,2.62170922011137,34.9059613421559,0.133593233471567,2.15531701594591,2.75779129158367,0.710826326500286,slow,train,52_52
165343,-23.375,63.625,131.192307692308,6.75829811336902,35.1965274303578,0.21165743470192,1.53306210843416,3.72876728498019,1.04407912034255,slow,test,52_51
165344,-23.375,63.875,132.0,6.31213315576315,35.1580010727048,0.316288044055303,1.84909614175558,5.25013661384582,0.941289014286465,slow,test,52_51
165345,-23.375,64.125,114.3125,5.96481980220415,35.1350062235724,0.530594712123275,2.12193670263514,3.69844791293144,1.07907822728157,slow,test,52_51
165346,-23.375,64.375,122.772727272727,5.99221779406071,35.1555195171386,0.519131191752173,2.02447584271431,3.12330239469355,1.11270545829426,slow,test,52_51
165353,-23.375,66.125,135.458333333333,3.45527514070272,34.9893439211883,0.401654521624247,3.71416363678873,2.20053359866142,0.604956736167272,slow,train,52_52
165354,-23.375,66.375,136.204545454545,3.30344833061099,34.9793444853276,0.369380903853612,3.81956347078085,2.43844718011943,0.54676108265465,slow,train,52_52
165355,-23.375,66.625,196.45652173913,3.47987040553404,34.9648904126218,0.268624750006458,3.8789609340222,3.0091664324636,0.975246040717415,slow,train,52_52
165356,-23.375,66.875,219.0,4.2457327063267,34.9776158145127,0.131323448453958,2.70508555494822,3.15153655639062,1.09769320487976,slow,train,52_52
165357,-23.375,67.125,237.785714285714,2.7683906887791,34.9037467684996,0.0900301914662122,2.18412252542164,3.11198725870677,0.709816336631775,slow,train,52_52
165594,-23.125,64.375,100.954545454545,5.58198244124651,35.1073835045099,0.788497231223366,2.62800988554954,3.44770574569702,1.17398331923918,slow,test,52_51
165602,-23.125,66.375,130.227272727273,3.5411264821887,34.9611721001565,0.353339509530501,3.95186953246593,2.67163221402602,0.961129069328308,slow,train,52_52
165603,-23.125,66.625,213.5,3.5411264821887,34.9611721001565,0.279395581646399,3.95186953246593,2.61391354690899,0.920290312983773,slow,train,52_52
165604,-23.125,66.875,257.5,4.16745507717133,34.9457278847694,0.275994611283143,3.41978209465742,3.54839515686035,1.02736111481985,slow,train,52_52
165605,-23.125,67.125,255.545454545455,2.91335519403219,34.8978461930528,0.149566781114448,2.12761730700731,3.63874195380645,0.767317977818575,slow,train,52_52
165853,-22.875,67.125,245.0,3.16937774419785,34.9019846878945,0.150921688104669,2.21381267532706,2.45736813545227,0.947559595108032,slow,train,52_52
166100,-22.625,66.875,244.833333333333,4.31076999753714,34.8740093875676,0.45773300776879,2.96566667407751,2.38280336062113,1.01708074410757,slow,train,52_52
166101,-22.625,67.125,260.0625,3.54773096507415,34.8927655548323,0.267167716985568,2.10321359708905,3.34456384181976,0.954282075166702,slow,train,52_52
166337,-22.375,64.125,67.3181818181818,4.61582192033529,35.0309485103935,1.09058476578106,5.00765459239483,4.0153965624896,0.652135729789734,slow,test,52_51
166346,-22.375,66.375,96.0,3.52614466845989,34.886679193005,0.303352022712881,3.62120425701141,1.89163463765924,0.997975999658756,slow,train,52_52
166347,-22.375,66.625,164.954545454545,3.50439329445362,34.8801130894572,0.280741593151382,3.53921489417553,2.03361329526612,0.890186869736874,slow,train,52_52
166348,-22.375,66.875,205.0,4.04977570474148,34.8933377768844,0.0,2.944425791502,5.0271430015564,1.09311664104462,slow,train,52_52
166349,-22.375,67.125,219.357142857143,3.5075315484511,34.8963896278292,0.186168885124581,2.09277626685798,2.89665100404195,0.909036610807691,slow,train,52_52
166594,-22.125,66.375,84.1,3.79595936536789,34.8567155655473,0.259005989631017,3.28896755576134,1.97320869763692,0.521179719765981,slow,train,52_52
166595,-22.125,66.625,159.575757575758,3.52450221776962,34.8688767291606,0.310741217750492,3.31322255730629,2.21580546552485,0.887948433558146,slow,train,52_52
166597,-22.125,67.125,280.424242424242,2.61671528220177,34.8996264394373,0.219321586643205,1.92075730115175,3.08416986826694,0.882669112899087,slow,train,52_52
167090,-21.625,66.375,77.2142857142857,3.71986189803907,34.8194393861507,0.138011698211942,2.84282531376396,2.03794470855168,0.650537669658661,slow,train,52_52
167338,-21.375,66.375,113.567567567568,3.67656567753167,34.8317646220125,0.431007265440515,2.84491235561467,3.02725116626636,0.962504493223654,slow,train,52_52
167339,-21.375,66.625,162.730769230769,3.50911918167884,34.8448602984158,0.738565538938229,2.36094945210677,4.29918729341947,0.997832023180448,slow,train,52_52
167341,-21.375,67.125,216.5,3.42466785013676,34.8759283544496,0.337028949775479,2.32697530835867,3.26494279774753,0.870449765162034,slow,train,52_52
167585,-21.125,66.125,117.806818181818,3.60699652321637,34.8121169256046,0.276803295720707,2.77303384244442,2.99210228161378,0.976517468690872,slow,train,52_52
167586,-21.125,66.375,141.362903225806,3.55303675561182,34.8360909599691,0.213467835929365,2.31450012927094,3.22230794929689,0.93757513742293,slow,train,52_52
167587,-21.125,66.625,132.75,3.37427901662886,34.8498489009216,0.0568084698170423,2.07281716167927,3.6899351477623,0.979064464569092,slow,train,52_52
167589,-21.125,67.125,188.863636363636,3.29089689999819,34.861432062462,0.402271234853701,2.28103107959032,3.51210321079601,0.872701341455633,slow,train,52_52
167835,-20.875,66.625,157.884615384615,3.31913441763474,34.8318312424593,0.171762116826498,1.91613043902012,2.75467101427225,0.887967568177443,slow,test,53_52
168083,-20.625,66.625,175.3,3.37665946036577,34.8136844672263,1.79224155023694,2.1192541256547,4.37183797359466,0.884471642971039,slow,test,53_52
168085,-20.625,67.125,222.714285714286,2.73106219193765,34.8998774574803,0.698801415307181,1.53719116215195,3.19354132243565,0.720794200897217,slow,test,53_52
168329,-20.375,66.125,200.181818181818,3.5587717294693,34.8077472299337,0.97296061299064,2.56874848902226,3.35974670540203,0.547803152691234,slow,test,53_52
168330,-20.375,66.375,258.409090909091,3.52212732285261,34.8118626046926,0.258865806866776,2.39027624577284,3.62347608262842,0.687419963605476,slow,test,53_52
168331,-20.375,66.625,234.818181818182,3.48529425635934,34.816902782768,0.223156371238557,2.07980867475271,4.06992050734433,0.847344309091568,slow,test,53_52
168578,-20.125,66.375,191.184210526316,3.52098952273005,34.7868040853523,0.211519808753541,2.4909271660604,4.43784700883062,0.525056879771383,slow,test,53_52
168825,-19.875,66.125,137.714285714286,3.54606334652219,34.8224912370954,0.355553873947688,2.13612126984766,3.26316860743931,0.497108697891235,slow,test,53_52
168826,-19.875,66.375,142.666666666667,3.49140905588865,34.8267056979239,0.157742738723755,1.93633838742972,2.87284874916077,0.549483835697174,slow,test,53_52
169074,-19.625,66.375,228.321428571429,3.4830731430224,34.8705578894754,0.18956391194037,1.47676451344575,4.59839946031571,0.758610674313137,slow,test,53_52
169321,-19.375,66.125,182.181818181818,3.3850825689733,34.7608250216581,0.506187675986439,3.06972369365394,3.29754519733516,0.473773172633215,slow,test,53_52
169322,-19.375,66.375,197.818181818182,3.36904647946358,34.8580565303564,0.202668337885177,1.71611682325602,5.07142667336898,0.570310926798618,slow,test,53_52
169557,-19.125,63.125,979.454545454545,7.40586844459176,35.2186373434961,0.121629826893861,0.70414524525404,2.96419944546439,0.758196979761123,slow,train,53_51
169569,-19.125,66.125,158.378787878788,3.41079580038786,34.7698765341192,0.695946855075432,2.49847823381424,3.16858350508141,0.394820886466539,slow,test,53_52
169570,-19.125,66.375,308.787878787879,3.25254345685243,34.8765063565224,0.26602694030964,1.76905256509781,4.30624834696452,0.589502451997815,slow,test,53_52
170065,-18.625,66.125,413.863636363636,3.64033938199282,34.829942509532,0.334452642635866,1.78962758928538,3.36575570973483,0.673760771751404,slow,test,53_52
170067,-18.625,66.625,228.5,3.75972779095173,34.7682118881494,0.235523074865341,0.312753684818745,6.82249784469604,0.655455112457275,slow,test,53_52
170068,-18.625,66.875,240.25,2.8969084918499,34.9349192460067,0.47533756121993,1.20633564144373,5.51365935802459,0.760712087154388,slow,test,53_52
170314,-18.375,66.375,282.867647058824,3.37954615231823,34.7538502366446,0.322610779172357,2.41359760940951,3.82250153667787,0.717226273873273,slow,test,53_52
170315,-18.375,66.625,205.269230769231,3.50348499531929,34.7761936521588,0.293042076035188,2.26533730958517,3.76580256682176,0.756471867744739,slow,test,53_52
170316,-18.375,66.875,204.277777777778,2.72283091396093,34.9406414665282,0.0481030436025725,1.3405357003212,4.5605419476827,0.822956032223171,slow,test,53_52
170317,-18.375,67.125,258.56,1.03477158755064,34.9197057690471,0.160999241769314,0.922879725694656,3.48497824668884,1.1133709526062,slow,test,53_52
170562,-18.125,66.375,160.613636363636,3.29138519614935,34.749322780408,0.592175400844126,2.56630700826645,3.84274480017749,0.721058532144084,slow,test,53_52
170563,-18.125,66.625,391.1875,3.07150488439947,34.6833322837483,0.177832003682852,2.88427380938083,3.44514335691929,0.0355862565338611,slow,test,53_52
170565,-18.125,67.125,242.428571428571,1.06872770190239,34.9172076110595,0.116327386881624,0.920211536011525,3.44496277400426,1.05505861554827,slow,test,53_52
170810,-17.875,66.375,178.777777777778,3.44656719267368,34.7653295844793,0.215243154101902,1.92168950289488,2.97585484716627,0.895930290222168,slow,train,54_52
170811,-17.875,66.625,389.0,3.52900785952806,34.7656686790287,0.349290303885937,1.71050141751766,2.42033692200978,1.0615086555481,slow,train,54_52
171308,-17.375,66.875,249.0,3.76046023517847,34.7514267079532,0.200645908713341,0.719260230660439,3.35499548912048,1.21934258937836,slow,train,54_52
171554,-17.125,66.375,218.181818181818,3.23991434276104,34.7593800164759,0.543214081814795,1.94989970326424,3.01789384538477,1.12450933275801,slow,train,54_52
171555,-17.125,66.625,242.772727272727,3.26845747232437,34.7644664347172,0.536740585484288,1.90994819998741,3.31727195869793,1.42163169384003,slow,train,54_52
171557,-17.125,67.125,242.9,2.75840328857303,34.9295022105798,0.106214763224125,1.08240607827902,3.08935925960541,0.974531751871109,slow,train,54_52
172053,-16.625,67.125,360.75,3.122135091573,34.9314859136939,0.0,0.893581956624985,2.89478433132172,0.786562323570251,slow,train,54_52
172300,-16.375,66.875,258.0,3.45161291956902,34.8330637207254,0.137068517506123,1.33329264074564,2.49274929364522,0.88986000418663,slow,train,54_52
172301,-16.375,67.125,325.892857142857,2.77924655856831,34.9217853874766,0.184372733214072,1.34649407597525,3.03340120826449,0.786562323570251,slow,train,54_52
173042,-15.625,66.375,279.571428571429,2.98542960839612,34.7252679855696,0.579140484333039,2.34570495358535,2.8940155506134,0.982631683349609,slow,train,54_52
173043,-15.625,66.625,275.0,3.28510393202305,34.6804711734876,0.194538176059723,1.72197637706995,2.7625527381897,0.982631683349609,slow,train,54_52
173278,-15.375,63.375,1351.13636363636,4.10703952610493,35.0552245974541,0.124895677309145,0.544405817985535,2.29443906654011,0.573839724063874,slow,train,54_51
173291,-15.375,66.625,186.545454545455,3.09486819058657,34.7125849686563,0.396026666868817,2.0510435923934,2.67725577137687,1.22184712236578,slow,train,54_52
173292,-15.375,66.875,178.545454545455,3.3510904982686,34.7762576770038,0.1761385419152,1.72570518404245,2.30178339914842,1.15093338489532,slow,train,54_52
173293,-15.375,67.125,217.727272727273,3.62142900377512,34.8246711306274,0.139978139407255,1.68508782237768,3.60927817496386,0.997120141983032,slow,train,54_52
173529,-15.125,64.125,50.9545454545455,7.03701619058848,35.195054858923,0.457574104720896,2.16956638544798,3.69393647800792,0.478228279135444,slow,train,54_51
173539,-15.125,66.625,148.863636363636,3.11004976183176,34.7196597140283,0.356806163083424,1.9377144947648,2.71604531461542,1.1281213760376,slow,train,54_52
173540,-15.125,66.875,174.0,3.49751275777817,34.6629230305552,0.134131476283073,1.10086367279291,1.14089906215668,1.16588878631592,slow,train,54_52
173541,-15.125,67.125,175.7,3.50908537656069,34.8509170487523,0.141146464087069,1.62609942778945,3.09405008554458,1.00858019590378,slow,train,54_52
173787,-14.875,66.625,126.75,3.27796260081232,34.754478558898,0.132301174104214,1.63902706839144,4.01195585727692,1.25281092524529,slow,train,55_52
174023,-14.625,63.625,1247.09090909091,4.38010805100203,35.0831074174494,0.12503863803365,0.687831714749336,2.25312604687431,1.0736837387085,slow,train,55_51
174034,-14.625,66.375,168.666666666667,2.80413222312927,34.7107353620231,0.345134928822517,2.17365031689405,2.18677723407745,0.786681771278381,slow,train,55_52
174035,-14.625,66.625,127.428571428571,2.95937552090202,34.6851579445813,0.462968381387846,2.37709542044571,2.47558176517486,1.20077514648438,slow,train,55_52
174037,-14.625,67.125,227.590909090909,3.11031610518694,34.886124311015,0.1633081138134,1.4030302092433,2.90379265221683,1.03504574298859,slow,train,55_52
174273,-14.375,64.125,125.609375,6.57844784203917,35.1266613186453,0.26410723105073,2.4268395008985,3.16139917075634,0.894143112003804,slow,train,55_51
174282,-14.375,66.375,149.341463414634,2.85339058608543,34.6918039614471,0.328384777485597,2.01495406776667,2.89599024086464,0.879163971761378,slow,train,55_52
174283,-14.375,66.625,180.136363636364,2.95590354502201,34.6885863225907,0.250285228206353,2.18880969285965,2.81615765528245,1.19182005795566,slow,train,55_52
174285,-14.375,67.125,243.636363636364,2.6200445741415,34.8927828948945,0.142112066799944,1.33770950138569,3.43920395591042,0.724380671977997,slow,train,55_52
174518,-14.125,63.375,1436.81818181818,4.24114340543747,35.0670158397406,0.124548124318773,0.628237389028072,1.89988141168248,0.998851358890533,slow,train,55_51
174529,-14.125,66.125,126.568965517241,2.85407313293424,34.715225441574,0.273511392546111,1.76291748367507,2.83837771826777,1.0674903721645,slow,train,55_52
174530,-14.125,66.375,155.9,2.758183555305,34.6985279582441,0.246442300081253,1.86826990395784,3.40154124895732,1.00733716885249,slow,train,55_52
174531,-14.125,66.625,224.136363636364,3.05937793850899,34.7235438879579,0.234473334117369,1.95289606601,3.24676657806743,1.00355887413025,slow,train,55_52
175017,-13.625,64.125,118.2,5.8146733134985,35.0312814395875,0.409328481554985,2.14005554169417,3.01774711608887,0.984449934959412,slow,train,55_51
175263,-13.375,63.625,930.181818181818,4.60217182338238,35.0915693677962,0.100895786149935,0.705210618674755,1.76405170830813,0.850077331066132,slow,train,55_51
175265,-13.375,64.125,150.237179487179,6.17028625395436,35.1021156825412,0.191829170721273,1.74693582264277,3.13747470806807,1.04218387756592,slow,train,55_51
175271,-13.375,65.625,192.136363636364,2.87493516504765,34.6215843223035,0.360992124134844,2.44936008006334,2.57737955180081,0.99204432964325,slow,train,55_51
175273,-13.375,66.125,192.545454545455,2.84115394949913,34.7467102110386,0.227670147111922,1.74377214163542,3.21947188810869,1.0263337691625,slow,train,55_52
175274,-13.375,66.375,199.939393939394,2.75754433125258,34.7649750765413,0.162931991345955,1.73027741163969,3.28709104205623,0.972191398794,slow,train,55_52
175275,-13.375,66.625,297.340909090909,2.31964256241918,34.832647559233,0.140575741841034,1.68572038784623,3.38623469526117,0.86023360490799,slow,train,55_52
175513,-13.125,64.125,209.858974358974,6.09978380197516,35.1386205149958,0.145219892024612,1.2708752461924,2.63949638299453,1.08984424517705,slow,train,55_51
175521,-13.125,66.125,149.848484848485,2.85000986605883,34.7692754119635,0.199694760821082,1.69252324104309,3.32542787898671,1.01150790489081,slow,train,55_52
175522,-13.125,66.375,236.920454545455,1.89084640704095,34.834138804581,0.170200587758286,1.60951289534569,3.21097760308872,1.03006487001073,slow,train,55_52
175761,-12.875,64.125,307.7,4.71139257475734,35.1023895666003,0.110613864287734,0.899954221397638,2.23561627864838,1.0869357585907,slow,train,55_51
175762,-12.875,64.375,127.8,6.64123662337661,35.134891779162,0.188756733387709,2.22318796142936,3.00053613185883,0.985786706209183,slow,train,55_51
175765,-12.875,65.125,177.166666666667,2.79168067127466,34.7951699048281,0.235623280207316,2.25397503376007,4.61806424458822,0.85136604309082,slow,train,55_51
176009,-12.625,64.125,242.0,5.64614899456501,35.1420636288822,0.117447112545823,1.06319828331471,2.33278960170168,1.1039023399353,slow,train,55_51
176010,-12.625,64.375,145.269230769231,5.62013612687588,35.1417114922347,0.173258510919718,0.898990775530156,3.51917635477506,1.0847288278433,slow,train,55_51
176013,-12.625,65.125,176.931034482759,2.61809980843601,34.7543733226585,0.250250019390008,1.64196315947278,3.21033377071907,0.885588502061778,slow,train,55_51
176014,-12.625,65.375,206.0,1.93227944523096,34.6919156145304,0.532306313514709,1.47074800729752,1.81896567344666,0.953922092914581,slow,train,55_51
176017,-12.625,66.125,138.5,0.132224513590336,34.9018829595298,0.119284659996629,1.1377788618207,3.56908104419708,1.00842225551605,slow,train,55_52
176018,-12.625,66.375,272.545454545455,-0.382643826305866,34.9169202614576,0.131870140406218,0.402711153030395,4.09477089751851,1.09968888759613,slow,train,55_52
176257,-12.375,64.125,235.3,5.77235431373119,35.1489811576903,0.124433552390999,0.937691375613213,2.45556234253777,1.13006008730995,slow,train,55_51
176258,-12.375,64.375,162.754716981132,5.73688497267804,35.1200960602892,0.208640902953328,1.81112727719658,2.98347434682666,1.10096861731331,slow,train,55_51
176259,-12.375,64.625,156.681818181818,5.87063205242157,35.1094643119723,0.211458317258141,2.70871192216873,2.60532009601593,1.15254900672219,slow,train,55_51
176261,-12.375,65.125,185.909090909091,2.66080842465162,34.7709862980992,0.244038261473179,1.78777650296688,3.07890729470686,0.933489096164703,slow,train,55_51
176262,-12.375,65.375,178.846153846154,2.32779932767153,34.7707942235642,0.234730107996326,1.63859041894858,3.22728458184462,0.944775785849645,slow,train,55_51
176265,-12.375,66.125,235.411764705882,0.367713949478724,34.884361744694,0.130491383538088,1.18057083864422,4.16017683814554,0.686632075730492,slow,train,55_52
176458,-12.125,52.375,476.25,10.4549089120701,35.5008468555752,0.11823233962059,0.384899441152811,1.54663149267435,0.246233196929097,fast,validation,55_47
176460,-12.125,52.875,233.75,10.7001861725002,35.5109561118297,0.211180984973907,0.680074464529753,1.40315011143684,0.451878368854523,fast,validation,55_47
176505,-12.125,64.125,301.5,5.83455917425453,35.1508377003484,0.0879576299339534,0.918485060334205,2.63848179578781,1.14436006546021,slow,train,55_51
176506,-12.125,64.375,241.424528301887,5.80613550136112,35.1371115688586,0.150454151672575,1.57352513398202,2.316041993645,1.13883015119805,slow,train,55_51
176509,-12.125,65.125,178.130434782609,2.61918474831011,34.7897075339342,0.278037661443586,1.82881769797076,4.05689056541609,0.962559969528862,slow,train,55_51
176510,-12.125,65.375,200.735849056604,2.21583209889677,34.781023903908,0.261820349209714,1.60178642537234,3.52396237625266,0.970002543251469,slow,train,55_51
176511,-12.125,65.625,275.25,1.86489457637072,34.8254340933636,0.233266711235046,1.80217901989818,4.01285815238952,0.936755627393723,slow,train,55_51
176512,-12.125,65.875,281.25,1.68874173983932,34.7899563261308,0.221290446817875,1.74083681590855,3.71100318431854,0.998531401157379,slow,train,55_51
176513,-12.125,66.125,298.944444444444,0.0574663728475573,34.8997805733234,0.15795625673814,0.78094831109047,3.55901299582587,0.645974006917741,slow,train,55_52
176707,-11.875,52.625,218.5,10.8084048070014,35.520111664664,0.0,0.315317239612341,1.53414663672447,0.45155942440033,fast,train,56_47
176708,-11.875,52.875,180.333333333333,10.8024231791496,35.4950610548258,0.108922719955444,0.719016082584857,1.72595403591792,0.746012687683105,fast,train,56_47
176709,-11.875,53.125,209.166666666667,10.6847438067198,35.5100659886375,0.22895796597004,0.480361338704824,2.14631329973539,0.743813385566076,fast,train,56_47
176710,-11.875,53.375,219.8,10.7072542592883,35.5043183360249,0.353491777181625,0.561638233065605,2.05193140506744,0.806401026248932,fast,train,56_47
176754,-11.875,64.375,244.944444444444,6.01069166511297,35.1600356400013,0.176608655187819,1.12723166495562,2.0779603322347,0.884062170982361,slow,test,56_51
176755,-11.875,64.625,190.0,4.03476059809327,35.0491347676143,0.157534228265285,3.4371410228312,2.22504251003265,0.995909631252289,slow,test,56_51
176758,-11.875,65.375,198.181818181818,1.73731610924005,34.8085795529187,0.179441422224045,1.31546983122825,3.36227877573533,0.964794933795929,slow,test,56_51
176759,-11.875,65.625,271.318181818182,1.73731610924005,34.8085795529187,0.215115644037724,1.31546983122825,3.43680989742279,1.03462028503418,slow,test,56_51
176954,-11.625,52.375,182.2,10.8746910095215,35.527512403205,0.07449289560318,0.492641986906528,1.44139235019684,0.363683128356934,fast,train,56_47
176958,-11.625,53.375,198.5,10.5901364274323,35.4922635247931,0.187193498015403,0.694357126951217,2.0136399269104,0.759587019681931,fast,train,56_47
177004,-11.625,64.875,205.0,0.866573095321655,34.8902859259397,0.357761770486832,1.27665028721094,4.42632150650024,0.953893661499023,slow,test,56_51
177005,-11.625,65.125,212.590909090909,0.696845792233944,34.8870953544974,0.259059200232679,1.26573020964861,3.05506702986631,1.06351125240326,slow,test,56_51
177006,-11.625,65.375,223.045454545455,0.480108886957169,34.8887600004673,0.25537100459703,0.915721748024225,3.21851004253734,1.06173212961717,slow,test,56_51
177009,-11.625,66.125,327.041666666667,-0.412457635626197,34.9070711061358,0.126316871804496,0.313852351158857,3.15324170390765,0.473970604439577,slow,test,56_52
177197,-11.375,51.125,313.307692307692,10.1911515203806,35.5710834443856,0.329043856033912,0.464651349072273,1.66710591316223,0.356943754049448,fast,train,56_47
177198,-11.375,51.375,304.727272727273,10.6791949868202,35.5253483634442,0.129282935099168,0.332463093101978,1.64739389853044,0.301279000260613,fast,train,56_47
177199,-11.375,51.625,232.75,10.830469689332,35.5254524038173,0.203406251966953,0.330973234958947,1.91381295770407,0.463362611830234,fast,train,56_47
177200,-11.375,51.875,232.333333333333,10.8886074498296,35.5235449969769,0.294767439365387,0.445081941783428,1.37257760763168,0.44076743721962,fast,train,56_47
177201,-11.375,52.125,154.5,10.7222205363214,35.4927721666172,0.0,0.825098421424627,1.4826886554559,0.35362383723259,fast,train,56_47
177205,-11.375,53.125,145.75,10.5124973393977,35.4632709408179,0.0769744664430617,1.14206366054714,1.74084812402725,0.720276951789856,fast,train,56_47
177250,-11.375,64.375,354.383333333333,4.73177893906832,35.0791954994202,0.152588925262292,3.06659748852253,2.186838444074,0.80830504099528,slow,test,56_51
177253,-11.375,65.125,252.469696969697,0.81152880191803,34.8976381123066,0.26171993486809,1.27942469716072,3.27235518802296,0.780916139935002,slow,test,56_51
177254,-11.375,65.375,238.939393939394,0.419382601976395,34.8913494497538,0.256575352766297,0.813057482242584,3.1628453876033,0.9401305715243,slow,test,56_51
177257,-11.375,66.125,850.8,-0.411615324765444,34.9070711061359,0.160662258416414,0.34263740926981,3.23195073604584,0.478122979402542,slow,test,56_52
177437,-11.125,49.125,200.75,10.6360973026603,35.5262153665535,0.319979671388865,0.503372294828295,1.33313159644604,0.412252329289913,fast,train,56_46
177438,-11.125,49.375,200.0,11.1244544908404,35.5712301679887,0.256010569632053,1.01809747517109,1.36682495474815,0.389529660344124,fast,train,56_46
177445,-11.125,51.125,184.125,11.1266518235206,35.540139436489,0.302921887487173,0.617633594200015,1.77483434975147,0.393748126924038,fast,train,56_47
177447,-11.125,51.625,183.555555555556,10.7808567658067,35.5096421204507,0.446036845445633,0.762637205421926,1.75796792242262,0.422874122858047,fast,train,56_47
177448,-11.125,51.875,159.6,10.6946562185883,35.4963835235685,0.384715342521668,0.846998503804206,2.16464912891388,0.493938106298447,fast,train,56_47
177449,-11.125,52.125,151.25,10.8455763515085,35.4926450061612,0.396928697824478,0.760551773943007,1.84187383949757,0.347141906619072,fast,train,56_47
177452,-11.125,52.875,132.727272727273,10.5117316022515,35.4611207731068,0.159929985349829,1.25227987021208,1.98848861455917,0.547571935436942,fast,train,56_47
177456,-11.125,53.875,198.6875,10.5574053260498,35.4655598290265,0.498095931485295,0.73139133816585,2.14439317584038,0.803705103695392,fast,train,56_47
177684,-10.875,48.875,167.0,11.3429670184851,35.592720285058,0.296846201022466,0.400158695876598,2.28008762995402,0.406573981046677,fast,train,56_46
177685,-10.875,49.125,162.5,11.2529984526336,35.5616931337863,0.328006759285927,0.586321603506804,1.16623151302337,0.395594835281372,fast,train,56_46
177687,-10.875,49.625,161.363636363636,11.5165784955025,35.5604446493089,0.376405668529597,1.09127531200647,1.66278066418388,0.374837360598824,fast,train,56_46
177689,-10.875,50.125,174.5,11.1533860377967,35.5464338790625,0.377486318349838,0.52333140000701,1.94991028308868,0.389923721551895,fast,train,56_46
177690,-10.875,50.375,238.882352941176,11.121653968797,35.5388940120225,0.352012196007897,0.676132191191701,1.92974103198332,0.395843816154143,fast,train,56_46
177691,-10.875,50.625,240.5,10.7407147530466,35.5129906791262,0.383682921528816,0.618182927370071,1.8108863979578,0.408053494989872,fast,train,56_46
177692,-10.875,50.875,174.454545454545,11.1083407178521,35.5437981896102,0.483704474839297,0.828527592122555,2.10719615762884,0.37350805239244,fast,train,56_46
177694,-10.875,51.375,164.555555555556,10.725353769958,35.4925178457051,0.468541112211016,0.93207596987486,2.26440223058065,0.35298278927803,fast,train,56_47
177695,-10.875,51.625,155.5,10.7050386155024,35.4882579704281,0.451374810189008,1.00006103608757,1.99052052199841,0.461305141448975,fast,train,56_47
177696,-10.875,51.875,133.363636363636,10.7795398458838,35.4747153818607,0.484765719283711,1.0280187651515,1.97841341929002,0.430339255116202,fast,train,56_47
177700,-10.875,52.875,126.714285714286,10.5370342209935,35.4461587765919,0.0465850787503379,1.17306174657175,1.48221955980573,0.499037768159593,fast,train,56_47
177701,-10.875,53.125,130.222222222222,10.4856817424297,35.4508092161268,0.163732177681393,1.29691457748413,1.76117522186703,0.508900324503581,fast,train,56_47
177933,-10.625,49.125,146.5,11.8863795977086,35.5559709132649,0.407218962907791,1.11166722513735,1.96567243337631,0.39554762840271,fast,train,56_46
177934,-10.625,49.375,149.0,11.6454054471105,35.5487227672711,0.262715794146061,1.37553025782108,2.23066383600235,0.3929643034935,fast,train,56_46
177935,-10.625,49.625,138.666666666667,11.3910641893745,35.5438906699419,0.286794225374857,1.18948942422867,1.93789772192637,0.545349359512329,fast,train,56_46
177937,-10.625,50.125,150.0,11.1505783349276,35.5327005498111,0.132394957045714,0.918485060334206,2.67791152000427,0.36965411901474,fast,train,56_46
177938,-10.625,50.375,161.583333333333,11.1850642506033,35.5423647444695,0.469006191939115,0.982207708060741,2.35358513891697,0.410886732240518,fast,train,56_46
177939,-10.625,50.625,165.611111111111,11.0952787958086,35.5349894380197,0.347423798508114,0.937691375613212,2.14058232307434,0.420391061239772,fast,train,56_46
177941,-10.625,51.125,161.642857142857,10.8097127431205,35.4884487111121,0.51749900834901,1.00700617688043,2.25809475353786,0.491399315851075,fast,train,56_47
177942,-10.625,51.375,159.5,10.7899105902761,35.491882043425,0.483376041054727,1.08200323395431,1.89486023783684,0.342686161398888,fast,train,56_47
177944,-10.625,51.875,95.75,11.1330607105046,35.3114413563162,0.444919139146805,2.26380199380219,1.84803214669228,0.343512877821922,fast,train,56_47
177947,-10.625,52.625,118.142857142857,10.8069922359926,35.4247958199786,0.174761831760406,1.71130361833743,2.36783639022282,0.454821569578988,fast,train,56_47
178185,-10.375,50.125,146.25,11.5791192445904,35.4926450061612,0.201502472162247,1.45481734536588,2.35213127732277,0.571497619152069,fast,train,56_46
178187,-10.375,50.625,154.0,11.2773888453841,35.5229346267879,0.494638413190842,1.05867488533258,1.83419309854507,0.579409778118134,fast,train,56_46
178188,-10.375,50.875,145.888888888889,10.8186997175217,35.5057425331324,0.415433171722624,1.20080161839723,2.49607154395845,0.576025227705638,fast,train,56_46
178189,-10.375,51.125,141.8,10.652027964592,35.4921109322459,0.693852591514588,1.17542649507523,2.17417688369751,0.535396027565002,fast,train,56_47
178190,-10.375,51.375,129.666666666667,10.8057802151889,35.4561499552801,0.349855934580167,1.18704794347286,2.27831982572873,0.493250625828902,fast,train,56_47
178191,-10.375,51.625,87.5714285714286,11.1038414176021,35.3369461106403,0.128273887293679,2.12576241578375,1.94519397190639,0.112215606229646,fast,train,56_47
178192,-10.375,51.875,61.6666666666667,11.3627430126071,35.1608833763749,0.0,3.34751426428556,2.06503335634867,0.137893795967102,fast,train,56_47
178193,-10.375,52.125,56.6666666666667,11.5116733387112,35.1990315131843,0.64556340376536,2.73689992725849,3.0463376045227,0.136109426617622,fast,train,56_47
178195,-10.375,52.625,99.0,11.6335947839543,35.2805413655006,0.334679275751114,3.08313241694123,2.45489031076431,0.0981977805495262,fast,train,56_47
178196,-10.375,52.875,111.166666666667,10.9125339612365,35.3963845409453,0.211286552250385,1.72441785782576,2.3252196709315,0.434661328792572,fast,train,56_47
178202,-10.375,54.375,120.111111111111,12.2724387422204,35.251591168344,0.262643592225181,4.66697184741497,1.73859038617876,0.199452514449755,fast,train,56_48
178429,-10.125,49.125,128.0,11.4888454936445,35.5601672083139,0.385546192526817,1.21658986061812,1.42514961957931,0.396501541137695,fast,train,56_46
178431,-10.125,49.625,143.0,11.6111636795104,35.5471968417987,0.663895219564438,1.12430188804865,1.78156799077988,0.540148615837097,fast,train,56_46
178433,-10.125,50.125,127.571428571429,11.3328871907932,35.5194031992661,0.43965265580586,1.143554707723,1.93967808995928,0.569110572338104,fast,train,56_46
178434,-10.125,50.375,134.25,11.0757469497621,35.4775764921215,0.491805277764797,1.07266457006335,2.0175939053297,0.583818092942238,fast,train,56_46
178435,-10.125,50.625,145.0,10.9451887663454,35.5145801848266,0.584924101829529,1.1192663339898,2.43899649381638,0.586903750896454,fast,train,56_46
178437,-10.125,51.125,130.25,10.6501968540251,35.455450572772,0.38623096048832,1.14709921460599,1.8785075545311,0.580991625785828,fast,train,56_47
178438,-10.125,51.375,79.2,11.4096682727337,35.3193761687726,0.333398365974426,2.07091280668974,2.16173422336578,0.467821222543717,fast,train,56_47
178439,-10.125,51.625,73.8181818181818,10.8992611840367,35.1785471197218,0.267785303971984,2.41733229160309,2.36115623604167,0.117608578367667,fast,train,56_47
178443,-10.125,52.625,88.5,11.9041413702071,35.0699636503123,0.177412118762731,4.673360388726,2.68422186374664,0.379385136067868,fast,train,56_47
178445,-10.125,53.125,104.4,10.759477532655,35.3579820832238,0.290231019258499,2.13353678807616,2.08502430915832,0.348835614323616,fast,train,56_47
178450,-10.125,54.375,104.0,11.6939298771321,35.399182070978,0.0,2.70455030724406,2.25975030660629,0.216345235705376,fast,train,56_48
178451,-10.125,54.625,95.0,11.5756401345134,35.4548783507198,0.986777305603027,2.23322244733572,1.13555681705475,0.790009260177612,fast,train,56_48
178679,-9.875,49.625,147.5,10.6908475086093,35.4930264875293,0.567708596587181,1.16495254263282,1.77504819631577,0.151808589696884,fast,train,56_46
178680,-9.875,49.875,136.2,11.1020416975022,35.4905850067735,0.694101232290269,1.18597369194031,2.0682178735733,0.58613109588623,fast,train,56_46
178681,-9.875,50.125,133.0,11.2830286659301,35.4472487233579,0.285801835358143,1.36930448189378,2.58237886428833,0.58613109588623,fast,train,56_46
178683,-9.875,50.625,121.8,10.5896237164736,35.4686116799712,0.626870849728584,1.13411664068699,1.92508579492569,0.520115077495575,fast,train,56_46
178684,-9.875,50.875,123.5,10.6835230663419,35.4388561332598,0.297115877270699,1.16165654361248,1.73079308867454,0.48174761980772,fast,train,56_46
178685,-9.875,51.125,121.272727272727,10.3728335425258,35.4278278537095,0.539474492723292,1.24768544733524,1.77618285742673,0.4083567451347,fast,train,56_47
178686,-9.875,51.375,93.8333333333333,10.054719697684,35.3778191143647,0.838007703423499,1.38712729141116,1.75942784547806,0.380957176287969,fast,train,56_47
178687,-9.875,51.625,48.3333333333333,11.9696951285004,35.238196933642,0.0,3.10458692908287,1.66968615849813,0.107775827248891,fast,train,56_47
178691,-9.875,52.625,23.75,10.7093417253345,34.8910488886758,0.0,7.29331338778138,2.32471960783004,0.0680776983499527,fast,train,56_47
178692,-9.875,52.875,99.3333333333333,11.2694784477353,35.2521845838055,0.278932442267736,3.03158665448427,2.69202446937561,0.169358799854914,fast,train,56_47
178693,-9.875,53.125,90.1428571428571,11.0047521772129,35.2580339647829,0.0687636605330876,2.77732387291534,2.08608261176518,0.179794349840709,fast,train,56_47
178698,-9.875,54.375,64.8,11.4958037137985,35.2290413808078,0.215618115663528,4.9714651890099,2.1662781059742,0.288947342336178,fast,train,56_48
178699,-9.875,54.625,100.0,9.86959441937507,35.3946042945608,0.379920769482851,1.91735587455332,1.51001907885075,0.754143893718719,fast,train,56_48
178885,-9.625,39.125,103.714285714286,12.8526043263929,35.8006094648902,0.702474279063087,1.38452885832105,1.54970712853329,0.600798700537,fast,train,56_43
178925,-9.625,49.125,162.0,11.1376384869218,35.515915369615,0.864392518997192,1.71245460212231,0.888083159923553,0.183803498744965,fast,train,56_46
178930,-9.625,50.375,130.0,11.718466758728,35.3663746733218,0.661272883415222,2.2258980050683,1.11999714374542,0.578200697898865,fast,train,56_46
178931,-9.625,50.625,125.333333333333,10.7106235027313,35.4296158067882,0.860080315007104,1.54765465110541,1.94710478517744,0.526060402393341,fast,train,56_46
178932,-9.625,50.875,130.333333333333,10.3209631741047,35.4092277470045,0.502195060253144,1.26895962283015,1.89114867150784,0.463196516036987,fast,train,56_46
178933,-9.625,51.125,120.538461538462,10.0741294696927,35.3850379156379,0.602740799005215,1.3978979776685,1.81126050765698,0.416764036967204,fast,train,56_47
178934,-9.625,51.375,50.5555555555556,11.2772911861539,35.1012027356774,0.265326401011811,3.16367076337337,2.94847291045719,0.521448691685995,fast,train,56_47
178940,-9.625,52.875,64.0,11.0670491745695,34.932058135746,0.0,4.38935513980686,2.10918226838112,0.142908934503793,fast,train,56_47
178941,-9.625,53.125,69.25,11.9514755783603,35.1842173200566,0.311400718986988,3.44312875438481,2.60613739490509,0.198246829211712,fast,train,56_47
178946,-9.625,54.375,77.1111111111111,11.577593319118,35.2749886922538,0.320321149296231,3.27630440890789,1.88382840818829,0.184964732991325,fast,train,56_48
178947,-9.625,54.625,96.2857142857143,11.1536476250206,35.3609249394919,0.332421050406993,3.01071199402213,1.63558287279946,0.737215093203953,fast,train,56_48
179131,-9.375,38.625,102.444444444444,11.9058910980821,36.1600254662335,1.01761800381872,1.44519384205341,1.94766999118858,0.3401218354702,fast,train,56_42
179143,-9.375,41.625,184.4,11.5599658280611,35.8800011873245,0.743108087778092,0.498794518411159,1.46032713651657,0.704689192771912,fast,train,56_43
179144,-9.375,41.875,164.8,11.8922025293112,35.7573167793453,0.492207489907741,1.02871791645884,2.07470941692591,0.649137830734253,fast,train,56_43
179147,-9.375,42.625,173.137931034483,12.2627738459871,35.8182064675052,1.09763280379361,1.22548021812891,2.10593988566563,0.57276966962321,fast,train,56_44
179148,-9.375,42.875,136.642857142857,12.4844464675656,35.7001163730664,1.13705842622689,1.33545509512935,2.42462930402585,0.403910296303885,fast,train,56_44
179149,-9.375,43.125,178.796296296296,11.919292114675,35.6665298653146,0.86046572526296,1.64946439862251,1.33414920115912,0.409579354303854,fast,train,56_44
179150,-9.375,43.375,230.852941176471,11.6468164793709,35.6953462531023,0.85058243485058,0.785438720794285,1.1873840992065,0.47553831689498,fast,train,56_44
179178,-9.375,50.375,129.076923076923,10.8655072857554,35.3872681144052,0.62132964684413,1.48922813855685,1.90038556319017,0.534657758015853,fast,train,56_46
179179,-9.375,50.625,126.8,10.7755180612206,35.4130679927766,0.565531495213509,1.42218695506454,1.71047976016998,0.531508183479309,fast,train,56_46
179180,-9.375,50.875,123.444444444444,10.2673319801688,35.4540306143463,0.600337525208791,1.17931658774614,1.83933877944946,0.470198440882895,fast,train,56_46
179181,-9.375,51.125,117.333333333333,10.2767723724246,35.3696808451787,0.611693596777816,1.53233435936272,2.29360849658648,0.149628688891729,fast,train,56_47
179188,-9.375,52.875,50.0,12.1275368593633,34.1128268977627,0.0,7.84081544727087,3.37300026416779,0.155751429498195,fast,train,56_47
179189,-9.375,53.125,37.2142857142857,11.8824819480734,34.205581367548,0.549035527876445,7.60952002395477,3.77505289656775,0.118947429316385,fast,train,56_47
179194,-9.375,54.375,73.75,11.6261177491397,35.2441734750755,0.16562004139026,3.9901119992137,2.10185518860817,0.256181484709184,fast,train,56_48
179195,-9.375,54.625,94.3333333333333,10.5453352555633,35.3968931827694,0.708577771981558,3.24716940522194,2.22764726479848,0.753240823745728,fast,train,56_48
179196,-9.375,54.875,92.625,10.9335612142459,35.4155857698061,0.62491549551487,1.99362162966281,1.91028092801571,0.925406001508236,fast,train,56_48
179373,-9.125,37.125,139.0,12.45310831815,35.7870214618742,0.52948205669721,1.35258033871651,0.758574058612188,0.587099671363831,fast,train,56_42
179384,-9.125,39.875,68.0,12.9216162677854,35.7800530688837,0.849554736167193,1.69450971856713,1.97975966148079,0.406645822525024,fast,train,56_43
179385,-9.125,40.125,71.5,12.5993308201432,35.7496594078839,0.660606972534548,1.8182927928865,1.63005515120246,0.599345250563188,fast,train,56_43
179386,-9.125,40.375,67.6875,12.971083719749,35.7604449265637,0.756633094511927,1.79416791116819,1.70068982243538,0.604484979063272,fast,train,56_43
179387,-9.125,40.625,76.0,12.9030732214451,35.7744325767271,0.804995312045018,1.87273781374097,1.6672689927121,0.539682467778524,fast,train,56_43
179391,-9.125,41.625,124.888888888889,12.2554297596216,35.7934642583132,1.1173416905933,1.66272977739573,1.81917654640145,0.739234427611033,fast,train,56_43
179392,-9.125,41.875,104.434782608696,12.6286083239576,35.7806302667798,1.0606108016294,1.65252155713413,1.8588287908098,0.500654829585034,fast,train,56_43
179393,-9.125,42.125,154.12,12.0859047295153,35.6913662804291,1.0797545003891,1.21433393239975,2.07921612992883,0.513928161859512,fast,train,56_44
179394,-9.125,42.375,144.833333333333,12.0404004111886,35.6972970440984,1.16391459405422,1.11426740214229,1.90556851079067,0.590806635220846,fast,train,56_44
179395,-9.125,42.625,98.2222222222222,12.8790653273463,35.7198807410896,1.26899809307522,1.63815220445395,2.15755444102817,0.420489036374622,fast,train,56_44
179397,-9.125,43.125,181.0,11.9554531574249,35.6386675965041,0.642791522873773,1.32596819847822,1.33521167106099,0.334650853441821,fast,train,56_44
179398,-9.125,43.375,223.8125,11.4243904016912,35.7760856626555,1.01953126490116,0.817957090213895,1.23584628943354,0.545552887022495,fast,train,56_44
179428,-9.125,50.875,121.266666666667,10.4920133158565,35.4273099638522,0.629079183936119,1.17508468776941,1.58189653555552,0.448884215950966,fast,train,56_46
179429,-9.125,51.125,116.5,10.3231605067849,35.4380931705237,0.348244553431869,1.03201391547918,1.58986881375313,0.153965383768082,fast,train,56_47
179443,-9.125,54.625,90.0,11.6945402473211,35.3180537000298,0.314215898513794,4.12488173693419,1.91267800331116,0.718303541342417,fast,train,56_48
179444,-9.125,54.875,78.75,9.48744164407253,35.1596117718145,0.690824538469316,4.05352946184576,1.59291583299637,0.860962986946106,fast,train,56_48
179445,-9.125,55.125,92.25,11.4021118897945,35.339035175275,0.581442748506864,3.44297616183758,2.24150709311167,0.740234613418579,fast,train,56_48
179455,-9.125,57.625,153.142857142857,10.1579420162099,35.3990730763014,0.159114861062595,1.58396295777389,2.75636979511806,0.938280139650617,fast,train,56_49
179620,-8.875,36.875,171.358974358974,12.5595568791032,35.9756884523309,0.691619290373264,1.45914158339684,1.45258557204253,0.532879763688796,fast,validation,57_42
179626,-8.875,38.375,109.75,12.1179235288873,35.8514282328542,0.483453026041388,0.906216619536282,0.977489491924644,0.388512197881937,fast,validation,57_42
179632,-8.875,39.875,23.0,12.5076754130423,35.7638782588765,1.15794841945171,2.08435315825045,2.62209628522396,0.501355171203613,fast,train,57_43
179633,-8.875,40.125,50.0,13.3393658325076,35.8439893461764,0.491902947425842,1.76592303067446,1.17666378617287,0.697003126144409,fast,train,57_43
179634,-8.875,40.375,56.5,13.6195257492363,35.757774556987,0.416142284870147,2.04278694838285,1.64032247662544,0.570365279912948,fast,train,57_43
179635,-8.875,40.625,53.6923076923077,12.8903775215149,35.7459779792967,0.945908505183001,1.90136887075809,2.18190232607034,0.327002848570164,fast,train,57_43
179636,-8.875,40.875,58.1875,13.9710989780724,35.7190541981254,0.897211091592907,2.36350596416742,2.37178473174572,0.442361062392592,fast,train,57_43
179637,-8.875,41.125,62.0,13.2377188503742,35.7464996632188,1.32774529192183,2.3391827121377,3.30143357813358,0.401845114098655,fast,train,57_43
179638,-8.875,41.375,65.6153846153846,13.4337666249619,35.7275494947456,1.58860253714598,2.33632805771553,3.1113664609595,0.445512325717853,fast,train,57_43
179639,-8.875,41.625,77.7777777777778,13.4548478722572,35.7300535775721,1.22607238425149,2.4448988288641,2.98517927527428,0.769117090437148,fast,train,57_43
179641,-8.875,42.125,102.1875,12.6009247186594,35.7344088231912,1.23213545419276,1.62945951567963,2.28763654222712,0.585373621433973,fast,test,57_44
179646,-8.875,43.375,156.875,11.8097933982499,35.6504829222104,1.02772964164615,1.20592364156619,1.54609273280948,0.521150320768357,fast,test,57_44
179648,-8.875,43.875,604.0,11.2956999510527,35.6837671715766,0.733053123950958,0.485024566948414,0.960937345027924,0.667904913425446,slow,test,57_44
179675,-8.875,50.625,121.666666666667,10.8503372389823,35.4127882397734,0.606339669475953,1.45829645544291,1.6419221808513,0.408229537308216,fast,validation,57_46
179676,-8.875,50.875,116.4,10.3004547357559,35.3404339402914,0.478596305847168,1.31356547623873,1.73769171237945,0.405520051717758,fast,validation,57_46
179677,-8.875,51.125,110.5,10.3742484916002,35.3433586307801,0.499342987313867,1.36173589155078,2.05255562067032,0.395041016240915,fast,train,57_47
179678,-8.875,51.375,83.3333333333333,10.8297677636147,35.1786858402193,0.519590715567271,1.98492385447025,2.12579651673635,0.379615902900696,fast,train,57_47
179679,-8.875,51.625,61.0,10.3722342699766,35.32670061104,0.0,2.14899136126041,1.79805338382721,0.138866811990738,fast,train,57_47
179691,-8.875,54.625,85.3846153846154,12.5206622126011,35.1992271446551,0.644167861113181,5.24931508933122,2.45579120746026,0.272089599416806,fast,validation,57_48
179692,-8.875,54.875,69.25,13.5017853397876,35.1346247422043,0.864043518900872,6.30259101558477,2.31364868581295,0.221784181892872,fast,validation,57_48
179693,-8.875,55.125,82.2,11.692391744256,35.2473524864763,0.947546410560607,4.58861659169197,2.51482329368591,0.622602105140686,fast,validation,57_48
179699,-8.875,56.625,140.0,9.04943999648094,35.4243598412722,0.459100395441055,2.10870692878962,3.11102509498596,0.675441205501556,fast,validation,57_48
179700,-8.875,56.875,121.0,9.01318400725722,35.3900265181437,0.14955298602581,2.42841883376241,2.80057728290558,0.657915890216828,fast,validation,57_48
179869,-8.625,37.125,40.0,13.2013000957668,35.8767967438325,0.695566534996032,1.07998901233077,2.00585775822401,0.377015426754951,fast,validation,57_42
179894,-8.625,43.375,117.2,12.1356303680688,35.6505019962788,1.18662272244692,1.72472304292023,2.14887867420912,0.438094566762448,fast,test,57_44
179895,-8.625,43.625,185.897727272727,11.9467063676566,35.6618493329734,0.966878508979624,1.33657754212618,1.69954715228894,0.532762515273961,fast,test,57_44
179915,-8.625,48.625,160.0,12.0879848711193,35.5533005436883,0.428759098052979,1.40995513647795,1.61828029155731,0.248854160308838,fast,validation,57_46
179917,-8.625,49.125,147.8,11.3680654406547,35.5058442614973,0.621508854627609,1.44481948167086,1.73661758899689,0.0541354715824127,fast,validation,57_46
179925,-8.625,51.125,113.533333333333,10.0059633269906,35.3027944453061,0.709904644886652,1.56616107523442,1.69445380369822,0.393745088577271,fast,train,57_47
179926,-8.625,51.375,97.2666666666667,10.502755831182,35.2426729816943,0.837328759829203,1.80894192159176,2.07219949563344,0.388111406564713,fast,train,57_47
179939,-8.625,54.625,58.0909090909091,13.8472160249949,35.0976730696857,1.62426361712542,6.77750618755817,4.90430909937078,0.215051636099815,fast,validation,57_48
179940,-8.625,54.875,57.0,14.1003753840923,35.1832636166364,0.713675916194916,6.62385936453938,2.56902658939361,0.216535449028015,fast,validation,57_48
179941,-8.625,55.125,78.75,11.6192205660045,35.205771017354,0.587032586336137,5.32267219573259,2.58312407135963,0.642554581165314,fast,validation,57_48
179944,-8.625,55.875,131.0,9.16492203623056,35.3450117167085,0.203502610325813,2.09015167504549,2.49279391765594,0.782407323519389,fast,validation,57_48
179948,-8.625,56.875,120.545454545455,9.55602505803109,35.3156029712409,0.261612239209089,2.2007285580039,3.05977781252428,0.668391579931433,fast,validation,57_48
179949,-8.625,57.125,130.75,10.0657979166135,35.3688543022145,0.181040991097689,1.90563676692546,2.97190491855145,1.01876413822174,fast,train,57_49
179952,-8.625,57.875,141.0,9.84194464981556,35.3701894870028,0.205615028738975,1.76885280758142,2.74068480730057,0.410294950008392,fast,train,57_49
179953,-8.625,58.125,140.0,8.99743645638227,35.2656635921448,0.0,1.60625018924475,1.69975173473358,0.411648690700531,fast,train,57_49
180001,-8.625,70.125,584.0,-0.432782962918282,34.9070711061358,0.0,0.244636371731758,1.93388652801514,0.0235355403274298,fast,train,57_53
180116,-8.375,36.875,153.730769230769,13.0237950545091,36.0378405706097,0.33498428360774,1.79877033715065,1.29133697312612,0.727158862810868,fast,validation,57_42
180142,-8.375,43.375,170.625,12.0379955526441,35.6513412552886,1.08590438589454,2.11905270349234,2.40409847348928,0.423710219562054,fast,test,57_44
180143,-8.375,43.625,217.391304347826,12.0502958388432,35.6465478589677,1.11581749242285,1.58564621469249,1.72113822335782,0.406096466209578,fast,test,57_44
180144,-8.375,43.875,214.307692307692,11.6472224722115,35.7226782711223,0.869895853675329,0.952374691286912,1.37011138005898,0.50340979718245,fast,test,57_44
180161,-8.375,48.125,439.181818181818,10.2620347067714,35.6947260908782,0.393695630810478,0.505852617323398,1.49154262109236,0.234995568340475,slow,validation,57_46
180165,-8.375,49.125,142.666666666667,11.0890530198813,35.4767499491572,0.445660273234049,1.1941282376647,1.24693252642949,0.618635872999827,fast,validation,57_46
180173,-8.375,51.125,105.5,10.0792565792799,35.351115418598,0.8169407248497,1.44181646034121,1.89221784472466,0.406727664172649,fast,train,57_47
180174,-8.375,51.375,90.0,10.7710501514375,35.2417574264109,0.645168693115313,2.1528977304697,2.46093072493871,0.396071796615919,fast,train,57_47
180175,-8.375,51.625,79.5833333333333,10.7459639366716,35.2192500256933,0.808899223804474,2.16211432032287,2.42806812127431,0.139233040312926,fast,train,57_47
180187,-8.375,54.625,45.3333333333333,13.201178021729,35.0545772351325,0.0,6.4286629781127,6.67433023452757,0.188552210728327,fast,validation,57_48
180191,-8.375,55.625,87.5454545454545,11.3094965368509,35.3409888222814,0.684223939072003,3.32496386021376,1.91039632667195,0.520015190948139,fast,validation,57_48
180192,-8.375,55.875,142.52380952381,10.5488928418074,35.3776374565704,0.600929848494984,2.25721871533564,2.78183335917337,0.519826627912976,fast,validation,57_48
180193,-8.375,56.125,143.625,10.1368450066075,35.3806802246254,0.552073989063502,2.18414868414402,2.5237949937582,0.597711205482483,fast,validation,57_48
180194,-8.375,56.375,146.0625,10.0202948190272,35.3736228193156,0.639687733724714,2.15709402551874,2.61681162565947,0.592608198523522,fast,validation,57_48
180196,-8.375,56.875,130.25,9.00860623084009,35.2324747131206,0.152503987774253,2.60365611501038,2.62086281180382,0.87272173166275,fast,validation,57_48
180197,-8.375,57.125,140.5,8.66820277646184,35.3511154185981,0.387539327144622,2.59907833859324,2.06049883365631,1.00386202335358,fast,train,57_49
180248,-8.375,69.875,790.0,-0.494308277964592,34.9101229570806,0.0,0.165532395243645,1.39297580718994,0.058609627187252,fast,train,57_53
180251,-8.375,70.625,180.5,0.81640066578984,34.9284340627491,0.0,1.0770592354238,11.5336065292359,0.0225762827321888,fast,train,57_53
180364,-8.125,36.875,141.9,13.0015991773456,36.0824914975092,0.291418339684606,2.14906460568309,1.2507766392082,0.972020182013511,fast,validation,57_42
180365,-8.125,37.125,33.0,14.0124820768833,35.8851893339306,0.256727576255798,1.30082094669342,1.32360635697842,0.872844696044922,fast,validation,57_42
180392,-8.125,43.875,186.8125,11.1509140385315,35.8231986116152,0.756145637482405,0.598406933248043,1.43775525689125,0.476360738277435,fast,test,57_44
180393,-8.125,44.125,245.607142857143,10.993033069585,35.7728158223576,0.449581898748875,0.485715157219342,1.28186329773494,0.685727668660028,fast,test,57_44
180413,-8.125,49.125,148.2,11.6509354010225,35.5037079658359,0.371471065282822,1.4988738656044,2.00131566524506,0.339410448074341,fast,validation,57_46
180421,-8.125,51.125,100.944444444444,10.0648518428206,35.337466862984,0.644856497645379,1.66692098602653,1.58151134517458,0.404547739360067,fast,train,57_47
180422,-8.125,51.375,91.8888888888889,10.3806980699301,35.2717672940344,0.710739074481858,1.63994262367487,2.37704544597202,0.400636288854811,fast,train,57_47
180423,-8.125,51.625,75.0,12.1295053032227,34.875503522926,1.16317685879767,4.11152988905087,2.88352727890015,0.145734896883368,fast,train,57_47
180438,-8.125,55.375,77.2222222222222,12.1659087985754,35.1793640293181,0.504708177513546,5.89853612333536,2.02485990524292,0.186071415742238,fast,validation,57_48
180440,-8.125,55.875,121.6,10.4988006323576,35.3147983923554,0.60575773715973,2.68909573405981,2.75472524166107,0.550815856456757,fast,validation,57_48
180441,-8.125,56.125,149.142857142857,10.3837441078254,35.3758572101859,0.562524652906827,2.46127418907625,2.7480696780341,0.610908461468561,fast,validation,57_48
180442,-8.125,56.375,174.375,11.1215247139335,35.2826395130251,0.829353399574756,3.11041596438736,2.65981288254261,0.582196198403835,fast,validation,57_48
180444,-8.125,56.875,133.0,10.2877590358257,35.2361623663455,0.0,2.5530564263463,1.83315225442251,0.835588494936625,fast,validation,57_48
180450,-8.125,58.375,168.0,9.44679098948835,35.3450117167085,0.125112622976303,1.50883510708809,1.72000116109848,0.92648783326149,fast,train,57_49
180494,-8.125,69.375,924.0,-0.578539364039898,34.9070711061358,0.0,0.166997283697128,0.785241544246674,0.0759411305189133,fast,train,57_53
180497,-8.125,70.125,685.0,-0.345622099936008,34.9040192551911,0.0,0.645283363759518,3.63690853118896,0.0282312892377377,fast,train,57_53
180640,-7.875,43.875,157.666666666667,10.9147312939167,35.7804091181606,0.661112566788992,0.669209875166416,0.950540065765381,0.510586023330688,fast,test,57_44
180660,-7.875,48.875,150.5,11.2423780113458,35.5143894441426,0.515061914920807,1.19754631072283,2.1723462343216,0.271168857812881,fast,validation,57_46
180670,-7.875,51.375,90.6666666666667,10.1673940345645,35.2668504230678,0.659278561671574,1.89922787994146,1.82443181011412,0.395069986581802,fast,train,57_47
180671,-7.875,51.625,80.25,11.6678365515545,34.9759284930769,0.739279306726531,3.81392864417285,2.40025393664837,0.135340251028538,fast,train,57_47
180688,-7.875,55.875,152.5,10.144653385239,35.3391260041722,0.604954061763627,2.83147242824946,2.65613592522485,0.574284715311868,fast,validation,57_48
180689,-7.875,56.125,98.4,10.8883144721389,35.2174443472177,0.536231994628906,3.17543870061636,3.51310291290283,0.611504435539246,fast,validation,57_48
180696,-7.875,57.875,85.0,10.2015747651458,35.1962339831516,0.0,3.78380687534809,2.06218260526657,0.552278339862823,fast,train,57_49
180860,-7.625,36.875,180.315789473684,13.1819674231504,35.9055082362733,0.275198421980205,1.10579803389938,1.40116501952472,0.575928029261137,fast,validation,57_42
180861,-7.625,37.125,91.0,12.9995117112994,35.8729819301516,0.192183867096901,0.779320657253265,1.73049484193325,1.41208052635193,fast,validation,57_42
180888,-7.625,43.875,161.888888888889,11.5495976731181,35.6590132694692,0.589482088883718,0.612160608172417,1.21870569222503,0.661879135502709,fast,test,57_44
180916,-7.625,50.875,107.166666666667,10.4059267044067,35.3241574019194,0.712704181671142,1.44596697762608,1.86979122956594,0.197712237636248,fast,validation,57_46
180917,-7.625,51.125,99.7272727272727,10.0968352407217,35.2916043251753,0.731039049950513,1.74887705594301,1.66119619391181,0.392803286964243,fast,train,57_47
180919,-7.625,51.625,75.5,11.51008637622,35.1351969642565,0.133539468050003,2.7569200694561,3.46725928783416,0.393447071313858,fast,train,57_47
180933,-7.625,55.125,16.2,13.8321543082595,35.0907925330102,0.413384485244752,7.3562303468585,1.84841196537018,0.256530267000198,fast,validation,57_48
180934,-7.625,55.375,41.6666666666667,10.750419639051,35.1652916055173,0.412558784087499,6.29869481921196,1.53252410888672,0.246270749304029,fast,validation,57_48
180937,-7.625,56.125,138.263157894737,10.3745087020491,35.3214000278201,0.738917688005849,2.8327087720758,3.00733832309121,0.589000021156512,fast,validation,57_48
180938,-7.625,56.375,152.111111111111,10.6156499013305,35.3231401182711,1.10095663203133,3.42556026577949,2.69724134604136,0.53597754240036,fast,validation,57_48
180992,-7.625,69.875,836.0,-0.574877142906189,34.9131748080254,0.0,0.104007080197334,1.50261521339417,0.0586646758019924,fast,train,57_53
181109,-7.375,37.125,87.5,13.0833765752614,35.8709473628551,0.583429224789142,1.00637836754322,1.92676215370496,1.031178911527,fast,validation,57_42
181136,-7.375,43.875,146.178571428571,15.2812847473792,35.6582624172526,0.55887700936624,3.9516412381615,1.13598058213081,0.621674950633731,fast,test,57_44
181137,-7.375,44.125,188.111111111111,11.1107821986079,35.6415499001741,0.473421522312694,0.49065624922514,1.17910194893678,0.7382077243593,fast,test,57_44
181154,-7.375,48.375,133.75,11.8627582713961,35.5391857330687,0.453974574804306,1.37589647993446,1.33459982275963,0.292802572250366,fast,validation,57_46
181157,-7.375,49.125,137.8,11.7250587567687,35.4982146341354,0.586815559864044,1.35443586409092,1.31792221069336,0.52647876739502,fast,validation,57_46
181165,-7.375,51.125,104.857142857143,10.3106043200408,35.1566689155464,0.561924512897219,2.02395266826664,1.48275406020028,0.389664381742477,fast,train,57_47
181166,-7.375,51.375,87.2,10.4694296188652,35.2072206465527,0.69280054718256,1.89219641536474,1.89417171478271,0.39001832306385,fast,train,57_47
181167,-7.375,51.625,78.1578947368421,11.2596868249147,35.0995786512565,1.14483817941264,2.85036453290989,3.22766797793539,0.392894686836945,fast,train,57_47
181168,-7.375,51.875,60.0,12.1138820062791,34.9598245296095,0.300650256020681,4.13841451598065,3.0079471383776,0.398296415805817,fast,train,57_47
181169,-7.375,52.125,37.5454545454545,12.0935447886586,34.9260758142918,0.203906313939528,3.95579809695482,7.15746799382296,0.272809879346327,fast,train,57_47
181182,-7.375,55.375,60.0,8.22397535294294,35.2366710081697,0.767200410366058,5.8800622522831,1.44767844676971,0.390680730342865,fast,validation,57_48
181183,-7.375,55.625,56.6923076923077,12.546579469855,35.1332602126954,0.638296773800483,5.84270759671926,1.63476128761585,0.450882955239369,fast,validation,57_48
181186,-7.375,56.375,137.363636363636,9.70704174041748,35.2119787596166,0.316064352338964,3.42138015478849,3.00620911338112,0.855384133078835,fast,validation,57_48
181188,-7.375,56.875,240.0,9.45521409809588,35.1504562189803,0.28403639793396,3.63805047422647,2.37665581703186,0.878231763839721,fast,validation,57_48
181194,-7.375,58.375,96.4615384615385,9.26089101055493,35.3059245488391,0.272579782284223,3.425134571699,2.5070025737469,0.264246163459925,fast,train,57_49
181383,-7.125,43.625,117.9,15.3499984793365,35.6477553304285,0.568313740193844,3.83302712738514,1.12785911336541,0.543575406074524,fast,test,57_44
181384,-7.125,43.875,164.645833333333,11.9293191405013,35.7847325736657,0.519408108666539,1.38901943899691,1.11101601396998,0.70209014415741,fast,test,57_44
181405,-7.125,49.125,131.25,11.0764793939888,35.4785301955417,0.7255185469985,1.31272316537797,1.83759948611259,0.499548688530922,fast,validation,57_46
181411,-7.125,50.625,106.0,10.3502609431744,35.4426709469408,1.76470959186554,0.888454847037792,1.99370217323303,0.236851722002029,fast,validation,57_46
181414,-7.125,51.375,84.8571428571429,11.0138554126024,35.0941059711788,0.415109204394477,2.24975475988218,1.42798577036176,0.40029440181596,fast,train,57_47
181416,-7.125,51.875,73.0666666666667,12.0214545205236,35.0298572424799,0.893712711334229,3.60928983092308,2.58793504238129,0.376430690288544,fast,train,57_47
181430,-7.125,55.375,46.5,12.5512558445334,35.0962858647108,0.0,7.00216680765152,1.09409230947495,0.368767440319061,fast,validation,57_48
181438,-7.125,57.375,160.0,7.75374615937471,35.1786858402193,0.854291677474976,8.16162601858377,1.8646354675293,0.269419610500336,fast,train,57_49
181445,-7.125,59.125,190.0,10.5326395556331,35.3633228223771,0.0,1.72344126552343,2.29144215583801,1.01451206207275,fast,train,57_49
181631,-6.875,43.625,123.75,15.6086611580104,35.6484801450279,0.719815216958522,4.11679433193058,1.32931786309928,0.506020426750183,fast,test,57_44
181632,-6.875,43.875,149.916666666667,13.9361247662455,35.7549770269543,0.530145201832056,2.98709066770971,1.2615473686407,0.654979219039281,fast,test,57_44
181648,-6.875,47.875,160.666666666667,12.3097933977842,35.5545721482485,0.391668935616811,1.17557298392058,2.38996903101603,0.332685093084971,fast,train,57_45
181650,-6.875,48.375,146.111111111111,12.0324411839247,35.5303268879652,0.513611571656333,1.57263913750648,1.8891449769338,0.325493544340133,fast,validation,57_46
181662,-6.875,51.375,110.0,10.0328684449196,35.2071697823703,1.39508316417535,2.31598864495754,2.23918191591898,0.151017044981321,fast,train,57_47
181663,-6.875,51.625,75.0,11.8224738389254,35.1634265854955,0.443689197301865,3.56627094000578,1.38645994663239,0.137366488575935,fast,train,57_47
181665,-6.875,52.125,53.8571428571429,12.6496126406959,34.7047769863691,0.544458976813725,4.8322484684842,2.60642840181078,0.119993917644024,fast,train,57_47
181682,-6.875,56.375,77.8,11.9307290956378,34.9254839401692,0.599276677767436,5.80003051310778,1.94106964270274,0.28844131231308,fast,validation,57_48
181691,-6.875,58.625,102.5,8.57371747121215,35.2320932317526,0.299298718571663,2.4826197065413,2.63781446218491,0.906656324863434,fast,train,57_49
181692,-6.875,58.875,155.555555555556,9.93057040125132,35.3573886677623,0.113866983188523,2.29653818160296,2.79011703862084,0.933262275324927,fast,train,57_49
181895,-6.625,47.625,291.0,10.6073488667607,35.6349375564605,0.606775939464571,0.228278450667858,1.19136007626851,0.353008985519409,slow,train,57_45
181897,-6.625,48.125,144.4,11.7092379614711,35.515304999426,0.636959743499755,1.60200201272964,1.90263338088989,0.303231567144394,fast,validation,57_46
181898,-6.625,48.375,136.166666666667,11.9828791245818,35.5031993240118,0.569665084282557,1.74687948077917,1.85916872819265,0.314728438854218,fast,validation,57_46
181899,-6.625,48.625,147.5,11.4079104065896,35.5182042578235,0.431212626397609,1.58867152780295,1.04328462481499,0.608999818563462,fast,validation,57_46
181901,-6.625,49.125,125.0,11.5529343634844,35.4792931582779,0.676810085773468,1.69341105222702,1.90345346927643,0.434150397777557,fast,validation,57_46
181909,-6.625,51.125,110.916666666667,10.6915189158171,35.2324747131206,0.878096307317415,2.33686330541968,2.13446813821793,0.15020385881265,fast,train,57_47
181910,-6.625,51.375,94.0833333333333,10.6104617547244,35.2406129823066,1.0115442921718,2.48335215076804,2.0007904569308,0.14599734172225,fast,train,57_47
181912,-6.625,51.875,69.1034482758621,12.7770759766472,34.9777372409429,0.520415907533005,4.24895947272408,2.45916969200661,0.123941186687042,fast,train,57_47
181926,-6.625,55.375,90.125,10.9115878874436,34.8906674073078,0.426205107942224,6.30982390232384,1.85593178868294,0.384582608938217,fast,validation,57_48
181928,-6.625,55.875,58.3125,10.5062715634704,35.0677701324457,0.53942091949284,5.54615924041718,1.5446111112833,0.448983928188682,fast,validation,57_48
181929,-6.625,56.125,61.5555555555556,12.3871069550514,34.8502727691084,0.749494834078683,5.76156905293465,1.9932081302007,0.283416387107637,fast,validation,57_48
181930,-6.625,56.375,91.5,7.98318431340158,34.9524673889391,0.651378035545349,6.27521591261029,2.39054504036904,0.372001349925995,fast,validation,57_48
181931,-6.625,56.625,85.0,7.76619771122932,34.8002563230693,0.539591431617737,5.14468824863434,1.8888578414917,0.411095350980759,fast,validation,57_48
181932,-6.625,56.875,135.0,7.82699058204889,35.1878413930535,0.358880758285522,5.0231025069952,1.69869577884674,0.29469621181488,fast,validation,57_48
181939,-6.625,58.625,100.0,10.9948118627071,35.2198858279735,0.0,4.78286080062389,1.53984606266022,0.883889079093933,fast,train,57_49
182144,-6.375,47.875,149.444444444444,12.4855800122023,35.5540635064244,0.563710374964608,1.67217016965151,1.66026454501682,0.37655680709415,fast,train,57_45
182146,-6.375,48.375,138.4,12.1829828873277,35.496688708663,0.512025499343872,1.71406597942114,1.73498485088348,0.294369286298752,fast,validation,57_46
182148,-6.375,48.875,138.0,11.7360454201698,35.4724264936522,0.604389354586602,1.75457014515996,1.29462999105453,0.557122558355331,fast,validation,57_46
182155,-6.375,50.625,96.6666666666667,11.1442304849625,35.3328043129295,1.43641761938731,2.46150089800358,2.55830792586009,0.497796475887299,fast,validation,57_46
182157,-6.375,51.125,104.48,10.7186803892255,35.2255012337118,0.776089631021023,2.41258338958025,1.99084380626678,0.185648078322411,fast,train,57_47
182158,-6.375,51.375,117.0,11.3230689503253,35.2008117595688,0.731458435455957,2.90878017246723,2.39443671703338,0.157057002186775,fast,train,57_47
182159,-6.375,51.625,75.3333333333333,11.4075034931302,35.0567813497036,0.576261902434958,3.40318002551794,1.9706019030677,0.131616201665667,fast,train,57_47
182160,-6.375,51.875,67.5,12.4857020862401,34.8857081495226,0.462660253047943,4.33716848865151,2.84910547733307,0.127235621213913,fast,train,57_47
182177,-6.375,56.125,65.0,7.03741570562124,34.7560044843704,1.71849882602692,6.45063630491495,1.71849882602692,0.243506744503975,fast,validation,57_48
182179,-6.375,56.625,97.5,10.2858058512211,35.0375377340243,0.395200341939926,5.26444287970662,2.18330669403076,0.298258692026138,fast,validation,57_48
182180,-6.375,56.875,82.0,7.68709373474121,34.6629230305552,0.899295508861542,5.68523208796978,1.35243964195251,0.302906543016434,fast,validation,57_48
182375,-6.125,43.625,116.625,11.7228614240885,35.6414227397181,0.555496156215668,0.740409557707608,0.992785496637225,0.527426965534687,fast,test,57_44
182391,-6.125,47.625,143.5,12.6124149374664,35.5311746243387,0.540162578225136,1.50627155229449,1.79542344808578,0.438070118427277,fast,train,57_45
182392,-6.125,47.875,195.333333333333,12.2638935595751,35.524053638801,0.570541361967723,1.82403027266264,1.78595022360484,0.392662853002548,fast,train,57_45
182393,-6.125,48.125,139.0,11.7049165405333,35.4892116738484,0.625308975577354,1.45976134389639,1.33789086341858,0.273867249488831,fast,validation,57_46
182394,-6.125,48.375,131.333333333333,12.0096133388579,35.4937894502655,0.396217003464699,1.73613696545362,1.45610331495603,0.284311935305596,fast,validation,57_46
182405,-6.125,51.125,105.285714285714,10.7958486202572,35.2386329123484,0.689060360193253,2.61670931747981,2.20767400094441,0.181939948882375,fast,train,57_47
182406,-6.125,51.375,106.357142857143,10.9809477398438,35.1927461535005,0.93963097674506,2.93553182589156,2.51987286976405,0.166998401284218,fast,train,57_47
182411,-6.125,52.625,29.95,10.1058076824993,34.6122623048723,1.61085676848888,4.63292946740985,3.64685610532761,0.136704973876476,fast,train,57_47
182413,-6.125,53.125,31.2142857142857,10.4836704273309,34.3266744532489,1.4563609787396,7.26207987325532,3.65285924502781,0.188768029212952,fast,train,57_47
182415,-6.125,53.625,37.75,8.0672322884202,34.3691823771223,1.22688826918602,4.78743857704103,4.90137365460396,0.301833033561707,fast,train,57_47
182416,-6.125,53.875,34.2,9.98286691904068,34.5143996179104,1.40739417473475,4.90991545915604,2.49184989134471,0.377546660105388,fast,train,57_47
182422,-6.125,55.375,107.0,7.74861904978752,35.0230414420366,1.57808101177216,5.70427563786507,1.57808101177216,0.284441769123077,fast,validation,57_48
182425,-6.125,56.125,50.0,7.4519791379571,34.5912045333534,0.779424548149109,9.06253241747618,1.44283521175385,0.325911819934845,fast,validation,57_48
182428,-6.125,56.875,65.0,11.3705557510257,34.9314859136939,0.0,5.99066133052111,1.48853969573975,0.204893112182617,fast,validation,57_48
182432,-6.125,57.875,94.0714285714286,8.91299610052789,34.9308319456343,0.495204819100244,4.58792600142104,1.60730129480362,0.366370922752789,fast,train,57_49
182434,-6.125,58.375,100.333333333333,8.33884702250361,35.2427747100592,1.05841446916262,4.2089907489717,2.06182871262232,0.316960230469704,fast,train,57_49
182624,-5.875,43.875,157.875,15.9515366116539,35.6494338484481,0.456417048349976,4.26822717580944,1.13577302359044,0.568209379911423,fast,test,58_44
182638,-5.875,47.375,148.75,10.8798181191087,35.620822745841,0.604353837668896,0.281075472012162,1.82324910163879,0.390015937387943,fast,validation,58_45
182639,-5.875,47.625,141.75,12.3719901200384,35.5376598075963,0.546688601374626,1.79247413389385,1.49456095695495,0.782725334167481,fast,validation,58_45
182640,-5.875,47.875,135.333333333333,11.9114251211286,35.5274445842952,0.598332279258304,1.50932340323925,1.71073468526204,0.733089281453027,fast,validation,58_45
182653,-5.875,51.125,86.5833333333333,11.2912686634809,35.1228624000214,0.587353049467008,3.34244819171727,2.20028881231944,0.464027233421802,fast,train,58_47
182654,-5.875,51.375,84.9473684210526,12.0687292978952,35.1184519399938,0.596083287345736,3.56380375945254,2.60167876670235,0.375010047304003,fast,train,58_47
182658,-5.875,52.375,82.5384615384615,9.51702112246018,34.7744329689214,0.788603278306814,4.58341060349574,1.62944213243631,0.27360161451193,fast,train,58_47
182661,-5.875,53.125,37.4615384615385,10.5218219178227,34.4126712530851,1.3743821474222,4.97464850430305,4.53927990106436,0.318594455718994,fast,train,58_47
182663,-5.875,53.625,52.5471698113208,9.92952010386957,34.5563673669086,1.3235200756001,4.7935572502748,2.4937209318269,0.340149165324445,fast,train,58_47
182664,-5.875,53.875,52.7368421052632,9.72033963332835,34.5284408093185,1.18754916363641,4.95697050325965,2.11273104893534,0.352094187548286,fast,train,58_47
182665,-5.875,54.125,46.3333333333333,9.9232459589839,34.4655700027943,1.00120329856873,5.61125522106886,2.32334530353546,0.170242190361023,fast,train,58_48
182679,-5.875,57.625,153.333333333333,8.80944243818521,34.827214339748,0.566158850987754,4.79457990825176,2.8577020963033,0.329400807619095,fast,validation,58_49
182680,-5.875,57.875,151.285714285714,7.98896539104837,34.963748337967,0.869407176971436,5.08965029673917,3.37587542193276,0.321234038897923,fast,validation,58_49
182681,-5.875,58.125,115.833333333333,8.89977722615003,34.9056299543008,0.550948447651333,4.92593157291413,2.91907434331046,0.433506386147605,fast,validation,58_49
182684,-5.875,58.875,108.0,9.71028780005872,35.2889339555986,0.239757388830185,3.41044343076646,2.12518125772476,0.547779820859432,fast,validation,58_49
182886,-5.625,47.375,150.285714285714,11.8627582713962,35.5926476219403,0.561507540089744,0.868574218026229,1.49137393917356,0.393592493874686,fast,validation,58_45
182887,-5.625,47.625,135.285714285714,12.2013567739299,35.5416381132922,0.628268250397274,1.71936050483159,1.41161842005593,0.76965080840247,fast,validation,58_45
182888,-5.625,47.875,135.0,12.2309335693717,35.5230363551527,0.853105147679647,1.69096957147122,2.14827148119608,0.651629447937012,fast,validation,58_45
182909,-5.625,53.125,93.875,10.5652333237231,34.6407971112058,1.01310760714114,4.84282967168838,1.92143246531486,0.351607620716095,fast,train,58_47
182910,-5.625,53.375,88.6,9.50084537342191,34.5298623293638,1.09260345101356,4.63351542279124,1.71590139865875,0.35101233124733,fast,train,58_47
182911,-5.625,53.625,84.9642857142857,9.24432247823902,34.605319343973,1.10133399282183,4.43929214083723,2.03932011978967,0.351131965007101,fast,train,58_47
182912,-5.625,53.875,68.375,9.61030916310847,34.6364100754727,0.981292814016342,4.90256965393201,1.96759483963251,0.29613702185452,fast,train,58_47
182913,-5.625,54.125,54.8125,9.5296945204027,34.6968748723157,1.1779135465622,4.53103731991723,2.77594256401062,0.164159252308309,fast,train,58_48
182915,-5.625,54.625,22.0,10.5970946475863,34.6392711857334,1.15027093887329,4.77809991315007,2.69054865837097,0.201870813965797,fast,train,58_48
183119,-5.375,43.625,131.944444444444,18.1330505311489,35.4989606421441,0.456199136045244,9.35103406012058,1.49085757798619,0.543874402840932,fast,test,58_44
183134,-5.375,47.375,139.0,12.0298601899828,35.5704127079142,0.713044498647962,1.5216005636113,1.56551522016525,0.590745483125959,fast,validation,58_45
183135,-5.375,47.625,131.166666666667,12.3223670236766,35.5311746243387,0.795817772547405,1.82036805152893,1.60090593496959,0.673029363155365,fast,validation,58_45
183149,-5.375,51.125,75.6,12.4570635169744,35.0459303241223,0.725753843784333,4.06477248072624,2.62192695140838,0.413910061120987,fast,train,58_47
183150,-5.375,51.375,69.2,12.9219458676875,34.8348948312923,0.513166522979736,4.76861476041377,2.16569249033928,0.313444843888283,fast,train,58_47
183160,-5.375,53.875,85.2857142857143,9.84403734760625,34.5567622155483,0.955806502274104,4.48988310992718,1.7256087745939,0.318808197975158,fast,train,58_47
183161,-5.375,54.125,78.3333333333333,9.68254037126899,34.7087007947266,0.929604345560074,4.89104281291366,2.23641388813655,0.188586031893889,fast,train,58_48
183162,-5.375,54.375,77.8095238095238,8.87044457878385,34.7956058835345,0.936339409578414,5.01832418037312,2.11696822870345,0.18540709572179,fast,train,58_48
183163,-5.375,54.625,47.7647058823529,10.0284594179076,34.6689369721229,1.1534767580383,5.80599921547315,2.48482885080225,0.161645925220321,fast,train,58_48
183166,-5.375,55.375,50.0,7.96688742935658,34.6934415400028,2.39469289779663,5.78850672394037,3.39969611167907,0.220002815127373,fast,train,58_48
183178,-5.375,58.375,72.5,8.85314494371414,35.0421155104413,0.325791269540787,4.66640216857195,5.89040893316267,0.230637565255165,fast,validation,58_49
183180,-5.375,58.875,85.0,8.44883573055267,35.1268043741584,0.388994693756104,4.04602190852165,1.40258693695068,0.305366903543472,fast,validation,58_49
183382,-5.125,47.375,139.25,11.7765129636973,35.5712301679887,0.623531900346279,1.48832666873932,1.35262967646122,0.449485450983047,fast,validation,58_45
183405,-5.125,53.125,117.384615384615,9.75433305192452,34.5962518253005,0.789394117318667,4.61327179120137,1.40402653125616,0.321010380983353,fast,train,58_47
183407,-5.125,53.625,77.2666666666667,9.76953033059835,34.5730968844146,0.883775448799133,4.92305062562227,1.9571195602417,0.301071935892105,fast,train,58_47
183408,-5.125,53.875,75.1428571428571,9.43943515675409,34.669113928186,0.763809298617499,4.70059685047184,1.99621276174273,0.310665554659708,fast,train,58_47
183409,-5.125,54.125,80.9444444444444,9.38677125424146,34.6670769387856,0.812270362137092,5.05655079334974,2.4055759244495,0.199510532120864,fast,train,58_48
183411,-5.125,54.625,131.0,10.5399639979005,34.710226720199,0.771083891391754,5.47648548334837,1.36626535654068,0.149974346160889,fast,train,58_48
183413,-5.125,55.125,56.5714285714286,8.89405718552214,34.653767477721,1.20221551827022,6.34129284535136,3.74759486743382,0.214061969092914,fast,train,58_48
183414,-5.125,55.375,53.9090909090909,9.40467544645071,34.6286590676755,1.4765711480921,6.13135720789433,3.06524363431064,0.257921259511601,fast,train,58_48
183429,-5.125,59.125,89.4,8.89518724232912,35.3035065438598,0.418568807840347,3.1943357616663,2.11852712631226,0.508717501163483,fast,validation,58_49
183629,-4.875,47.125,128.857142857143,11.6931451154607,35.597879366417,0.638842135667801,1.14721692885671,1.25017771550587,0.762932879584177,fast,validation,58_45
183630,-4.875,47.375,128.333333333333,11.7338480874896,35.6049276888371,0.627317816019058,1.20657978951931,1.44665041565895,0.581468373537063,fast,validation,58_45
183631,-4.875,47.625,119.0,12.0684704642211,35.5756444523909,0.68529874937875,1.83895818356957,1.56368209634508,0.618623963424138,fast,validation,58_45
183632,-4.875,47.875,82.0,12.1733146235347,35.5296486988664,0.896914422512054,2.28192998841405,1.65167838335037,0.526145815849304,fast,validation,58_45
183650,-4.875,52.375,54.9230769230769,10.5159623640088,34.5064569801952,0.932660395136247,5.08490953135949,1.81228048984821,0.322677724636518,fast,train,58_47
183657,-4.875,54.125,81.2,9.25386518016457,34.7375407861546,0.777324160933494,4.97102572247386,2.05573496818542,0.193839956074953,fast,train,58_48
183658,-4.875,54.375,83.4444444444444,9.56699322536587,34.7603279398754,0.745921985970603,5.04597104340792,3.20252756939994,0.0445812700523271,fast,train,58_48
183662,-4.875,55.375,62.6,8.79581897556782,34.7065644990653,1.65110448201497,6.03685414642096,5.6084602355957,0.188086991508802,fast,train,58_48
183663,-4.875,55.625,75.0,11.9286782518029,34.7880489192903,0.0,6.535599835217,14.7143106460571,0.183343455195427,fast,train,58_48
183676,-4.875,58.875,91.6666666666667,7.56477554887533,35.0693278480321,1.00866639614105,4.79921872168779,4.07397508621216,0.27130389213562,fast,validation,58_49
183680,-4.875,59.875,132.0,8.9379253629595,35.3205969091505,0.195424105972052,2.69685964286327,2.67238593101502,0.984786823391914,fast,validation,58_49
183880,-4.625,47.875,81.0,11.8361461311579,35.6532486621291,0.658230731884638,2.46174504607916,1.7016220887502,0.495223373174667,fast,validation,58_45
183899,-4.625,52.625,48.1111111111111,12.4107079356909,34.2173527926207,1.27356425258848,8.40146081149578,2.16575529840257,0.175307293732961,fast,train,58_47
183903,-4.625,53.625,67.8,9.37420576661825,34.4801171589643,0.87005113363266,5.12667012065649,2.10602061748505,0.48592871427536,fast,train,58_47
183923,-4.625,58.625,59.0,7.47541735321284,35.1062043802813,0.687742054462435,4.50379955023527,2.15528225898742,0.293348640203476,fast,validation,58_49
183924,-4.625,58.875,84.0,8.41763360649348,35.0267036631703,0.320810103416443,4.54803918153047,2.09576232433319,0.276690375804901,fast,validation,58_49
184125,-4.375,47.125,119.0,11.7940916251391,35.6147190439515,0.618789486587047,1.48960844613611,1.06184778362513,0.659538686275483,fast,validation,58_45
184127,-4.375,47.625,107.5,12.6439100392163,35.5327005498111,0.655662248531978,2.80697042495012,2.09520119428635,0.348420759042104,fast,validation,58_45
184147,-4.375,52.625,48.2,9.16707053929567,34.2277290858328,1.54493005275726,8.54044617265463,2.01082284450531,0.194352227449417,fast,train,58_47
184151,-4.375,53.625,46.0,8.1163060516119,34.4897304894403,1.23148900270462,7.43540756776929,2.23487031459809,0.37275493144989,fast,train,58_47
184152,-4.375,53.875,47.3333333333333,10.9283222034573,34.0986697003245,0.810634149445427,6.63187555968762,1.96770209736294,0.0,fast,train,58_47
184155,-4.375,54.625,59.0,7.13226723298431,33.8862269651145,1.216070137918,7.26731161773205,2.18929001688957,0.171916112303734,fast,train,58_48
184171,-4.375,58.625,90.1666666666667,8.50230415910482,35.1528722676448,0.473628324146072,4.48677022196352,1.97055583198865,0.26723046352466,fast,validation,58_49
184358,-4.125,43.375,85.1875,13.3367107221857,35.6641208811197,0.35943609289825,2.43299661017954,1.76986967679113,0.649548351764679,fast,test,58_44
184373,-4.125,47.125,127.0,11.7497787494212,35.604800528381,0.625137805938721,0.966460157185793,1.33534181118011,0.701144307851791,fast,validation,58_45
184374,-4.125,47.375,108.142857142857,11.7432652275477,35.5603851976671,0.520009483609881,1.23573804540293,1.60362540398325,0.644981384277344,fast,validation,58_45
184375,-4.125,47.625,96.3333333333333,12.5594348050654,35.5227820342407,0.516973252097766,2.14899136126042,1.64289820194244,0.342919538418452,fast,validation,58_45
184398,-4.125,53.375,47.0,10.4487746916711,34.1738639166579,1.42536830902099,8.11987669765949,4.59096324443817,0.390585958957672,fast,train,58_47
184399,-4.125,53.625,47.0,11.0832685885521,34.0416366055321,1.3258692071988,6.77392591822606,2.62308734196883,0.389830089532412,fast,train,58_47
184400,-4.125,53.875,52.2666666666667,10.1997192397714,34.1133864037693,1.0654731909434,6.49580369889736,2.18805039723714,0.452056284745534,fast,train,58_47
184401,-4.125,54.125,39.3333333333333,10.067578162998,33.8627446675673,1.06519347429276,7.08411917835474,3.18140214681625,0.131094228476286,fast,train,58_48
184403,-4.125,54.625,56.2142857142857,9.93836570052164,33.8682428434757,1.39237635476249,7.69411733214344,2.70806286164693,0.160027482679912,fast,train,58_48
184419,-4.125,58.625,97.0,8.96447646617888,35.1791944820434,0.526881635189056,4.70326852798462,2.45967332522074,0.260696043570837,fast,validation,58_49
184422,-4.125,59.375,135.0,11.0285042971373,35.2687154430896,0.0,3.25717947632074,2.22979831695557,1.04237055778503,fast,validation,58_49
184619,-3.875,46.625,136.5,11.9173253662885,35.5945005314424,0.551691859960556,0.893948178738356,1.37990644574165,0.611166536808014,fast,validation,58_45
184620,-3.875,46.875,126.8,11.8560197845101,35.6108279339969,0.576491069793701,1.18641315847635,1.49353445768356,0.690119409561157,fast,validation,58_45
184622,-3.875,47.375,98.0,12.2009847387671,35.5274445842952,0.639827261368434,2.2175155878067,2.02078233824836,0.614741987652249,fast,validation,58_45
184623,-3.875,47.625,73.0,13.1474654451013,35.2839746978134,0.684363067150116,6.38325143605471,2.41060733795166,0.304897010326385,fast,validation,58_45
184624,-3.875,47.875,27.5,14.519699703902,35.2046265732497,0.29385194182396,6.68648334592581,4.38345849514008,0.345815077424049,fast,validation,58_45
184646,-3.875,53.375,37.0,11.679464103654,33.9829324919265,1.48750138282776,7.84887233376503,4.27672538161278,0.334906488656998,fast,train,58_47
184648,-3.875,53.875,40.8260869565217,9.451711103968,33.7357574446208,1.18963870276576,7.70451713029457,3.51284202285435,0.343732171732446,fast,train,58_47
184650,-3.875,54.375,39.037037037037,9.8091474249959,33.7499674720069,1.34698390850314,8.13004953414202,3.55332493782043,0.176181690008552,fast,train,58_48
184651,-3.875,54.625,34.0833333333333,10.132725007832,33.7060405989178,1.58936291188002,8.35438092425466,3.95925704638163,0.144002379228671,fast,train,58_48
184670,-3.875,59.375,137.166666666667,8.55247658863664,35.2612553630024,0.358417721258269,3.47101249918342,2.59880000352859,0.9728730155362,fast,validation,58_49
184671,-3.875,59.625,161.571428571429,8.90399750002793,35.2560720606042,0.667639223592622,3.44227859590735,1.82428126675742,1.0182603597641,fast,validation,58_49
184672,-3.875,59.875,155.5,9.52699363231659,35.3640857851132,0.74290919303894,2.74922940507532,3.25032293796539,1.13227838277817,fast,validation,58_49
184855,-3.625,43.625,45.5,14.3990661397576,35.6401257030666,0.38246151804924,3.09223303645849,2.0966527223587,0.46912933588028,fast,test,58_44
184868,-3.625,46.875,116.4,11.9018707931042,35.5537583213299,0.382945132255554,1.44657734781504,1.49035650193691,0.673320698738098,fast,validation,58_45
184869,-3.625,47.125,102.571428571429,11.8693502694368,35.5551534531904,0.612279623746872,1.56408232876233,2.13117056127105,0.613582372665405,fast,validation,58_45
184870,-3.625,47.375,81.0,12.8383739814162,35.3495894931257,0.646594047546387,3.31064790487289,2.00952434539795,0.311967730522156,fast,validation,58_45
184871,-3.625,47.625,79.0,16.1373027786613,35.3297524619848,0.419431209564209,5.51750236004591,2.15905451774597,0.311967730522156,fast,validation,58_45
184894,-3.625,53.375,38.7142857142857,9.1035362343703,33.873583582629,1.79524458306176,7.92944119870663,4.79081967898778,0.334906488656998,fast,train,58_47
184895,-3.625,53.625,35.8,10.3725272476673,33.8251899462193,1.51700280110041,8.18867762535811,3.74782810211182,0.339145723978679,fast,train,58_47
184896,-3.625,53.875,40.2222222222222,11.7403587028384,33.9835471007973,1.40901750657294,7.70751059800386,3.29127102428013,0.355650381909476,fast,train,58_47
184897,-3.625,54.125,33.9444444444444,9.65944396331906,33.638518396765,1.5259772307343,8.68202764168382,4.05364235904482,0.160016765197118,fast,train,58_48
184898,-3.625,54.375,37.65,10.7845637474209,33.6391033348627,1.641365686059,8.09772025980056,4.32911731600761,0.173831668496132,fast,train,58_48
184899,-3.625,54.625,26.8571428571429,10.6879177317023,33.5535752121359,2.5265405688967,8.62505394433226,4.14073910032,0.134728342294693,fast,train,58_48
185102,-3.375,43.375,115.125,14.23226112267,35.4816774168284,0.308236978948116,4.36028625955805,0.761713855899871,0.421580868773162,fast,test,58_44
185113,-3.375,46.125,176.2,11.9759941488504,35.6257820036262,0.373981589078903,1.03640858083963,1.34823962450027,0.737350761890411,fast,validation,58_45
185114,-3.375,46.375,125.333333333333,11.7824335545301,35.604800528381,0.39742337167263,1.16220587678254,1.53265772387385,0.707575549681982,fast,validation,58_45
185115,-3.375,46.625,120.25,12.0281075555831,35.5780968326144,0.303012512624264,1.45060579106211,2.99075350910425,0.707277134060859,fast,validation,58_45
185116,-3.375,46.875,115.125,11.6955778766423,35.5372783262283,0.644861821085214,1.39338358584791,2.0925799459219,0.465318452566862,fast,validation,58_45
185117,-3.375,47.125,99.125,12.0019226744771,35.5744727596175,0.629327077418566,1.5024262201041,1.53542682528496,0.356717094779015,fast,validation,58_45
185118,-3.375,47.375,91.5,11.8920560404658,35.5094301863574,0.672349974513055,1.81151768378914,2.26906418800354,0.322603285312653,fast,validation,58_45
185160,-3.375,57.875,61.5862068965517,8.55110009862431,34.978526512739,0.612842128194612,5.78855723733532,3.17401689085467,0.245936712314342,fast,validation,58_49
185169,-3.375,60.125,179.285714285714,9.39421195749726,35.3197249517377,0.856394397360937,2.83194328525237,2.84606979574476,1.12470991270883,fast,train,58_50
185360,-3.125,45.875,127.8,11.7840937614441,35.6012146035209,0.32568473815918,0.913064973056316,1.20010009855032,0.317083010077477,fast,validation,58_45
185362,-3.125,46.375,123.8,11.7988891348243,35.5882442370057,0.356365036964417,1.06775719374418,1.12757199406624,0.708484470844269,fast,validation,58_45
185364,-3.125,46.875,104.6,11.8305307254195,35.5644397996366,0.580131149291992,1.26976531147957,2.27760074138641,0.594322729110718,fast,validation,58_45
185365,-3.125,47.125,75.1818181818182,12.8261887729168,35.5267355684191,0.701044486327605,2.82323956489563,2.62478006021543,0.332702913067557,fast,validation,58_45
185367,-3.125,47.625,30.0,15.4575945362449,34.8052155808546,0.985606983304024,7.09848322346807,2.80157455801964,0.323684990406036,fast,validation,58_45
185408,-3.125,57.875,84.75,9.48139897920192,34.9131748080254,0.749731928110125,6.06994841806591,2.5960183441639,0.253463566303253,fast,validation,58_49
185409,-3.125,58.125,63.75,8.85527360974811,35.0598543940578,0.644469609484076,5.57255012146197,2.49248011782765,0.319351329468191,fast,validation,58_49
185410,-3.125,58.375,76.0,8.04232918471098,35.0871303118765,0.0,6.12982573360205,2.88558626174927,0.293286144733429,fast,validation,58_49
185418,-3.125,60.375,169.0,9.67421492189169,35.2870265487581,0.522079527378082,2.88802758604288,3.46548843383789,1.06851553916931,fast,train,58_50
185609,-2.875,46.125,111.4,11.6886562786996,35.5677968356758,0.467408093810081,1.10621051564813,1.23622626438737,0.602635276317597,fast,train,59_45
185610,-2.875,46.375,97.4666666666667,12.1515366151929,35.6225266959518,0.637601647774378,1.75386211574078,1.81575295329094,0.552754032611847,fast,train,59_45
185611,-2.875,46.625,89.6,12.2896267667413,35.5000457447022,0.599401277303696,1.76123538762331,2.18135557174683,0.650739514827728,fast,train,59_45
185612,-2.875,46.875,85.5,11.5272988155485,35.5838190531358,1.08860900998116,2.18451490625739,1.33219742774963,0.619054138660431,fast,train,59_45
185614,-2.875,47.375,42.6666666666667,15.8152714669705,34.8724834620952,1.31985235214234,6.50337228924036,3.64558243751526,0.354048391183217,fast,train,59_45
185656,-2.875,57.875,87.5,7.66658529639244,35.1550339953973,0.363269090652466,5.44132816046477,3.30139064788818,0.232131399214268,fast,train,59_49
185657,-2.875,58.125,53.75,7.29871518351137,35.040589584969,0.276709847152233,5.2206793371588,2.56099188327789,0.620974831283093,fast,train,59_49
185853,-2.625,45.125,202.8,11.0793359264731,35.5534531362355,0.568328374624253,1.40687887072563,0.879052051901817,0.37231462597847,fast,train,59_45
185854,-2.625,45.375,126.428571428571,12.0802942067385,35.615536504026,0.313633292913437,0.927379025944642,0.835590747850282,0.318981719868524,fast,train,59_45
185855,-2.625,45.625,120.0,12.081759095192,35.6425671838224,0.385739222168923,1.11551255732775,0.913867130875587,0.271449476480484,fast,train,59_45
185856,-2.625,45.875,109.25,12.1729484014213,35.6236838561017,0.387685786932707,1.47386089526117,1.06202321313322,0.271160550415516,fast,train,59_45
185857,-2.625,46.125,100.444444444444,12.0659708529711,35.6308684218675,0.481588625245624,1.36381115019322,1.30068585607741,0.493183592955271,fast,train,59_45
185858,-2.625,46.375,76.0,12.3959776684642,35.4548783507198,0.627676784992218,1.25394451618195,1.34040379524231,0.540137767791748,fast,train,59_45
185859,-2.625,46.625,67.5,12.5717642828822,35.5548264691606,0.621761545538902,1.6597186177969,1.55530481040478,0.44069904088974,fast,train,59_45
185860,-2.625,46.875,56.5,12.1703848466277,35.4991301894188,0.740143448114395,2.0610980540514,3.31725001335144,0.515165090560913,fast,train,59_45
185862,-2.625,47.375,25.8,16.15781121701,34.697408946231,2.03609261512756,7.51780754327774,3.99104022979736,0.370154798030853,fast,train,59_45
185904,-2.625,57.875,84.4827586206897,8.59027323640626,35.0176743938234,0.700387362776132,5.4361757941801,2.83201007596378,0.237265699382486,fast,train,59_49
185905,-2.625,58.125,57.1,8.82033144235612,35.1420636288822,0.735547018051147,5.09942319542169,2.60583639144897,0.666688072681427,fast,train,59_49
185914,-2.625,60.375,180.0,9.28601948171854,35.3442487539723,0.979074840744336,2.77431561984122,3.57917066415151,0.948122978210449,fast,train,59_50
186104,-2.375,45.875,102.125,12.0113528938964,35.6072801572736,0.444270882755518,1.21768852695823,1.20155387464911,0.315904900431633,fast,train,59_45
186105,-2.375,46.125,89.5,12.3718070089817,35.5342264752835,0.460431367158889,2.27094332501292,1.24644082039595,0.545698821544647,fast,train,59_45
186106,-2.375,46.375,69.0,12.8735313042998,35.5891597922891,0.735850214958191,3.6666157990694,1.48213857412338,0.540137767791748,fast,train,59_45
186109,-2.375,47.125,22.2,15.4543717816472,34.3946653325111,1.65450677871704,9.9222754508257,5.11070780754089,0.326404666900635,fast,train,59_45
186145,-2.375,56.125,60.3333333333333,7.63521226868033,34.7654143581167,1.08000383774439,5.16934720426798,4.44287983576457,0.139339126646519,fast,validation,59_48
186147,-2.375,56.625,48.5714285714286,7.36094678406205,34.9131748080253,0.990352490118572,6.03847947503839,3.60571643284389,0.0754148736596107,fast,validation,59_48
186152,-2.375,57.875,89.5,6.85503709316253,34.9581896094605,1.37998604774475,5.53727835416794,4.30580949783325,0.238556586205959,fast,train,59_49
186155,-2.375,58.625,75.6666666666667,10.2181768342853,35.2214117534458,1.28921182950338,4.70302437990904,1.36142826080322,0.598219752311707,fast,train,59_49
186156,-2.375,58.875,80.6551724137931,8.34697546964061,35.2163077958314,0.494820635637333,4.64680297133224,1.77973521166834,0.782695685995036,fast,train,59_49
186160,-2.375,59.875,100.333333333333,8.54503007233143,35.3241574019193,0.539532005786897,3.51182591915131,1.9051593542099,0.764684875806173,fast,train,59_49
186161,-2.375,60.125,126.8,9.02014222741127,35.3181554283947,1.08602980971336,3.09750663489103,2.01882965564728,0.80756950378418,fast,train,59_50
186163,-2.375,60.625,154.363636363636,8.80253970623016,35.3414049837738,0.616733544252136,2.48544960469007,3.32255822961981,1.03768187219446,fast,train,59_50
186348,-2.125,44.875,150.0,11.4544206149876,35.6704916199669,0.446850743889809,0.840406505763531,0.899121183156968,0.431482848525047,fast,train,59_44
186349,-2.125,45.125,129.0,12.3661305662244,35.645237553399,0.541947707533836,1.45554978959262,0.927644837647677,0.276119709014893,fast,train,59_45
186350,-2.125,45.375,90.2,12.2619403749704,35.5882442370057,0.41996596455574,2.0650532528758,1.05290046036243,0.261997014284134,fast,train,59_45
186351,-2.125,45.625,92.0,12.4355296567082,35.5174412950873,0.402860730886459,1.72344126552343,1.27836263179779,0.261997014284134,fast,train,59_45
186352,-2.125,45.875,67.6666666666667,12.5866573154927,35.4701376054436,0.585316469271978,2.78328806161881,1.24259209632874,0.296777009963989,fast,train,59_45
186353,-2.125,46.125,62.5,14.3230384290219,35.5677968356758,0.523288108408451,3.38883632607758,1.54434211924672,0.376476831734181,fast,train,59_45
186354,-2.125,46.375,39.6666666666667,16.3680227100849,35.064750071615,1.01496815681458,6.3229468613863,2.11273827155431,0.468524217605591,fast,train,59_45
186355,-2.125,46.625,28.4285714285714,16.7091324499675,34.652677530955,1.60391395432608,8.00184854226453,2.79024139046669,0.475367401327406,fast,train,59_45
186393,-2.125,56.125,61.5,9.11755730956791,34.8200933542103,0.957820340991019,5.41770683415234,2.61069971323013,0.109992899000645,fast,validation,59_48
186394,-2.125,56.375,55.1428571428571,7.86758891918829,34.7825991854604,0.762093794132981,5.29810915541436,2.50060554913112,0.0859657451510429,fast,validation,59_48
186395,-2.125,56.625,55.3157894736842,8.10123312041948,34.86988671173,0.905993825510929,6.01074572221229,2.88255604944731,0.078254170323673,fast,validation,59_48
186396,-2.125,56.875,46.5,10.3711356036365,34.8656167974695,1.44782042503357,5.9454939365387,2.91159542401632,0.0754148736596107,fast,validation,59_48
186403,-2.125,58.625,80.0,10.3583178296685,35.1207006722689,1.2528874874115,4.7865230217576,1.51685798168182,0.746618866920471,fast,train,59_49
186412,-2.125,60.875,120.0,9.3040864393115,35.3287351783365,1.02927803993225,2.67854853719473,1.7417604525884,1.0353239774704,fast,train,59_50
186591,-1.875,43.625,151.416666666667,11.8836329318583,35.6456190347672,0.567114725708962,1.051911983639,1.86046902338664,0.401185363531113,fast,train,59_44
186593,-1.875,44.125,134.75,11.7007049862295,35.6318857055157,0.306637089699507,0.872066407464444,0.943649906665088,0.408984269946814,fast,train,59_44
186594,-1.875,44.375,128.0,11.9967955648899,35.6402782956139,0.415394380688668,1.08328501135111,0.594294026494026,0.376857429742813,fast,train,59_44
186595,-1.875,44.625,157.666666666667,12.117282640189,35.6357005191967,0.402562608321508,1.08047730848193,0.653826196988424,0.42766343553861,fast,train,59_44
186596,-1.875,44.875,110.75,12.1540879625827,35.6055634911172,0.507316410541536,2.28449354320764,0.955711897462605,0.334855824708939,fast,train,59_44
186597,-1.875,45.125,104.8,12.075899541378,35.6221197824925,0.405481648445129,1.29789116978645,0.91960100531578,0.253015846014023,fast,train,59_45
186598,-1.875,45.375,77.5,12.1912595070898,35.6898708734661,0.792079240083693,2.25702688470483,2.44102288782596,0.256756991147995,fast,train,59_45
186599,-1.875,45.625,71.75,12.1837519537657,35.5056153726764,0.580304220318794,2.46284371241927,1.42295143613592,0.252995666116476,fast,train,59_45
186601,-1.875,46.125,40.5,15.8608050830662,35.081026609987,0.902593582868575,7.28562272340059,2.1936362683773,0.271002858877182,fast,train,59_45
186642,-1.875,56.375,52.1666666666667,9.6691488493234,34.9247464095242,1.03250081092119,5.24289681203663,2.42583898703257,0.665085390210152,fast,validation,59_48
186645,-1.875,57.125,98.7777777777778,8.62844733148814,35.0863956070195,0.831024526997849,5.07733050733805,2.59334151833146,0.0679417699575424,fast,train,59_49
186650,-1.875,58.375,106.0,8.38987397029996,35.2664265548811,1.11364996433258,3.39817498996854,1.16385620832443,0.714106321334839,fast,train,59_49
186656,-1.875,59.875,102.2,8.14926604181528,35.3221228346229,0.285541194677353,3.85324258804321,3.28307070732117,0.306178957223892,fast,train,59_49
186657,-1.875,60.125,80.0,10.226477868855,35.32670061104,2.23332905769348,3.74571977555752,2.85027265548706,0.232549399137497,fast,train,59_50
186839,-1.625,43.625,103.666666666667,12.4500564672053,35.6252733618021,0.517774035533269,1.74382762983441,2.27454890310764,0.364594526588917,fast,train,59_44
186841,-1.625,44.125,97.6,12.0770714521408,35.5955686792731,0.574374657869339,2.4358165204525,0.787859377264977,0.341918230056763,fast,train,59_44
186843,-1.625,44.625,103.333333333333,12.3024689555168,35.6390066910535,0.415642683704694,1.62358470261097,0.854653437932334,0.351609230041504,fast,train,59_44
186845,-1.625,45.125,73.0,12.9980468228459,35.5296486988664,0.335704743862152,2.08600115776062,1.64940857887268,0.275295615196228,fast,train,59_45
186846,-1.625,45.375,44.75,14.7053743153811,35.3022858034819,0.78478766232729,5.60759299993515,1.94330306351185,0.147666603326797,fast,train,59_45
186847,-1.625,45.625,50.3333333333333,13.9205603264272,35.5204931460321,0.952994624773662,3.69579149410129,2.4539456764857,0.219675232966741,fast,train,59_45
186849,-1.625,46.125,28.0,15.9411542147398,35.3053376544267,1.33925671577454,6.5755912899971,1.59617233276367,0.248135179281235,fast,train,59_45
186850,-1.625,46.375,29.0,18.1291848532856,34.4630267936736,1.11804670095444,10.8581194393337,1.48047447204589,0.360009372234344,fast,train,59_45
186888,-1.625,55.875,79.5,8.77074496820569,34.9658192368224,0.84060809016228,4.68727682903409,1.54914367198944,0.710623234510422,fast,validation,59_48
186889,-1.625,56.125,59.0,6.8164616972208,34.8328093998134,0.759127120176952,5.23819696158171,1.98697189490001,0.344056884447734,fast,validation,59_48
186891,-1.625,56.625,58.0,7.13943472291742,34.9324668657833,0.256365899528776,5.4073741388108,2.64089207989829,0.565629831382206,fast,validation,59_48
186892,-1.625,56.875,58.5,7.01031526923179,34.9826044170185,0.106156833469867,5.03299050405622,1.99602603912354,0.308036714792252,fast,validation,59_48
186893,-1.625,57.125,111.25,8.56666769552977,35.016556258779,0.965730756521226,5.14413891546428,2.64838126301765,0.0968279540538787,fast,train,59_49
186895,-1.625,57.625,69.0,7.9954527541995,35.1771599147469,0.0,3.9434797167778,2.20398044586182,0.285126477479935,fast,train,59_49
186896,-1.625,57.875,70.0,7.38752404600382,35.2000487968326,0.818961143493652,5.27359843254089,1.48848438262939,0.285126477479935,fast,train,59_49
186897,-1.625,58.125,105.6,8.21811579912901,35.2534561883658,0.536946707963943,3.88297982364893,2.41111316680908,0.727127301692962,fast,train,59_49
186899,-1.625,58.625,103.5,8.30838955007493,35.2643284073565,0.759678609669209,3.1319315135479,2.11238658428192,0.741501331329346,fast,train,59_49
186900,-1.625,58.875,105.3,7.93121739551425,35.2732932195067,0.786371025443078,3.3812555283308,2.39297251701355,0.764458161592483,fast,train,59_49
186901,-1.625,59.125,101.5,8.89178137667477,35.3320413501933,1.20627096295357,3.7283242251724,2.14907723665238,0.818046748638153,fast,train,59_49
186904,-1.625,59.875,116.705882352941,9.26266743637183,35.3013882002629,1.14179176179802,3.90935643280254,2.71339572177214,0.229256258291357,fast,train,59_49
186905,-1.625,60.125,109.409090909091,8.61480093374848,35.3058925364167,0.617650972848589,3.81650052219629,2.77466160058975,0.248465427620844,fast,train,59_50
186908,-1.625,60.875,135.5,8.73046053573489,35.3450117167085,0.390398323535919,1.79375591129064,3.90558612346649,1.02785277366638,fast,train,59_50
186909,-1.625,61.125,185.0,8.56163214147091,35.3175450582057,0.671938717365265,1.69927060604095,3.30678749084473,1.0541889667511,fast,train,59_50
187087,-1.375,43.625,32.0,12.1777092888951,35.6446653313469,1.2390703111887,1.81124301720411,3.8565739504993,0.207667507231236,fast,train,59_44
187088,-1.375,43.875,37.3888888888889,12.1812087446451,35.6332420837134,0.590947277016109,1.59444969892502,2.78359558309118,0.218040408359633,fast,train,59_44
187089,-1.375,44.125,39.4,12.6726950973272,35.6065553426743,0.391181391477585,2.74300362914801,1.90861823856831,0.170425492525101,fast,train,59_44
187090,-1.375,44.375,31.0,18.1947386115789,35.193945094943,0.436613321304321,7.14059876650572,1.25329503417015,0.153706818819046,fast,train,59_44
187091,-1.375,44.625,32.8,17.3637806363404,35.2676472952589,1.08784314990044,6.4400158636272,4.35968983769417,0.172245487570763,fast,train,59_44
187092,-1.375,44.875,27.8,18.6793237119913,35.0758384633809,1.08987139463425,7.86249579638243,2.22401266396046,0.164162632822991,fast,train,59_44
187093,-1.375,45.125,37.1,16.2187505766749,35.0468458794058,0.805317080020905,6.91529892235995,2.57410555779934,0.194660697877407,fast,train,59_45
187094,-1.375,45.375,44.0,14.8496658280492,35.479801800102,0.734409987926483,4.69325845688581,2.51036848624547,0.152620250980059,fast,train,59_45
187095,-1.375,45.625,30.7142857142857,16.5356478031192,35.0877842799361,1.93548551627568,6.74298618627446,3.89477780887059,0.189823116574969,fast,train,59_45
187096,-1.375,45.875,29.0,17.3985717371106,34.7300637513399,1.26683449745178,7.37571336328983,2.87463307380676,0.188430279493332,fast,train,59_45
187098,-1.375,46.375,30.0,18.5485091730952,34.0357676614076,0.845126211643219,9.8323312997818,2.02095007896423,0.299763411283493,fast,train,59_45
187114,-1.375,50.375,41.2857142857143,15.906268942569,34.638290233644,1.52365610429219,8.22911552233355,3.20648455619812,0.805230591978345,fast,train,59_46
187136,-1.375,55.875,85.875,7.95562609937042,34.8284859443083,0.861628849059342,4.25705740135163,2.49203579127788,0.741565868258476,fast,validation,59_48
187137,-1.375,56.125,60.0714285714286,7.52653149675046,34.8933377768844,0.455963952200753,5.24508542514273,2.41043475696019,0.344301517520632,fast,validation,59_48
187138,-1.375,56.375,59.0555555555556,7.92387667670846,34.8640908719972,0.8242357439465,5.18725139647722,2.1035438908471,0.349956350194083,fast,validation,59_48
187139,-1.375,56.625,67.1666666666667,9.0100507736206,34.9352159537375,1.0052448908488,5.15909298509359,2.01486106713613,0.320593648486667,fast,validation,59_48
187141,-1.375,57.125,92.5,6.80925932899117,34.9787896033376,0.906975507736204,5.23221533372999,2.21616160869598,0.289462268352508,fast,train,59_49
187142,-1.375,57.375,99.5,7.103335686028,35.0573747651652,0.761078774929046,4.87148655205965,2.66551166772842,0.474986150860786,fast,train,59_49
187143,-1.375,57.625,113.055555555556,7.91997030749917,35.1363837951794,0.614855183495416,4.47181615233421,2.38075780206256,0.657355487346649,fast,train,59_49
187144,-1.375,57.875,94.75,8.07528917491436,35.1752525079064,0.590561181306838,4.61751151643693,2.50245440006256,0.690053507685661,fast,train,59_49
187146,-1.375,58.375,88.5,7.81563769653439,35.2323475526646,0.205471326907476,3.32114627212286,2.30172801017761,0.730177839597067,fast,train,59_49
187147,-1.375,58.625,112.5,8.11703849583865,35.2710043312982,0.679427325725555,2.96603289619088,1.8861226439476,0.834071576595306,fast,train,59_49
187148,-1.375,58.875,111.0,7.64131597056985,35.31067839358,1.46942156553268,1.985656298697,2.10368633270264,0.83047741651535,fast,train,59_49
187153,-1.375,60.125,129.5,8.54380933195352,35.3371277684346,1.49564617623886,4.11352885141969,3.37232045332591,0.342683762311935,fast,train,59_50
187156,-1.375,60.875,122.5,8.69176306575537,35.3534043068066,0.0856177707513173,2.04437391087413,2.68424411614736,0.272914290428162,fast,train,59_50
187358,-1.125,49.375,20.0,16.3601123124361,34.4542781542987,2.02149426241716,9.47509383559227,8.74607993761698,0.612713436285655,fast,train,59_46
187359,-1.125,49.625,26.4,16.5419782139361,34.4462416134775,1.35112482905388,9.25399333834648,4.10235768556595,0.633361464738846,fast,train,59_46
187382,-1.125,55.375,92.0434782608696,7.06585364885952,34.8197616312815,0.732402163922139,4.02837955627752,2.7443020551101,0.130025454837343,fast,validation,59_48
187383,-1.125,55.625,92.5,7.14288767427206,34.8986785160378,0.748220652341844,4.43952756933868,2.70232886075974,0.564700942486525,fast,validation,59_48
187384,-1.125,55.875,72.3333333333333,7.57422756722995,34.878805153338,0.711305528879166,4.63434901407787,2.18309462070465,0.717829221770877,fast,validation,59_48
187386,-1.125,56.375,63.0,7.45857113599777,34.835352608934,0.339996367692947,4.70961637794971,2.29322600364685,0.372319221496582,fast,validation,59_48
187387,-1.125,56.625,67.6666666666667,9.10738447308541,34.9450496956706,0.829159696896871,5.26130964607001,1.76786896917555,0.320050809118483,fast,validation,59_48
187389,-1.125,57.125,81.0,7.0769676938653,34.9269081372768,0.0,4.88650165870786,2.57281804084778,0.283766865730285,fast,train,59_49
187390,-1.125,57.375,80.5,7.44355602934957,35.0718710571527,0.737619057297709,5.33805352449417,1.87367463111877,0.289513617753982,fast,train,59_49
187392,-1.125,57.875,105.1,7.97303996086121,35.2047791657969,0.473319479823113,3.76447034776211,2.17102898359299,0.736658680438996,fast,train,59_49
187393,-1.125,58.125,109.03125,8.26817378425039,35.2363848971436,0.638990220613778,3.64111758442596,2.33817732706666,0.728796331211924,fast,train,59_49
187396,-1.125,58.875,114.0,7.79359112530947,35.2549821138382,0.104596999287605,2.42614825665951,2.51579983234406,0.834924793243409,fast,train,59_49
187398,-1.125,59.375,113.636363636364,8.51708621531725,35.3178224992007,0.998003471981396,2.52613355219364,2.12233164093711,0.837447589093989,fast,train,59_49
187404,-1.125,60.875,122.333333333333,9.14123967289924,35.3205969091505,0.629874130090079,2.4851832613349,1.98657870292664,0.270464390516281,fast,train,59_50
187405,-1.125,61.125,137.551724137931,9.15688198753472,35.3626387868205,0.467816711499773,2.10754512070582,2.89607882088628,1.09226944939843,fast,train,59_50
187606,-0.875,49.375,23.6785714285714,16.3452384628888,34.4680950461355,1.1426318234631,9.49310498791082,5.60209713663374,0.561968273350171,fast,train,59_46
187631,-0.875,55.625,95.9545454545455,7.39588056877256,34.8300118697807,0.705320593985644,3.37104126065969,2.17804568464106,0.303272426128387,fast,validation,59_48
187632,-0.875,55.875,81.8333333333333,7.02606282010674,34.8981698742136,0.812469124794007,3.57335123419762,2.25966680049896,0.315993666648865,fast,validation,59_48
187633,-0.875,56.125,74.5,8.36814479157329,34.9447106011212,0.51430581510067,4.80520034953952,2.03828106323878,0.383830726146698,fast,validation,59_48
187634,-0.875,56.375,71.5263157894737,8.16225728941592,34.9429705106702,0.439007250494079,4.80367763654182,3.15719785815791,0.379115372896194,fast,validation,59_48
187637,-0.875,57.125,72.5,9.30249947682023,35.0138858892023,0.554650008678437,4.80629901587963,2.1627693772316,0.315811365842819,fast,train,59_49
187638,-0.875,57.375,78.6363636363636,8.22856977581978,35.0983666721731,0.781696885824203,4.89053010195494,2.25645613670349,0.315811365842819,fast,train,59_49
187640,-0.875,57.875,96.2702702702703,7.96023604394616,35.1950998493546,0.488885007194571,3.78499462274281,2.42878778560742,0.761591666453594,fast,train,59_49
187641,-0.875,58.125,115.0,8.13608204573393,35.185552504845,0.330989301204682,3.71019623056054,2.99772810935974,0.824724853038788,fast,train,59_49
187642,-0.875,58.375,110.5,7.59473251774907,35.2307198988274,0.332174141705036,2.08585466891527,2.34007352590561,0.922024846076965,fast,train,59_49
187643,-0.875,58.625,127.5,7.27399519085884,35.129093262367,0.337113089859486,2.08563493564724,2.68525326251984,0.966827630996704,fast,train,59_49
187644,-0.875,58.875,126.0,7.72078616917133,35.3160191327333,0.780320852994919,1.44108401611447,4.08859980106354,0.966827630996704,fast,train,59_49
187645,-0.875,59.125,136.55,7.41729790382087,35.2649769256823,0.433001700975001,1.39310891926289,2.44605377912521,1.04884871840477,fast,train,59_49
187653,-0.875,61.125,131.0,9.21057772636414,35.3373820893466,0.90621429681778,2.6009094491601,2.46681141853333,1.10554468631744,fast,train,59_50
187854,-0.625,49.375,23.7,16.3392010297626,34.501403819304,1.92474705576897,9.58436230681836,4.03101481199265,0.572443425655365,fast,train,59_46
187855,-0.625,49.625,39.5,15.9606372311711,34.6737571014091,0.773150618374348,8.38011413142085,2.42634627819061,1.18992228507996,fast,train,59_46
187875,-0.625,54.625,60.0,6.64116337895393,34.3302712775767,0.925559818744659,5.17618335038424,8.14057540893555,0.088303841650486,fast,validation,59_48
187877,-0.625,55.125,75.0,6.38847012072802,34.8765525966883,0.659647047519684,4.26209295541048,4.20310735702515,0.375976026058197,fast,validation,59_48
187880,-0.625,55.875,79.8888888888889,6.90427362173796,34.9204653408378,0.868032677306069,3.61803033202887,1.53471191724142,0.325198700030645,fast,validation,59_48
187881,-0.625,56.125,74.0,8.01998963579535,34.9635303486139,0.993766352534293,4.74459058977664,1.58151262998581,0.376358784735203,fast,validation,59_48
187885,-0.625,57.125,78.5,7.25429244115949,35.0891140149906,0.724941502511501,4.76066774055362,2.67820198535919,0.335615417361259,fast,train,59_49
187886,-0.625,57.375,66.0,7.30915251374245,35.0390636594966,0.307967906196912,4.98477125912905,2.33326892058055,0.336000194152197,fast,train,59_49
187888,-0.625,57.875,113.333333333333,8.04281748086214,35.2163253352046,0.244173166652521,3.10580766946077,2.22909903526306,0.78843754529953,fast,train,59_49
187889,-0.625,58.125,110.055555555556,7.52253793179989,35.2316693635657,0.530952828625838,2.6005025357008,2.42638568083445,0.893554541799757,fast,train,59_49
187890,-0.625,58.375,115.0,7.83907591179013,35.2610858157277,0.729186087846754,1.93292031437158,1.79307472705841,0.943251967430115,fast,train,59_49
187892,-0.625,58.875,133.851851851852,7.46388813853264,35.2708065261443,0.458983950316906,1.42658433318138,2.60676568525809,0.981514188978407,fast,train,59_49
187893,-0.625,59.125,141.833333333333,7.31525621563196,35.2562537183985,0.369364850223064,1.15591906383634,3.24689877033234,1.11107504367829,fast,train,59_49
187897,-0.625,60.125,125.444444444444,8.57668793946505,35.3578973095864,0.778059840202332,2.4134037271142,2.52571731143528,0.847765273518032,fast,train,59_50
187899,-0.625,60.625,119.0,8.43068739026785,35.3521327022463,0.28842572040028,2.96713156253099,2.33271768358019,0.280098769399855,fast,train,59_50
187901,-0.625,61.125,142.736842105263,8.88205721582237,35.353685398341,0.248223078878302,2.21417889744043,2.45099321792,1.14278034787429,fast,train,59_50
187904,-0.625,61.875,415.0,-0.322183884680271,34.8902859259397,1.47028791904449,2.03473006188869,1.95317220687866,1.18310844898224,slow,train,59_50
188102,-0.375,49.375,33.2380952380952,16.344165955271,34.5181781000325,1.5166327431798,9.94003547940935,5.18477156048729,0.44213940841811,fast,train,59_46
188103,-0.375,49.625,25.6842105263158,16.3721089778762,34.4798922857368,1.34690840307035,10.3259987086058,5.16253407377946,0.413900897691124,fast,train,59_46
188124,-0.375,54.875,71.7727272727273,7.38965479284525,34.7269425401464,0.835222282192924,3.46585949510336,2.71663292429664,0.671334445476532,fast,validation,59_48
188126,-0.375,55.375,68.6363636363636,7.07903185486793,34.8399303853512,0.777261858636683,3.1683539673686,1.74449468742717,0.643682642416521,fast,validation,59_48
188129,-0.375,56.125,72.0,7.15515611506999,34.9734488641843,0.58512581884861,4.58638263680041,2.36957967281342,0.347941726446152,fast,validation,59_48
188130,-0.375,56.375,73.8461538461538,7.08057357313541,35.0344271936382,0.473712547467305,3.76814383726854,3.32148737173814,0.367753342940257,fast,validation,59_48
188132,-0.375,56.875,80.3571428571429,7.52799638520394,35.0860403651106,0.400040612689086,3.67116741676416,2.52284772906985,0.380840384534427,fast,validation,59_48
188133,-0.375,57.125,82.7857142857143,7.87245444155165,35.0535599514842,0.589947747332709,3.86301548672574,1.96269857883454,0.371610051819256,fast,train,59_49
188136,-0.375,57.875,106.416666666667,7.97531053796411,35.2455722400919,0.661722101271152,2.36439100094139,2.09828518827756,0.927469606200854,fast,train,59_49
188137,-0.375,58.125,126.0,7.46369824558496,35.2092043496668,0.410468995571136,1.35795159637928,2.99008417129517,0.966110825538635,fast,train,59_49
188138,-0.375,58.375,132.2,7.80531023293733,35.2299569360912,0.327481180429459,2.06446729749441,2.07633316516876,0.987494087219239,fast,train,59_49
188139,-0.375,58.625,132.5,7.85775323957205,35.2496413746849,0.321566820144653,1.77214880660176,1.47730952501297,0.990012764930725,fast,train,59_49
188140,-0.375,58.875,135.0,7.02862637490034,35.2595598902553,0.99206668138504,2.32624286413193,3.84794783592224,0.987171351909637,fast,train,59_49
188141,-0.375,59.125,141.0,7.22807093784213,35.2739035896957,0.571118608117104,1.23475447744131,2.66566940546036,1.11901448965073,fast,train,59_49
188142,-0.375,59.375,137.5,7.11728874854744,35.2571184094995,0.415446197986603,1.2372081656009,2.09820250570774,1.16041370630264,fast,train,59_49
188143,-0.375,59.625,133.684210526316,7.68246777120389,35.312083851252,0.490369986546667,1.76322455194436,1.95289955641094,1.07747112449847,fast,train,59_49
188145,-0.375,60.125,137.6,8.13893857821822,35.3229239454959,0.499841744452715,2.43753776438534,2.14566068649292,0.873372392356396,fast,train,59_50
188350,-0.125,49.375,21.04,16.4276729679108,34.3959471099079,2.30563035964966,10.4177300235629,9.62484588623046,0.32318999171257,fast,train,59_46
188370,-0.125,54.375,63.0,7.64241463690996,34.7972044721246,1.15990257263184,4.34925381839275,2.21825671195984,0.221456974744797,fast,validation,59_48
188371,-0.125,54.625,65.0,8.37705619633198,34.7590563353151,0.809782326221466,3.97863703966141,1.33157980442047,0.571410536766052,fast,validation,59_48
188372,-0.125,54.875,78.75,7.68313853591681,34.7212133836001,0.702862894535065,3.43681142292917,1.77928517460823,0.671051496267319,fast,validation,59_48
188373,-0.125,55.125,79.0,7.67797887325287,34.7777065355331,0.627078046401342,3.09986673295498,2.01101617018382,0.649414459864298,fast,validation,59_48
188374,-0.125,55.375,73.1818181818182,7.29147397354245,34.8552590003237,0.656362016092647,3.0639473721385,1.65760497071526,0.607678345658562,fast,validation,59_48
188376,-0.125,55.875,80.0,7.45124669373035,34.8033081740141,0.846859753131866,3.36997588723898,2.08123230934143,0.619925618171692,fast,validation,59_48
188379,-0.125,56.625,82.0,7.80648214370012,35.0077821873128,0.0,3.40293587744236,1.45770013332367,0.389332354068756,fast,validation,59_48
188381,-0.125,57.125,80.0,8.22763757407665,34.98031552881,0.41243115067482,3.66148868948221,1.84609889984131,0.388226866722107,fast,train,59_49
188383,-0.125,57.625,100.0,8.36899930983782,35.1161228958517,0.532805144786835,3.66368602216244,1.95730566978455,0.865053474903107,fast,train,59_49
188385,-0.125,58.125,134.5,7.53303629904985,35.2476068073884,0.499797453482946,2.08807641640306,1.84166616201401,0.986368775367737,fast,train,59_49
188387,-0.125,58.625,134.0,7.41352581605315,35.2519302628935,0.523511186242104,1.7465132586658,1.30948394536972,0.990012764930725,fast,train,59_49
188388,-0.125,58.875,138.2,7.03888059407473,35.2000487968326,0.328881841897965,1.82290719151497,1.61531190872192,0.985238254070282,fast,train,59_49
188389,-0.125,59.125,139.0,7.32673117518425,35.2443006355315,0.183867141604424,1.11624500155449,1.79869520664215,1.12340462207794,fast,train,59_49
188391,-0.125,59.625,134.714285714286,7.55556767859629,35.3096974414906,0.481850756066186,1.7091062856572,2.66272980826242,1.08546589102064,fast,train,59_49
188392,-0.125,59.875,136.0,7.5992004275322,35.3297524619848,0.519645571708679,1.42826624214649,1.43835020065308,1.05085873603821,fast,train,59_49
188393,-0.125,60.125,132.666666666667,7.70320750772953,35.2844833396375,0.864366432030996,2.40144047141075,2.27166525522868,0.908895790576935,fast,train,59_50
188396,-0.125,60.875,161.0,9.39588611572981,35.3485722094774,1.49838292598724,2.1277504786849,2.3332904179891,1.00839674472809,fast,train,59_50
188398,-0.125,61.375,180.0,8.96960357576609,35.3358561638742,2.35460865497589,1.93987853452563,3.45748162269592,1.11336708068848,fast,train,59_50
188598,0.125,49.375,11.1111111111111,16.2627135068178,34.3621461652219,1.72292698091931,10.5565558746457,7.68863328297933,0.277643084526062,fast,validation,60_46
188599,0.125,49.625,26.08,15.2393554544449,34.5166783332825,1.35895750910044,10.0072096833587,5.63822875976562,0.436890313625336,fast,validation,60_46
188600,0.125,49.875,32.3846153846154,14.4819788262248,34.458801153904,0.663827577462563,10.2778264152316,2.24988419276017,0.415679968320406,fast,validation,60_46
188603,0.125,50.625,56.5333333333333,14.2141483873129,34.645018838346,0.786114617188771,8.90622881948948,2.62147301038106,0.181816388169924,fast,validation,60_46
188616,0.125,53.875,52.3333333333333,10.2655415609479,34.5194860361516,1.61806873480479,6.33124789595604,2.72953538099924,0.966693520545959,fast,test,60_47
188617,0.125,54.125,61.5,6.59611805900931,34.480574936606,1.79662927985192,5.04397716745734,2.6702007651329,0.976893812417984,fast,train,60_48
188620,0.125,54.875,79.2307692307692,7.57300146096028,34.7487269936559,0.663888057837119,3.18393505364656,1.34886611883457,0.872652961657597,fast,train,60_48
188622,0.125,55.375,84.125,7.30338451545686,34.8660618590657,0.608938045799732,2.85808892827481,1.02302531152964,0.676536157727242,fast,train,60_48
188623,0.125,55.625,78.0,7.48237557336688,34.9093599943444,0.478940084576607,2.92922757379711,1.69796949625015,0.761979073286057,fast,train,60_48
188624,0.125,55.875,97.2105263157895,7.40494850866104,34.9669034470265,0.580029155078687,2.72561771618692,1.43704498441596,0.749777746827979,fast,train,60_48
188625,0.125,56.125,77.0,7.91195411235094,35.1680043619126,0.0,2.10504470765591,3.32771611213684,0.474476248025894,fast,train,60_48
188626,0.125,56.375,88.2857142857143,7.36335338652134,35.0341588990497,0.48857256770134,2.33471829018423,3.06426349708012,0.481812183346067,fast,train,60_48
188627,0.125,56.625,85.0,6.02078311890364,35.0886562373489,0.319556593894958,3.69737845659256,1.40088272094727,0.475009381771088,fast,train,60_48
188633,0.125,58.125,138.0,7.43659780919552,35.2793969213962,0.269242383539677,1.75493636727333,1.34493917226791,1.06593722105027,fast,train,60_49
188634,0.125,58.375,146.0,7.46003602445126,35.2519302628934,0.0,1.82818078994751,1.28770625591278,1.06926167011261,fast,train,60_49
188636,0.125,58.875,140.0,7.18720054998994,35.2595598902553,0.0809568017721175,1.2645649574697,1.29160797595977,1.19182777404785,fast,train,60_49
188637,0.125,59.125,139.666666666667,7.5740531757474,35.2666808757931,0.0,1.37919247895479,1.7305357058843,1.19799304008484,fast,train,60_49
188638,0.125,59.375,132.666666666667,6.77056185901165,35.2295500226319,0.325243572394053,0.752952665090561,2.4020467599233,1.19249367713928,fast,train,60_49
188640,0.125,59.875,137.0,6.90191352367401,35.2870265487581,0.0,2.90780358016491,1.56220996379852,1.0871696472168,fast,train,60_49
188641,0.125,60.125,151.333333333333,7.74044008925557,35.3185623418539,1.05935862660408,2.57112338393927,1.71454246838888,1.04643094539642,fast,train,60_50
188647,0.125,61.625,202.0,8.98278757184744,35.3251746855676,2.98996639251709,1.97540207952261,2.98996639251709,1.16790997982025,fast,train,60_50
188848,0.375,49.875,29.7826086956522,12.4363576371385,34.5325559195455,0.717028126768444,10.0169390903219,2.00566336901292,0.414242756107579,fast,validation,60_46
188849,0.375,50.125,37.75,14.3433637563139,34.637490939349,0.60007521075507,9.129001731053,2.93666944404443,0.826347723603249,fast,validation,60_46
188864,0.375,53.875,51.2,9.76318248063326,34.4316944573075,1.71809389591217,6.67325052022934,2.49747544924418,0.238579976558685,fast,test,60_47
188865,0.375,54.125,61.0,7.03961303830147,34.492782340385,0.81986916065216,4.3448591530323,2.41792464256287,0.971546947956085,fast,train,60_48
188866,0.375,54.375,67.75,7.16092411335558,34.6974470943678,0.775846421718597,3.78893398493528,1.62253542244434,0.889319747686384,fast,train,60_48
188868,0.375,54.875,80.6666666666667,7.3558661788702,34.7563435789198,0.700581630071004,3.02564571797848,1.47241899371147,0.786709666252136,fast,train,60_48
188869,0.375,55.125,88.6666666666667,7.12140264362097,34.8361155716702,0.592897834877173,2.99984740465879,1.5480646143357,0.716571946938833,fast,train,60_48
188870,0.375,55.375,82.0,7.30365918204189,34.9108859198168,0.705091893672944,3.15280617401004,1.06280475854874,0.69964674115181,fast,train,60_48
188874,0.375,56.375,87.0,7.15509507805109,35.0652587134391,0.570954600969951,1.80401013046503,3.10819554328918,0.488409598668417,fast,train,60_48
188879,0.375,57.625,100.9,7.84508195444942,35.1594591792673,0.459909960627556,3.53682668209076,1.7481682062149,0.867061400413513,fast,train,60_49
188880,0.375,57.875,125.166666666667,7.52986237406731,35.2369253290817,0.396852314472199,2.70686971396208,1.78023604551951,0.886605749527614,fast,train,60_49
188881,0.375,58.125,150.0,6.10794398188591,35.1329080760479,0.301123648881912,2.54084902256727,1.06859004497528,1.070441365242,fast,train,60_49
188882,0.375,58.375,149.571428571429,7.3018803889198,35.224354609714,0.259702557963984,1.86098382781659,1.58831039071083,1.07088728461946,fast,train,60_49
188883,0.375,58.625,126.0,7.02325511723757,35.2387055754662,0.299192895491918,1.16776024550199,1.19890582561493,1.16220831871032,fast,train,60_49
188884,0.375,58.875,137.266666666667,7.33498338013887,35.2497939672321,0.282464928428332,1.61875057071447,1.47311619122823,1.19616123040517,fast,train,60_49
188886,0.375,59.375,132.25,7.16064944677055,35.2546006324701,0.192368164658546,1.08896145410836,1.08745704591274,1.16622686386108,fast,train,60_49
188887,0.375,59.625,122.833333333333,7.37775812298059,35.2988524711691,0.363147256275018,1.72576067224145,2.2707138210535,0.986326505740484,fast,train,60_49
188888,0.375,59.875,129.764705882353,7.04891938847654,35.2749986656229,0.321594304898206,1.8732907373239,2.91683141624226,0.946937014074887,fast,train,60_49
188889,0.375,60.125,132.4,7.61458175629377,35.311288763769,0.178040462732315,2.19989623501897,2.13764828443527,1.05773162841797,fast,train,60_50
188890,0.375,60.375,143.0,8.25254067778587,35.3785820771009,0.478094458580017,1.54033020883799,1.57765877246857,1.02357840538025,fast,train,60_50
188894,0.375,61.375,171.5,8.84325694665313,35.3297524619848,1.96864658594131,1.99041718617082,3.02380430698395,1.12951338291168,fast,train,60_50
188895,0.375,61.625,197.0,8.63780634105206,35.3297524619848,1.49632358551025,1.91973631829023,2.04544115066528,1.16789817810059,fast,train,60_50
189096,0.625,49.875,27.0,16.5075866281986,34.4508193898946,1.03547318347476,9.84804555773735,3.48699746348641,0.388243959708647,fast,validation,60_46
189098,0.625,50.375,38.7,14.4463454145938,34.5796074997634,0.613933590054512,9.1339457295835,3.27523639202118,0.886043933033943,fast,validation,60_46
189099,0.625,50.625,45.325,13.267970831506,34.4984664127696,0.631282666325569,9.30266425721347,2.42162451446056,0.644562414288521,fast,validation,60_46
189110,0.625,53.375,76.9230769230769,8.42122821739086,34.2979920848918,2.72404741323911,9.86878448552811,4.6536810031304,0.93079157746755,fast,test,60_47
189113,0.625,54.125,58.0,6.66899625957012,34.5881526824087,1.90500712394714,3.92150638997555,1.90500712394714,0.988891124725342,fast,train,60_48
189114,0.625,54.375,62.6666666666667,8.64840934319155,34.6278267446905,1.11443534919194,4.81634396527495,1.55706987494514,1.02040310416903,fast,train,60_48
189115,0.625,54.625,76.8333333333333,6.7887508906424,34.7593106562272,0.815548179050285,3.20499282516539,1.29311920205752,0.641655216614406,fast,train,60_48
189116,0.625,54.875,82.0,6.8228095471859,34.7712637390941,1.05248081684113,2.59724722802639,1.95533406734467,0.71535062789917,fast,train,60_48
189117,0.625,55.125,77.3076923076923,7.06282588610282,34.8122289690834,0.632824702904774,3.07874479431372,1.27931571465272,0.744499344092149,fast,train,60_48
189118,0.625,55.375,77.8,7.34848476871848,34.8181096510962,0.481059682369232,2.82862635925412,2.03889134526253,0.719967484474182,fast,train,60_48
189119,0.625,55.625,79.0,6.86382642388344,34.9635303486139,0.69557523727417,3.83874019235373,0.838468432426453,0.741933166980743,fast,train,60_48
189120,0.625,55.875,84.2857142857143,7.44224809323038,34.9665821995586,0.212730183133057,2.693772913622,1.33258380634444,0.696784632546561,fast,train,60_48
189121,0.625,56.125,102.416666666667,7.15002900548279,35.0502537796274,0.173415755232175,2.11560411192477,1.7739140689373,0.453639097511768,fast,train,60_48
189122,0.625,56.375,140.5,6.89129308238626,34.9948118207976,0.889131665229797,2.3152562007308,1.83188235759735,0.466626599431038,fast,train,60_48
189125,0.625,57.125,90.0,7.18573566153646,35.0814080913551,0.326617892831564,2.53535569086671,2.35640600323677,0.505125626921654,fast,train,60_49
189127,0.625,57.625,91.6428571428571,8.27969343162009,35.1699662660914,0.388428348515715,3.44510373792478,1.74098634719849,0.858663073607854,fast,train,60_49
189128,0.625,57.875,137.0,7.37151490790503,35.2111662538456,0.342262872627803,2.21020277163812,1.6835389818464,0.892671380724226,fast,train,60_49
189129,0.625,58.125,150.25,6.92297129519284,35.2023376850412,0.314527209848166,2.00891140289604,1.67931234836579,1.16903397440911,fast,train,60_49
189130,0.625,58.375,147.578947368421,7.29253759470425,35.2084012309972,0.293404576025511,1.83145751411978,1.89063244116934,1.16493262742695,fast,train,60_49
189131,0.625,58.625,135.555555555556,7.23240863531828,35.2093738969415,0.19404516948594,2.00347910821438,1.48357501294878,1.15844559669495,fast,train,60_49
189132,0.625,58.875,137.4,7.26828212589026,35.2223273087293,0.327010422945023,1.83067110031843,1.46389780044556,1.18012251853943,fast,train,60_49
189134,0.625,59.375,137.363636363636,7.25643872469664,35.2549358736724,0.22337227156668,1.30779026448727,2.15455486918941,1.15462860194119,fast,train,60_49
189136,0.625,59.875,131.6,7.21364178657532,35.2937406208366,0.254290795326233,1.86978362202644,4.84534027576446,0.939840292930603,fast,train,60_49
189138,0.625,60.375,147.8,8.35508286952972,35.3408408537507,0.840808786948521,2.37336344271898,2.24275010426839,1.03759903907776,fast,train,60_50
189139,0.625,60.625,140.0,7.77425459772348,35.2793969213963,0.853955507278442,2.42292550206184,2.24146103858948,1.01052451133728,fast,train,60_50
189141,0.625,61.125,159.173913043478,8.76795849560396,35.3479972230676,0.736592085465141,1.99970012060974,2.67377921809321,1.14863600419916,fast,train,60_50
189144,0.625,61.875,238.0,9.72328868508339,35.3907894808799,0.461905062198639,1.39970091730356,2.60854697227478,1.29736685752869,slow,train,60_50
189345,0.875,50.125,30.3333333333333,14.2420789271593,34.3582465779036,0.800869475801786,10.2669637039304,5.44338270823161,0.952428245544434,fast,validation,60_46
189346,0.875,50.375,39.5454545454545,13.800472766161,34.4423574395478,0.690035662867806,9.22540137916803,2.82655556635423,0.869500745426525,fast,validation,60_46
189347,0.875,50.625,37.6,16.4273018628359,34.3821527436376,0.900714550415675,9.72119509577751,3.41488121350607,0.622108868757884,fast,validation,60_46
189358,0.875,53.375,20.4375,9.7789086685516,34.3585008988157,1.89738664031029,10.0920285559259,3.8599945306778,0.905918911099433,fast,test,60_47
189360,0.875,53.875,46.2413793103448,7.16534087832632,34.571472738452,1.21703001137438,6.47003344857487,2.27801339379672,0.756091372720126,fast,test,60_47
189361,0.875,54.125,54.0,8.6385387852788,34.3913082964718,1.21104097366333,6.24555192142725,1.90188348293304,0.632983565330505,fast,train,60_48
189362,0.875,54.375,51.8181818181818,7.8118090108037,34.5631829928607,0.946468553759834,5.25548708438873,1.86482106555592,0.68511406399987,fast,train,60_48
189366,0.875,55.375,67.0,7.03448592871428,34.899441478774,0.591038882732391,3.21469771116972,0.98475193977356,0.687511026859283,fast,train,60_48
189367,0.875,55.625,78.2857142857143,7.24616231024265,34.8905039152929,0.144634038209915,2.85580004006624,1.93866738251277,0.744397299630301,fast,train,60_48
189369,0.875,56.125,89.125,7.21008943207562,35.0741599453613,0.345576003193855,1.75521103385836,1.19542519003153,0.440626755356789,fast,train,60_48
189371,0.875,56.625,89.3,7.67705924883485,35.1216162275523,0.0808503538370132,1.69399700760841,1.79711663722992,0.429414331912994,fast,train,60_48
189376,0.875,57.875,144.5,7.39558093249798,35.2397228591144,0.399543941020966,1.82085634768009,1.52968513965607,0.897489547729492,fast,train,60_49
189377,0.875,58.125,155.75,7.65504929982126,35.2370524895377,0.104146685451269,1.74266792647541,1.4368967115879,1.17137470841408,fast,train,60_49
189378,0.875,58.375,146.285714285714,6.91101675906352,35.193945094943,0.308818604264941,1.95363802249943,1.96069991588593,1.17491984367371,fast,train,60_49
189379,0.875,58.625,137.833333333333,6.85186316817999,35.1725821383298,0.174322416385015,2.24958036839962,1.91949548323949,1.1470400094986,fast,train,60_49
189380,0.875,58.875,127.083333333333,7.21253091283143,35.1922920090146,0.280324877550205,2.06512649729848,1.84258165955543,1.15039082368215,fast,train,60_49
189382,0.875,59.375,125.714285714286,7.32453384250403,35.2310032849865,0.268472158483097,1.49638355523348,1.47324507577079,1.12629963670458,fast,train,60_49
189385,0.875,60.125,143.428571428571,7.73836483061314,35.3083895053715,0.21601522394589,1.9774947773133,2.20581933430263,1.04892890793936,fast,train,60_50
189387,0.875,60.625,151.090909090909,8.18608801066875,35.3483410086483,0.248431445522742,2.00509936362505,2.00323335690932,1.15344612164931,fast,train,60_50
189389,0.875,61.125,154.4,8.84875027835369,35.364543562755,1.65958594679832,2.19777214676142,3.48558568954468,1.15318908691406,fast,train,60_50
189390,0.875,61.375,176.333333333333,9.03064059466124,35.3495894931257,1.03829876581828,1.87554551661015,2.78598205248515,1.12427945931753,fast,train,60_50
189391,0.875,61.625,210.0,9.66249581426382,35.3877376299351,0.359705120325089,1.37040314823389,2.65288209915161,1.20480120182037,slow,train,60_50
189392,0.875,61.875,216.666666666667,9.51869259774685,35.3760388679802,0.439189960559209,1.45561082661152,2.84752535820007,1.27814670403799,slow,train,60_50
189592,1.125,49.875,16.25,14.4017761833966,33.99723804323,0.821390971541405,11.1221655830741,7.71383726596831,0.365580797195435,fast,validation,60_46
189593,1.125,50.125,24.8275862068966,14.4290155316221,34.1819934161573,1.0929934341332,11.1166343663273,7.89600466037619,0.502722836773971,fast,validation,60_46
189594,1.125,50.375,31.2222222222222,12.8647419735789,34.2003980651498,1.5079593691561,11.4839523397386,6.63502405749427,0.579392592112223,fast,validation,60_46
189595,1.125,50.625,45.0,14.2580950409174,34.4574317336082,0.996829509735108,9.41947690397501,3.8521622021993,0.61901319026947,fast,validation,60_46
189606,1.125,53.375,45.5,6.71037935838103,34.3924527405761,1.57053473591805,10.477797774598,3.292231798172,0.529870510101318,fast,test,60_47
189608,1.125,53.875,41.75,6.34763635508716,34.6678822883405,1.3892681049183,6.66158024221659,2.14325678348541,0.745722696185112,fast,test,60_47
189610,1.125,54.375,58.8947368421053,8.63028915030392,34.7021152216353,0.9498092128258,5.46495912420122,1.47909517037241,0.699017333356958,fast,train,60_48
189611,1.125,54.625,34.0,6.70854824781418,34.7348110750318,1.05705799327956,5.43457339704037,2.02893133958181,0.703804784350925,fast,train,60_48
189612,1.125,54.875,42.5,9.10290842503307,34.7697378136218,0.96399489045143,6.09063996747136,1.71406161785126,0.811910629272461,fast,train,60_48
189613,1.125,55.125,66.0,7.30011903494596,34.7911007702351,0.814526716868082,4.81411175429821,1.30053901672363,0.999113202095032,fast,train,60_48
189614,1.125,55.375,84.0,6.892025526613,34.8483229754492,0.0,2.75875118002295,2.16505885124206,0.999480605125427,fast,train,60_48
189615,1.125,55.625,79.0,6.95391706377267,34.7773674409837,0.40162605047226,2.90597246959805,3.69304537773133,0.452706545591354,fast,train,60_48
189623,1.125,57.625,91.3333333333333,7.23078098148108,35.1115451194346,0.294947544733683,3.18832971900702,1.61636966466904,0.903967797756195,fast,train,60_49
189625,1.125,58.125,136.0,8.35947753489017,35.2458265610039,0.0,2.15558335930109,0.964515626430511,1.12123870849609,fast,train,60_49
189626,1.125,58.375,137.538461538462,7.26250145068536,35.2087348341369,0.280157937453343,2.1969382871802,1.63096709434803,1.11324923772078,fast,train,60_49
189627,1.125,58.625,119.571428571429,7.23951799475721,35.2180329184713,0.273349203169346,2.00757730805448,1.78707619650023,0.945278108119965,fast,train,60_49
189628,1.125,58.875,109.833333333333,7.23114720359445,35.2060677250847,0.275437571936184,2.12685526907444,1.72475418779585,0.96315985918045,fast,train,60_49
189630,1.125,59.375,109.4,7.23673819452524,35.2749208733439,0.234434529145559,1.74536576271057,1.49417376518249,0.977482986450195,fast,train,60_49
189631,1.125,59.625,108.0,6.54081851989031,35.2366710081697,0.0360125787556171,2.73201696574688,1.57183909416199,1.00264537334442,fast,train,60_49
189633,1.125,60.125,128.111111111111,7.80436619371176,35.3002512361854,0.121398670805825,1.71953489631414,1.91215603881412,1.13806331157684,fast,train,60_50
189638,1.125,61.375,167.0,10.1510361135006,35.3465376421809,0.0,2.18927579373121,2.24892830848694,1.12591516971588,fast,train,60_50
189639,1.125,61.625,195.0,9.66249581426382,35.3877376299351,0.579058349132538,1.37040314823389,2.75401258468628,1.16360402107239,slow,train,60_50
189640,1.125,61.875,180.0,9.66249581426382,35.3877376299351,0.499353975057602,1.37040314823389,2.95833516120911,1.26238799095154,slow,train,60_50
189642,1.125,62.375,645.0,0.432233668863773,34.9162266589701,0.0,1.46195867657661,2.526859998703,1.48018038272858,slow,train,60_50
189643,1.125,62.625,773.666666666667,0.264992237091064,34.9202957935631,0.0509496877590817,1.1211279630661,2.18762445449829,1.32005190849305,slow,train,60_50
189841,1.375,50.125,16.7,16.0204046800733,33.6591692548245,2.33826650977135,12.350035084784,9.36913394927979,0.624488425254822,fast,validation,60_46
189842,1.375,50.375,26.3636363636364,13.4846561327577,34.3148733023554,1.74573676694523,10.4658955559135,8.6104946569963,0.831257066943428,fast,validation,60_46
189843,1.375,50.625,33.0,7.46296580135822,34.6690267324448,2.46728253364563,10.0051881372929,11.8438053131104,1.75233960151672,fast,validation,60_46
189844,1.375,50.875,31.6470588235294,13.3151520880706,34.4663479255841,0.794040604768431,9.76063793547012,4.28853896786185,0.946013752151939,fast,validation,60_46
189854,1.375,53.375,18.0,14.432416766882,34.250923153013,1.52250111103058,10.1704763844609,3.37598848342895,0.692395567893982,fast,test,60_47
189856,1.375,53.875,40.28,9.54981659442186,34.6516311820596,1.27113453626633,6.75835077345371,2.34637866020203,0.791711912155152,fast,test,60_47
189857,1.375,54.125,66.0,5.88674582540989,34.8323007579893,1.08551347255707,6.97067170590162,1.41939377784729,0.710642635822296,fast,train,60_48
189858,1.375,54.375,44.0,6.93910541385413,34.6542761195451,0.753614965412351,5.05484175682068,1.7593490547604,0.721080561478933,fast,train,60_48
189859,1.375,54.625,38.0,5.74904631078243,34.7239600494504,1.30884766578674,5.07583849132061,1.62536895275116,0.742067575454712,fast,train,60_48
189860,1.375,54.875,38.12,10.0521268451214,34.6850184313953,1.05712027311325,7.21434125125408,2.07677793502808,0.805064692497253,fast,train,60_48
189861,1.375,55.125,46.1666666666667,7.24665060639381,34.7815637360327,0.779646587868531,4.02697835862637,1.38842011491457,1.00892833371957,fast,train,60_48
189862,1.375,55.375,58.6,7.36174200922251,34.8893703706563,0.851291477680206,4.36917630136013,1.44937781095505,0.998588621616363,fast,train,60_48
189863,1.375,55.625,77.0,7.50312815979123,34.9757377523929,0.197199908395608,2.59114352613688,1.43639809886615,0.478545283277829,fast,train,60_48
189864,1.375,55.875,79.5,6.7448042370379,34.9505599820986,0.736871272325516,2.28302865475416,1.68794935941697,0.447257548570633,fast,train,60_48
189867,1.375,56.625,90.2,7.27209083586931,35.0712606869638,0.32234120965004,1.39970091730356,1.77934917211533,0.432792991399765,fast,train,60_48
189869,1.375,57.125,94.1818181818182,6.83865697681904,35.1512191817164,0.46912880377336,2.39482627809048,1.75909263437444,0.482736676931381,fast,train,60_49
189873,1.375,58.125,119.444444444444,7.68636129051447,35.1930973585695,0.356902288893859,2.29938657581806,1.59523373842239,1.12982018126382,fast,train,60_49
189874,1.375,58.375,106.666666666667,7.02154608070851,35.1552883163094,0.407839636007945,2.90487380325795,1.56231419245402,1.13466000556946,fast,train,60_49
189876,1.375,58.875,121.333333333333,7.05914488434792,35.2814314886928,0.119422753651937,2.02520828694105,1.74484268824259,0.963539242744446,fast,train,60_49
189880,1.375,59.875,111.466666666667,7.32614521980286,35.2810245752335,0.252412772675355,2.35363627821207,2.43155314922333,1.02533382574717,fast,train,60_49
189882,1.375,60.375,128.214285714286,7.32615568329181,35.2481154492125,0.496230327657291,1.87144731677004,2.80509382486343,1.10664629936218,fast,train,60_50
189884,1.375,60.875,144.0,8.30501507488744,35.327790557806,0.610936369214739,2.06852713120835,2.80109346764428,1.11469057628086,fast,train,60_50
190092,1.625,50.875,27.5,12.2798186726868,34.4132954953238,1.09218960729512,9.95421667769552,6.38594193892046,0.690011494539001,fast,validation,60_46
190093,1.625,51.125,44.4285714285714,12.4510156203593,34.3252575224532,1.53869635718209,10.176893991019,3.58674321855818,0.398800581693649,fast,test,60_47
190094,1.625,51.375,45.0769230769231,11.5808799278278,34.4257003090416,1.56945845713982,9.95926951846252,3.80049938421983,0.537368742319254,fast,test,60_47
190095,1.625,51.625,30.75,13.9840998630971,34.4706564210355,2.68007403612137,9.81511886045336,5.45348566770554,0.424837723374367,fast,test,60_47
190101,1.625,53.125,37.0,9.51051363721491,34.392071259208,1.68619775772095,11.7513351738453,3.28264331817627,0.494765877723694,fast,test,60_47
190102,1.625,53.375,30.8571428571429,9.30370277804988,34.4269495557195,1.93456763454846,10.2468947321177,3.15970783574241,0.764210786138262,fast,test,60_47
190103,1.625,53.625,86.7333333333333,6.79190040081739,34.5867284853011,1.6193160533905,9.00608538240194,3.36508434613546,0.867434525489806,fast,test,60_47
190104,1.625,53.875,35.0,6.27713859826326,34.6827600616962,1.17933714389801,6.69747000932693,2.82085251808167,1.32665634155273,fast,test,60_47
190105,1.625,54.125,54.6,9.41654104292393,34.7080904245376,1.18929718732834,6.97125766128301,2.09103245735169,0.808095157146454,fast,train,60_48
190106,1.625,54.375,55.7,6.45248574614525,34.7837763279676,1.01770327091217,6.42111880257726,2.06420611143112,1.12633805274963,fast,train,60_48
190107,1.625,54.625,23.0,5.66994233429432,34.9528488703072,3.87539911270142,9.86236151307821,3.87539911270142,1.38341104984283,fast,train,60_48
190109,1.625,55.125,39.5,7.51496934145689,34.794915583916,0.833947271108629,7.81334878876805,2.01238816976548,0.815465271472931,fast,train,60_48
190110,1.625,55.375,52.1363636363636,8.50203781574964,34.8314684350044,0.381681767376986,4.03689964860678,1.55295101350004,0.832081553610889,fast,train,60_48
190113,1.625,56.125,82.6,6.92256845086813,35.0364695861936,0.189000543951988,2.07999511510134,2.68996074199676,0.578362584114074,fast,train,60_48
190115,1.625,56.625,98.0,7.04644918441772,35.056866123341,0.327253304421902,1.7678762152791,1.99505280454954,0.431347995996475,fast,train,60_48
190116,1.625,56.875,100.0,7.36115605384111,35.1351969642565,0.389796882867813,1.72527237609029,2.09038925170898,0.439841046929359,fast,train,60_48
190117,1.625,57.125,96.0714285714286,7.42691908191357,35.1007546464513,0.320530973374843,2.14365498189415,1.64889608962195,0.460939941661698,fast,train,60_49
190121,1.625,58.125,104.0,7.67647329345345,35.1855525048449,0.379765376448631,2.38630329072476,1.57293891906738,1.13466000556946,fast,train,60_49
190124,1.625,58.875,109.0,7.33586231321096,35.2224290370941,0.274602197607358,1.90943326950073,1.5378036737442,1.18044925530751,fast,train,60_49
190126,1.625,59.375,115.863636363636,7.4695910923183,35.270518809557,0.389545183290135,1.83850159496069,1.47160597822883,1.21658971092918,fast,train,60_49
190129,1.625,60.125,113.5,7.32050539925694,35.2645191480406,0.325561985373497,1.93749809078873,2.64454996585846,1.08553379774093,fast,train,60_50
190132,1.625,60.875,136.0,8.03109837323427,35.2997425943613,0.647053172190984,1.92584002017975,1.89771986007691,1.11751484870911,fast,train,60_50
190133,1.625,61.125,147.285714285714,7.92649836199624,35.2695874005024,0.0,1.58982251158782,1.62875923088618,1.14502475942884,fast,train,60_50
190341,1.875,51.125,30.7333333333333,15.4636982381344,34.2333241458982,1.17278965711594,10.2072450846434,9.03283637364705,0.631210249662399,fast,test,60_47
190342,1.875,51.375,43.5,7.54271066654474,34.4037064409349,1.6656514108181,10.5072786547244,4.38698104023933,0.406653795391321,fast,test,60_47
190343,1.875,51.625,40.8275862068966,10.1798792620157,34.4118293631693,1.69745777804276,10.2501528460918,4.0964021600526,0.441776733973931,fast,test,60_47
190344,1.875,51.875,31.8571428571429,13.5644877973412,34.3435686281217,2.59997475998742,10.4997972601226,5.26353907585144,0.383032328316144,fast,test,60_47
190345,1.875,52.125,27.8,8.04269540682435,34.3861201498658,1.10604355335236,10.1746757313609,8.05261240005494,0.266476933658123,fast,test,60_47
190346,1.875,52.375,28.7333333333333,7.01075473576784,34.3585517629981,2.06281515757243,10.7691274657846,5.36085823376974,0.106850546598434,fast,test,60_47
190347,1.875,52.625,32.0,6.37788297235966,34.3209770042449,2.2187794121829,11.1146413832903,4.97322526845065,0.274792485616424,fast,test,60_47
190348,1.875,52.875,29.0,5.98196357488632,34.3704539816827,3.0129246711731,10.6814783066511,3.63672510782877,0.146175846457481,fast,test,60_47
190349,1.875,53.125,35.1818181818182,7.58801400661469,34.4233527313918,1.89659741791812,10.6054594740271,3.84318559820002,0.662622023712505,fast,test,60_47
190350,1.875,53.375,32.0,5.95339825004339,34.3592638615519,0.0,10.2293160706758,3.13815879821777,0.742849886417389,fast,test,60_47
190351,1.875,53.625,22.0,14.396282851696,34.3905453337356,1.86143720149994,8.72560807317494,4.04069614410401,0.810168385505676,fast,test,60_47
190353,1.875,54.125,83.0,11.1068758293986,34.4737082719803,1.48188984394073,5.39371928572655,1.48188984394073,0.725649654865265,fast,train,60_48
190355,1.875,54.625,22.0,8.16272470448166,34.7823266987689,1.56866532564163,10.1478316504508,2.74475657939911,1.71185365319252,fast,train,60_48
190357,1.875,55.125,36.75,11.1793878078461,34.7773674409837,0.353726409375668,6.74764243885875,2.0524765253067,0.786859095096588,fast,train,60_48
190358,1.875,55.375,47.7142857142857,7.92827715511832,34.8214012903294,0.218794120209558,3.67184754354613,1.34641177313668,0.808119033064161,fast,train,60_48
190360,1.875,55.875,85.0,6.24344616383314,35.01235996373,0.21928896009922,2.75911740213633,2.0516357421875,0.500625252723694,fast,train,60_48
190361,1.875,56.125,90.0,7.42585529386997,34.9925229325891,0.380270262559255,1.56743064522743,1.47872324784597,0.553578019142151,fast,train,60_48
190362,1.875,56.375,87.0,7.282052077353,35.1039154920727,0.0,0.767601549625397,0.878085136413574,0.548765778541565,fast,train,60_48
190371,1.875,58.625,104.0,7.97128209471703,35.1069673430175,0.470805644989014,2.15118869394064,2.12156939506531,1.18562769889832,fast,train,60_49
190374,1.875,59.375,117.888888888889,7.75065361708403,35.255660302937,0.211457441250483,1.43331196904182,2.24703464243147,1.2529547214508,fast,train,60_49
190376,1.875,59.875,112.666666666667,8.06674399226904,35.3175450582057,0.469582299391429,2.32599871605634,3.42002133528391,1.14261694749196,fast,train,60_49
190589,2.125,51.125,28.2857142857143,11.0334221369454,34.2057993569012,2.47229773657662,10.7406667758312,8.99039752142771,0.216277420520782,fast,test,60_47
190590,2.125,51.375,40.75,8.09158605895936,34.4153416226618,1.01063975691795,9.94054993428289,4.95802474021912,0.21987247094512,fast,test,60_47
190591,2.125,51.625,48.6666666666667,9.923184921965,34.4611193868331,0.866903498768807,10.4682149626315,5.15615032116572,0.471038070817788,fast,test,60_47
190592,2.125,51.875,43.5454545454545,11.0058651119471,34.4430510420352,2.0007418665019,10.5136376023293,5.49054050445557,0.443626485087655,fast,test,60_47
190593,2.125,52.125,39.0,6.95098728686571,34.4004638493061,2.75360250473023,11.4184392727912,4.63549852371216,0.34683807194233,fast,test,60_47
190594,2.125,52.375,38.4285714285714,8.3477584272623,34.408638450051,1.54618908677782,10.6613012121192,4.93136371885027,0.337294080427715,fast,test,60_47
190596,2.125,52.875,42.5,5.71132543310523,34.5515304710716,3.0876737833023,10.5314493142068,4.73396754264832,0.362901955842972,fast,test,60_47
190597,2.125,53.125,40.0,5.42105778604746,34.5655689854175,1.56230435371399,10.7399761855602,3.39476251602173,0.593590116500855,fast,test,60_47
190598,2.125,53.375,17.3333333333333,11.3041474744677,34.5632292330265,1.79993095000585,11.0047303587198,4.87296843528748,0.635851860046387,fast,test,60_47
190599,2.125,53.625,20.6428571428571,11.8736402999078,34.4526722993968,1.40350360104016,10.3018280491233,4.30488760130745,0.58097083227975,fast,test,60_47
190600,2.125,53.875,41.6666666666667,6.15164648741484,34.7122612874955,1.36905485391617,8.61525314301252,3.46669284502665,0.639010330041249,fast,test,60_47
190601,2.125,54.125,43.0,11.9709158688784,34.7371847368777,0.820373257001242,8.64748068898916,2.69330124060313,0.613392412662506,fast,train,60_48
190602,2.125,54.375,30.0,8.18596963584422,34.7365065477788,1.26188481516308,8.77923926711082,2.5158417224884,0.982492340935601,fast,train,60_48
190605,2.125,55.125,31.6666666666667,9.81997132301333,34.8384044598788,0.907186448574067,7.9033173546195,2.75226418177287,0.952935059865315,fast,train,60_48
190606,2.125,55.375,41.3333333333333,7.2149927392602,34.8814694676548,0.0810700390073988,5.73666594922542,1.59121676948335,0.833118895689646,fast,train,60_48
190608,2.125,55.875,80.0,6.15701774507761,35.0154118146747,0.366182774305344,2.72249519079924,3.81984210014343,0.702495455741882,fast,train,60_48
190622,2.125,59.375,122.85,7.68628804609179,35.2764976629987,0.416748069226742,1.7351603731513,1.62825760245323,0.928156661987305,fast,train,60_49
190623,2.125,59.625,115.0,6.64555804431438,35.1680043619126,0.439785450696945,3.38828699290752,1.05456805229187,1.20601034164429,fast,train,60_49
190630,2.125,61.375,176.571428571429,8.55849309478487,35.3456656847681,1.63332951068878,1.78224607344185,2.39519279343741,0.905366710254124,fast,train,60_50
190631,2.125,61.625,376.0,7.95297098904848,35.2366710081697,1.20003068447113,1.60917996615171,1.90951704978943,0.565800130367279,slow,train,60_50
190635,2.125,62.625,497.0,6.44889676943422,35.1626636227593,0.069153696298599,1.47294533997774,2.47375273704529,0.770471096038818,slow,train,60_50
190837,2.375,51.125,19.8888888888889,15.0144250877201,33.8441792409867,2.66136479377747,11.2015137076378,9.68859089745416,0.201474229494731,fast,test,60_47
190838,2.375,51.375,36.5,7.80831325426697,34.3913082964718,1.3737528026104,9.72521133162082,5.74796891212464,0.175643283873796,fast,test,60_47
190841,2.375,52.125,43.2,9.8409192278981,34.4447156880051,0.820546579360962,10.0946928218007,5.72212862968444,0.404109120368958,fast,test,60_47
190842,2.375,52.375,42.5,10.6322519704699,34.5233008498326,1.64147821068764,8.75380717590451,3.60674691200256,0.404109120368958,fast,test,60_47
190843,2.375,52.625,47.1363636363636,8.46145374700427,34.4095500418916,1.41134397820993,10.4649300612509,5.53691693869504,0.386019536040046,fast,test,60_47
190845,2.375,53.125,36.5,6.58183539658785,34.5639921957627,2.87721562385559,10.4123050533235,5.60515320301056,0.451514308651288,fast,test,60_47
190846,2.375,53.375,22.6,11.1161778710783,34.4065675511956,1.66203111410141,10.7805535957217,4.59654264450074,0.507469177246094,fast,test,60_47
190847,2.375,53.625,26.6666666666667,8.76305430382491,34.5484786201269,1.19053137302399,10.5628223419189,2.33009282747904,0.718036274115244,fast,test,60_47
190848,2.375,53.875,35.0,5.91531115025282,34.6171452663839,2.11691784858703,8.72756125777959,2.96395003795624,0.623792191346486,fast,test,60_47
190849,2.375,54.125,70.3333333333333,5.96926787495613,34.6420687157661,0.28521371136109,4.56117434799671,1.27428901195526,0.626043796539307,fast,train,60_48
190851,2.375,54.625,23.5,5.25208290293812,34.64995266404,2.36460506916046,11.8707235828042,2.4811327457428,1.77452653646469,fast,train,60_48
190852,2.375,54.875,26.0,5.09204383939505,34.8394217435271,1.16572709878286,12.3656117320061,2.03538473447164,1.83641707897186,fast,train,60_48
190853,2.375,55.125,32.0,6.51884519308805,35.1390117779374,1.66422069072723,8.68898586183786,4.61948442459106,0.796496391296387,fast,train,60_48
190854,2.375,55.375,39.7142857142857,6.5486661366054,34.8841822240502,0.438068159988948,4.8789156292166,1.6220315694809,0.855165473052434,fast,train,60_48
190855,2.375,55.625,81.3333333333333,7.02935881912708,35.0159204564989,0.483436385790507,2.60432752221823,1.36882352828979,0.697063525517782,fast,train,60_48
190866,2.375,58.375,73.0,6.45878476649523,35.1954710204154,0.110442861914635,2.30133976042271,1.16353237628937,0.747494339942932,fast,train,60_49
190867,2.375,58.625,102.833333333333,7.10541094467044,35.1878413930535,0.286152059833209,2.03570665419102,1.47232021888097,0.790304342905681,fast,train,60_49
190868,2.375,58.875,110.5,7.41059603914618,35.2326382051355,0.248248151370457,1.911470162017,1.50678254876818,0.859166494437626,fast,train,60_49
190882,2.375,62.375,407.0,5.69704277068377,35.1054414175451,0.999561369419098,1.26273384690285,1.91081094741821,0.711914658546448,slow,train,60_50
191087,2.625,51.625,40.6,7.72928252220154,34.5460371393711,1.4543825507164,10.910196223855,9.35323858261109,0.435506105422974,fast,test,60_47
191089,2.625,52.125,42.0,15.7659535557032,34.1227454133332,1.09728908538818,9.55766471475363,4.01805257797241,0.482923179864883,fast,test,60_47
191090,2.625,52.375,44.3333333333333,9.66512040607631,34.5203761593439,1.10902920365334,10.1519211307168,6.74516147375107,0.491398386657238,fast,test,60_47
191091,2.625,52.625,45.5,9.73995179124177,34.4367045792751,1.73217396438122,9.55693227052688,5.43893665075302,0.415041282773018,fast,test,60_47
191092,2.625,52.875,38.5,12.6243781931698,34.468367532827,1.67443436384201,10.6948454137891,4.97983862956365,0.407872838278611,fast,test,60_47
191094,2.625,53.375,32.0,9.15601063147187,34.6105837868527,2.35021178126335,10.2833704546094,3.66280689239502,0.596240401268005,fast,test,60_47
191095,2.625,53.625,32.0,6.30423903465271,34.3241675756872,2.6122419834137,10.773522131145,9.81643486022949,0.584802031517029,fast,test,60_47
191096,2.625,53.875,65.0588235294118,11.595717723317,34.6213640015134,1.07308771680383,9.44676404183401,2.49529595234815,0.689832312219283,fast,test,60_47
191097,2.625,54.125,61.4615384615385,7.39496117199842,34.7594084719626,0.869178868257082,7.69111511569757,1.57914466124315,0.713836954190181,fast,train,60_48
191098,2.625,54.375,31.0,13.1909238025546,34.678182285279,0.998186747233074,7.25437176972628,2.13994268576304,0.884357174237571,fast,train,60_48
191099,2.625,54.625,21.962962962963,9.91385982185602,34.8012736067176,1.17102937676288,11.248525775969,2.48575494024489,1.43189867779061,fast,train,60_48
191100,2.625,54.875,24.1666666666667,13.7909787353128,34.7524439916015,1.0197124555707,11.0792565587908,2.50518299142519,1.41445434093475,fast,train,60_48
191101,2.625,55.125,34.1764705882353,13.0766337798799,34.7522345508504,0.522452208925696,9.24590198388871,2.42109431238735,1.25640226812924,fast,train,60_48
191102,2.625,55.375,36.8333333333333,10.3351847995073,34.8277229815722,0.627425288160642,8.59303566813469,2.30612579981486,0.83492490152518,fast,train,60_48
191103,2.625,55.625,67.4444444444444,7.00225838273764,34.9018151406199,0.216676576269997,4.29887793213129,1.15595477157169,0.876234193642934,fast,train,60_48
191105,2.625,56.125,78.2,7.5050080999732,34.9644459038973,0.139975392818451,2.27043061405421,1.58176146745682,0.87623862028122,fast,train,60_48
191111,2.625,57.625,68.0,7.27106541395187,35.1054414175451,0.137489467859268,1.93511764705181,2.16039141019185,0.827744781970978,fast,train,60_49
191115,2.625,58.625,108.190476190476,7.23196684356247,35.2314392636929,0.463250755554154,1.97072838779007,1.60439532427561,0.770298580328623,fast,train,60_49
191116,2.625,58.875,112.181818181818,7.2619098611176,35.2280009770766,0.226497167213396,2.10587703064084,1.5476052842357,0.766396890987049,fast,train,60_49
191118,2.625,59.375,128.857142857143,7.12719244084188,35.2471344971231,0.0871965203966413,2.04001412381019,2.14782745497567,0.813211296285901,fast,train,60_49
191120,2.625,59.875,118.0,7.28066857159138,35.2186989970505,0.218437245322598,2.53409425914288,2.40916754139794,0.927091419696808,fast,train,60_49
191121,2.625,60.125,101.6875,7.66663107415661,35.3035256179283,0.431015217676759,2.2951139844954,1.94554232805967,0.825759790837765,fast,train,60_50
191125,2.625,61.125,219.923076923077,8.92464276861686,35.3507632819506,1.08226120013457,1.93207518641765,2.93228435516357,0.88425586773799,fast,train,60_50
191335,2.875,51.625,35.3913043478261,13.2711529832171,34.1785412099536,1.97264768248019,10.7099905558254,10.8216219777646,0.655647713205089,fast,test,60_47
191338,2.875,52.375,43.3333333333333,11.3554185703397,34.1888688504696,0.920010447502137,10.517410799861,6.70170283317566,0.500235964854558,fast,test,60_47
191339,2.875,52.625,43.0,14.711233869195,34.3068737536669,1.52385584513346,10.3616443276405,4.88904333114624,0.440545916557312,fast,test,60_47
191340,2.875,52.875,38.75,15.3321634624153,34.4100008835085,1.45060133934021,9.74462110362948,5.41655308008194,0.411592841148376,fast,test,60_47
191342,2.875,53.375,30.0,5.9772026874125,34.7094637574628,2.1042503118515,9.81109041720629,4.81460428237915,0.750013589859009,fast,test,60_47
191343,2.875,53.625,28.0,5.34400465339423,34.5927304588258,2.14497637748718,10.5409710891545,2.5027779340744,0.778087973594666,fast,test,60_47
191344,2.875,53.875,41.6666666666667,6.10086368769407,34.8200933542103,1.57937026023865,9.82012389600278,2.9957381884257,0.658322393894195,fast,test,60_47
191345,2.875,54.125,49.5,5.77504808083176,34.6705526579171,0.55917137861252,7.17758719995618,1.49853152036667,0.577121555805206,fast,train,60_48
191346,2.875,54.375,37.9230769230769,10.291665405035,34.7448534905337,0.981994734360621,8.11908791156915,1.90033702666943,0.635364362826714,fast,train,60_48
191350,2.875,55.375,38.5,6.4516434352845,34.9463636870496,0.817737564444543,6.19501326978207,2.00947549939156,0.867135763168335,fast,train,60_48
191352,2.875,55.875,80.0,8.01889096945524,34.7636341117322,0.0,1.91680654138327,0.723519623279572,0.958995997905731,fast,train,60_48
191361,2.875,58.125,72.6153846153846,6.92963372056301,35.1263348586284,0.46032027556346,2.63054526941134,1.66964264099414,0.768339620186732,fast,train,60_49
191364,2.875,58.875,123.285714285714,7.36502754475389,35.2480064545359,0.244117915630341,1.75064633680241,1.94299953324454,0.737902326243264,fast,train,60_49
191365,2.875,59.125,141.0,7.09381391108036,35.2778709959239,0.689617455005646,2.03399761766195,2.02420258522034,0.771403074264526,fast,train,60_49
191548,3.125,42.875,42.9090909090909,14.4359680116177,38.2306755054742,0.257732094011524,4.15442365407944,0.943146375769918,0.324494524435564,fast,test,61_44
191582,3.125,51.375,16.2,7.02262033224106,34.112369120121,0.954968428611756,12.0362559780479,10.6159742355347,0.131359666585922,fast,train,61_47
191583,3.125,51.625,25.5,6.39762567356229,33.602404827252,2.12411922216415,11.6275520995259,12.4531388282776,0.496366247534752,fast,train,61_47
191586,3.125,52.375,41.5,6.05081333220005,34.734641527757,0.91629356145859,11.2499771006405,7.64438343048096,0.449698150157928,fast,train,61_47
191588,3.125,52.875,29.6,9.35399030596018,34.5374919567257,1.68849694728851,11.1627429932356,6.63772926330566,0.595534920692444,fast,train,61_47
191589,3.125,53.125,23.0,5.32056643813848,34.2448194511235,2.79530692100525,10.7698599100113,4.49554777145386,0.458920538425446,fast,train,61_47
191590,3.125,53.375,27.25,6.94320506695658,34.6314508176874,2.23831589519977,10.7675710218027,5.63484182953835,0.420485198497772,fast,train,61_47
191592,3.125,53.875,40.0,5.50807216018438,34.6167637850158,1.41725687682629,6.71102022752166,2.07724156975746,0.731226414442062,fast,train,61_47
191593,3.125,54.125,41.0909090909091,7.76426672190428,34.7175789065659,0.358537776903673,8.44461583346128,1.81199806386774,0.789282684976404,fast,train,61_48
191598,3.125,55.375,28.3333333333333,11.7316507548094,34.8600217374042,0.700803505877654,9.89886165037751,3.22927923997243,0.935255130132039,fast,train,61_48
191600,3.125,55.875,61.3333333333333,7.1687673702836,34.8661254392937,0.0,4.33960996940732,1.48773245016734,1.04557794332504,fast,train,61_48
191603,3.125,56.625,68.0,6.80999177321791,35.0466932868585,0.511277288198471,2.38776817917824,1.26684755086898,0.316243320703506,fast,train,61_48
191607,3.125,57.625,65.1428571428571,6.47981637929167,35.1211366509753,0.878494381904602,2.36412069414343,1.63647266796657,0.685143683637891,fast,train,61_49
191613,3.125,59.125,152.142857142857,8.08104409383876,35.282448772341,0.361991341624941,2.05387824667352,2.40445487839835,0.871215369020189,fast,train,61_49
191615,3.125,59.625,147.238095238095,8.38743248954415,35.2978533533003,0.382492926503931,2.09681342967919,2.21817581142698,0.892727004630225,fast,train,61_49
191618,3.125,60.375,158.714285714286,7.95611003573452,35.2900783997029,0.273632014436381,2.15767605709178,2.00484942538398,0.886391963277545,fast,train,61_50
191620,3.125,60.875,279.0,8.47886594384908,35.3137302445248,0.803713172674179,1.97723319008947,2.61468458175659,0.909304797649384,fast,train,61_50
191627,3.125,62.625,451.0,3.17596974223852,35.0016784854233,1.1375390291214,1.57988219708204,1.46786057949066,0.751430153846741,slow,train,61_50
191629,3.125,63.125,869.0,-0.973326802253723,34.9009674042463,0.685617506504059,0.487075410783291,1.8641369342804,0.50738799571991,slow,train,61_51
191795,3.375,42.625,90.2083333333333,13.8334605004638,38.26792195905,0.228946116442482,2.25421918183565,0.468766270205378,0.331739996870359,fast,test,61_44
191831,3.375,51.625,27.5,6.43241677433253,33.6169011192396,1.76336181163788,11.7238685153424,11.9759359359741,0.467327028512955,fast,train,61_47
191832,3.375,51.875,29.0,7.30512407049537,33.2979826955125,1.96274381875991,11.0536820478737,9.76266431808472,0.467327028512955,fast,train,61_47
191834,3.375,52.375,36.1111111111111,7.22028261423111,34.3957165256143,1.00756256447898,11.3956114277244,7.78277299139235,0.706522875361973,fast,train,61_47
191835,3.375,52.625,30.1785714285714,11.0637139374656,34.2789892822371,0.990100988319942,11.2923803896244,6.54072806664876,0.646828728062766,fast,train,61_47
191836,3.375,52.875,36.0,5.91714226081967,34.0639972826466,1.36948239803314,10.9057283140719,4.73525500297547,0.627064079046249,fast,train,61_47
191837,3.375,53.125,34.2307692307692,6.02641730526319,34.4753515763352,2.15434949214642,11.1405893724698,5.50156549307016,0.487206144974782,fast,train,61_47
191838,3.375,53.375,34.0,7.45930358022451,34.118167636916,1.26445710659027,9.31156345456839,7.2008957862854,0.487596094608307,fast,train,61_47
191839,3.375,53.625,40.3333333333333,5.58302561938763,34.5428835600615,0.750098288059236,9.48588518053293,3.09512662887573,0.646125435829163,fast,train,61_47
191840,3.375,53.875,37.0,10.2823363785681,34.6495912606387,1.27369778720956,9.40732089979084,2.60298116583573,0.668853157445004,fast,train,61_47
191841,3.375,54.125,41.5,5.54066592827439,34.5988341607153,0.812232535332442,7.6139408480376,1.8820928633213,0.783011361956596,fast,train,61_48
191842,3.375,54.375,45.5,9.7583239339292,34.7593106562272,0.827508618434269,8.92666401341557,1.64758384227753,0.810035179058711,fast,train,61_48
191843,3.375,54.625,41.1578947368421,10.2324145220612,34.7193822730332,0.487185854660837,9.60292205802704,1.51423445187117,0.834428075112795,fast,train,61_48
191844,3.375,54.875,40.5,6.13010041974485,34.8418377921917,1.27463291585446,9.63914913497866,1.76395815610885,0.827215135097504,fast,train,61_48
191845,3.375,55.125,28.5,6.22879727929831,34.8025452112779,1.06883001327515,10.6938688214868,3.6676427423954,1.43404698371887,fast,train,61_48
191846,3.375,55.375,30.0,4.5251320078969,34.6324045211077,0.693682968616486,10.7903683483601,2.03810667991638,1.43404698371887,fast,train,61_48
191847,3.375,55.625,42.5555555555556,5.92922759056091,34.8952027969062,1.03330334027608,8.16764833778143,2.22567774852117,0.827773206763797,fast,train,61_48
191848,3.375,55.875,57.2,6.36635030508041,34.9101229570806,0.423390710353851,4.21023590415716,1.19454410076141,0.842489981651306,fast,train,61_48
191849,3.375,56.125,68.0,6.77690970897674,35.0316883530468,0.395623373488586,2.87081514671445,1.69227047761281,0.486668546994527,fast,train,61_48
191858,3.375,58.375,105.125,7.42249825783074,35.17353584175,0.0875035226345063,2.40552995167673,1.98740845173597,0.810443267226219,fast,train,61_49
191861,3.375,59.125,168.130434782609,8.33788635290187,35.2756152800082,0.481283288934956,2.15774884658015,2.27355623245239,0.857127614643263,fast,train,61_49
191862,3.375,59.375,155.5,7.91946166567504,35.2149265701883,0.166851398845514,2.30671101808548,2.83617531259855,0.884158954024315,fast,train,61_49
192044,3.625,42.875,94.1111111111111,13.8354747220874,38.2646157871932,0.231203171114127,2.29067862778902,0.488944067723221,0.336155477497312,fast,test,61_44
192046,3.625,43.375,33.875,14.2003540210426,38.280129362829,0.497704165056348,4.30393383186311,1.23612834513187,0.327070116996765,fast,test,61_44
192080,3.625,51.875,24.2682926829268,12.9761270895237,32.7967533955305,2.98520838923571,12.3879899873239,12.2826126842964,0.222024465842945,fast,train,61_47
192081,3.625,52.125,27.375,8.63890500739216,33.5070344852284,1.29733070731163,11.7510605072603,8.84833875298501,0.683589674532414,fast,train,61_47
192082,3.625,52.375,23.5,6.85943175852299,34.00524915196,0.843401432037355,10.786339905113,8.19874691963194,0.786485701799393,fast,train,61_47
192083,3.625,52.625,26.0,8.06357006728649,34.3714712653309,1.58279025554657,13.4747764393687,3.28851103782654,0.670775234699249,fast,train,61_47
192085,3.625,53.125,27.375,12.2031617257744,34.3247397977393,2.03595499694348,11.4139530519024,7.34163716435433,0.620877966284752,fast,train,61_47
192086,3.625,53.375,29.25,5.6877041067928,34.5072786323726,1.23968094587326,11.2076784465462,5.27926349639893,0.577071033418178,fast,train,61_47
192087,3.625,53.625,40.0,6.99859616160393,34.5515304710716,1.19840919971466,8.12573625147343,3.62977719306946,0.690402150154114,fast,train,61_47
192088,3.625,53.875,36.6666666666667,8.83825191110371,34.5810316968709,0.73235253492991,9.06399730592965,2.31369431813558,0.730263948440552,fast,train,61_47
192089,3.625,54.125,44.0,11.4691427439451,34.7556992992759,0.469708144664764,9.58344675153493,1.77966206073761,0.735716450214386,fast,train,61_48
192090,3.625,54.375,44.9166666666667,9.14593952335417,34.6875921590254,0.562289031843344,9.06668293476105,1.83883215983709,0.771208440264066,fast,train,61_48
192091,3.625,54.625,38.0,5.7834711894393,35.036774771288,0.0,8.44508193433285,1.50580680370331,0.753984570503235,fast,train,61_48
192092,3.625,54.875,45.4166666666667,8.34696494601667,34.774569910951,0.479588223000367,8.91897334903479,1.54685985048612,0.751449182629585,fast,train,61_48
192093,3.625,55.125,35.1428571428571,9.47540863177606,34.8758986286287,1.11680369504861,9.46260391761149,2.90547408376421,1.03146968569074,fast,train,61_48
192094,3.625,55.375,29.7142857142857,13.8171287381223,34.882874287931,0.431933662721089,9.71001311391592,2.76169851848057,0.805285257952554,fast,train,61_48
192095,3.625,55.625,39.1052631578947,11.3633855075428,34.9037783195902,0.457304380441967,7.72408696734592,1.78604751825333,0.773517351401479,fast,train,61_48
192096,3.625,55.875,48.0,7.29010896384716,34.9711599759758,0.0,6.15619372576475,1.03173899650574,0.76569539308548,fast,train,61_48
192097,3.625,56.125,68.8888888888889,6.50085961818695,34.9348768591881,0.0883290403419071,3.16513565182686,1.63952855269114,0.50804740190506,fast,train,61_48
192100,3.625,56.875,59.9259259259259,6.44375609606504,35.019311401993,0.443222396903568,3.00234314054251,1.82372962324708,0.302153774985561,fast,train,61_48
192101,3.625,57.125,61.6666666666667,7.01568652689457,35.1507105398923,0.146939461429914,2.73519089072943,0.950466672579449,0.297981520493825,fast,train,61_49
192116,3.625,60.875,347.0,8.30454421788454,35.2778709959239,1.15915822982788,0.856959745287895,2.22663831710815,0.540449380874634,slow,train,61_50
192293,3.875,43.125,95.7448979591837,13.8835868408181,38.2793041174205,0.284746425188318,3.10623617424649,0.654971241646883,0.373277472598212,fast,test,61_44
192294,3.875,43.375,45.9761904761905,14.8554556252701,38.2205819378474,0.580473453870841,4.79255696705409,1.33942122757435,0.2564647346735,fast,test,61_44
192328,3.875,51.875,19.0,9.22449416667223,34.1441083699465,0.0,13.6036866232753,14.1200551986694,0.263490080833435,fast,train,61_47
192329,3.875,52.125,24.3333333333333,17.1300088539719,32.7209285460413,4.62879530588786,11.8714560270309,9.32587591807048,0.768664717674255,fast,train,61_47
192330,3.875,52.375,24.5,10.7717825956643,33.5512100276537,1.85329716205597,12.2288155652583,7.65050438642502,0.810541790723801,fast,train,61_47
192331,3.875,52.625,25.4,15.4486587166786,33.6425366671756,1.54349123239517,11.582799757272,6.65155444145203,0.874374389648438,fast,train,61_47
192332,3.875,52.875,27.0,6.47392194718122,34.3203527620062,1.47049808502197,12.2743003517389,6.90879062811535,0.873694409926733,fast,train,61_47
192333,3.875,53.125,28.0,15.9759819377214,34.3062379513867,1.28945118188858,10.6178777329624,5.34380060434341,0.628955543041229,fast,train,61_47
192334,3.875,53.375,27.6666666666667,16.553086951375,34.452345315367,1.71589994430542,11.1058076620102,4.21425191561381,0.38061261177063,fast,train,61_47
192335,3.875,53.625,37.0,6.2917874827981,34.923856286332,2.15873312950134,9.38554032146931,2.15873312950134,0.690402150154114,fast,train,61_47
192336,3.875,53.875,40.0476190476191,8.99959891076598,34.6569646549012,0.747258792320887,8.6839285088437,1.91025213400523,0.762403510865711,fast,train,61_47
192337,3.875,54.125,47.0,8.67721184045076,34.6655679680407,0.400812961657842,8.62672810256482,2.04431037902832,0.706717546780904,fast,train,61_48
192339,3.875,54.625,44.8333333333333,10.2443006783724,34.7407452296466,0.846720149119694,8.71022674441338,1.46811631321907,0.738190809885661,fast,train,61_48
192340,3.875,54.875,48.3333333333333,5.62184516340494,34.7783847246319,1.21637131770452,8.30420849472284,1.66424218813578,0.736626327037811,fast,train,61_48
192341,3.875,55.125,41.7142857142857,9.72407344675491,34.8281589602785,0.617091678082943,9.0591317835663,2.27562534809113,0.806692825896399,fast,train,61_48
192342,3.875,55.375,32.8333333333333,8.86925871670246,34.871466178447,0.76741360127926,10.2392040677369,2.8311527967453,0.805396417776744,fast,train,61_48
192343,3.875,55.625,36.75,10.9268776606768,34.9131748080254,0.410758726298809,7.77471235580743,2.6213484108448,0.761323675513267,fast,train,61_48
192344,3.875,55.875,46.0,7.84859768673777,34.8717204993591,0.139263997475306,5.858577221632,1.8474978407224,0.762832581996918,fast,train,61_48
192345,3.875,56.125,69.4545454545455,6.90011570602655,34.9997363984585,0.213095762512901,2.82903253287077,1.55327820236033,0.448501882227985,fast,train,61_48
192347,3.875,56.625,54.2222222222222,5.93980734050274,35.0271105766296,0.900339709387885,3.30462558567524,1.46183351675669,0.287947326898575,fast,train,61_48
192348,3.875,56.875,56.3571428571429,6.74182214268616,35.0632604777015,1.05268322144236,2.531693469733,1.86335922139032,0.272459600652967,fast,train,61_48
192349,3.875,57.125,63.25,7.15552233718335,35.0619525415823,0.230368442833424,2.0975371543318,1.87871405482292,0.274599879980087,fast,train,61_49
192354,3.875,58.375,151.227272727273,7.70370690152049,35.2217585546896,0.485183266076175,1.47590840980411,1.92340191927823,0.746767989613793,fast,train,61_49
192357,3.875,59.125,263.0,7.6834315136075,35.2290413808078,1.16373515129089,0.6870326846838,2.2381420135498,0.858679175376892,fast,train,61_49
192380,3.875,64.875,1136.0,-0.766045086085796,34.9070711061358,0.468610674142838,0.12671285122633,1.70127892494202,0.179074794054031,slow,train,61_51
192541,4.125,43.125,93.0697674418605,13.8743737561758,38.270743146842,0.328734345734119,2.75554034893596,0.782646576332492,0.401381613903267,fast,test,61_44
192542,4.125,43.375,29.1363636363636,15.9944095686078,38.1318371510133,0.822524972937324,6.44271259009838,1.55419753212482,0.251574127511545,fast,test,61_44
192577,4.125,52.125,16.0,6.72270883619785,32.3867508675903,0.985499620437623,13.4305856376886,10.3387330373128,0.405298550923665,fast,train,61_47
192578,4.125,52.375,20.9615384615385,11.4392083118168,32.3865943624137,1.87288520126962,12.6370574404987,8.05452210169572,0.332480139457262,fast,train,61_47
192579,4.125,52.625,23.8,15.6277657449245,32.9251991026103,1.82958768606186,11.9879146590829,7.80891229311625,0.802226845423381,fast,train,61_47
192580,4.125,52.875,29.25,11.1220740471035,33.9568773144856,1.15269141197205,11.726212336868,5.09104578495026,0.8645243704319,fast,train,61_47
192581,4.125,53.125,29.5,10.8039735194296,34.1796624334529,1.11242303848267,11.3855525270104,5.21484907865525,0.727788007259369,fast,train,61_47
192582,4.125,53.375,28.625,11.1522873714566,34.4550156849437,1.61848066747189,11.7186498502269,5.57802763581276,0.669717766344547,fast,train,61_47
192584,4.125,53.875,43.0,7.01617482304573,34.5179601106793,1.27806973457336,8.21216467022896,2.62754607200623,0.747139155864716,fast,train,61_47
192585,4.125,54.125,48.5625,8.18717003054916,34.5882480527507,0.458198068663478,9.19730215519666,1.75686629116535,0.696590796113014,fast,train,61_48
192588,4.125,54.875,49.0,7.93621632736177,34.7743155900389,0.479273464530707,7.86031677480787,1.53224702179432,0.641743421554566,fast,train,61_48
192589,4.125,55.125,47.7,8.03917967453599,34.776299293153,0.571577332913876,8.27815789505839,1.51201159954071,0.844671779870987,fast,train,61_48
192590,4.125,55.375,43.7142857142857,9.32703635841607,34.7978584401842,0.46599925841604,8.93351759868009,2.04014488628932,0.839703364031656,fast,train,61_48
192591,4.125,55.625,37.0,10.8461256846786,34.9391155410558,0.307549834251404,5.91888179630041,1.2276074886322,0.803559124469757,fast,train,61_48
192592,4.125,55.875,47.6666666666667,6.2690817117691,34.9243649281561,0.269096414248149,5.17276527732611,1.45570079485575,0.80145384867986,fast,train,61_48
192594,4.125,56.375,64.0,7.21173743158579,35.0169377401471,0.0,3.60582292824984,1.24162483215332,0.44158872961998,fast,train,61_48
192596,4.125,56.875,56.0,5.14148382470012,35.0321969948709,0.436671406030655,3.47215185686946,1.44511312246322,0.232527330517769,fast,train,61_48
192597,4.125,57.125,63.5,5.01367230713367,34.9772636778653,1.82299366593361,3.53001495078206,2.3374992609024,0.441235214471817,fast,train,61_49
192600,4.125,57.875,84.6,7.23224586993456,35.1698354724795,1.53908121585846,2.54231391102076,2.93035130500793,0.907242262363434,fast,train,61_49
192601,4.125,58.125,129.0,7.99508653208613,35.2755821077153,0.774993717670442,1.6132084093988,1.78750997781753,0.779546469449997,fast,train,61_49
192789,4.375,43.125,77.4166666666667,14.1841181740165,38.2811466464773,0.57803284501036,3.79426455125213,1.09284849050972,0.33530616429117,fast,test,61_44
192790,4.375,43.375,46.2058823529412,14.0485441838117,38.2574648815481,0.686543050934287,3.95145043336293,1.16416831489872,0.315789617159787,fast,test,61_44
192825,4.375,52.125,10.0,5.99148534983397,33.0317087005824,1.66485738754272,12.8170415237546,10.1240348815918,0.266007512807846,fast,train,61_47
192826,4.375,52.375,15.0,7.2807702999562,32.3435163125396,1.5640886425972,12.6114078070968,8.02414071559906,0.272519335150719,fast,train,61_47
192827,4.375,52.625,21.2,6.30409254580736,33.5749381687492,1.53557205200195,13.2771629869938,10.471658706665,0.788390135765076,fast,train,61_47
192828,4.375,52.875,21.8,6.81607106029987,33.0436109192669,0.678732872009276,12.7667958498001,7.41883935928345,0.777208924293518,fast,train,61_47
192829,4.375,53.125,32.375,6.15161596890539,34.2856379575096,1.06111584603787,11.9400311177597,4.71500051021576,0.871563315391541,fast,train,61_47
192830,4.375,53.375,26.8,7.48259530663491,34.2100283503532,1.61447541117668,12.1856746003032,4.43991546630859,0.716338384151459,fast,train,61_47
192831,4.375,53.625,29.0,6.15701774507761,34.4248786568641,1.57851302623749,11.2781762033701,3.31047526995341,1.04324793815613,fast,train,61_47
192832,4.375,53.875,41.8,9.6444044418633,34.5376445492729,0.798693439364433,10.2778038784862,2.25126410722733,0.721452832221985,fast,train,61_47
192833,4.375,54.125,47.0,9.38209174945951,34.6477909362875,0.841145855685075,9.42112490348517,2.28924421469371,0.671712890267372,fast,train,61_48
192834,4.375,54.375,50.0,12.5461287349463,34.69801931642,0.516333997249603,8.72853785008192,1.9986070394516,0.6641646027565,fast,train,61_48
192835,4.375,54.625,49.3333333333333,9.38367871195077,34.678182285279,0.321409632762273,8.63869135826826,2.21855851014455,0.582851946353912,fast,train,61_48
192836,4.375,54.875,49.6666666666667,9.68471328914167,34.7158217802644,0.719854732354482,8.85402996093035,1.82748885949453,0.597119589646657,fast,train,61_48
192837,4.375,55.125,48.1666666666667,9.53151037171484,34.8679056856781,0.612913166483244,8.43202001228929,1.54617977142334,0.839678486188253,fast,train,61_48
192838,4.375,55.375,44.8,10.4180852785707,34.8303170548752,0.4313944876194,9.20982695147396,1.67521585226059,0.834179580211639,fast,train,61_48
192839,4.375,55.625,36.0,9.37073886394501,34.9082918465137,0.274290963013967,7.33977476656437,1.83487267494202,0.804702425003052,fast,train,61_48
192840,4.375,55.875,45.2857142857143,6.05970729781048,34.9639663273203,0.480479583144187,6.54072694480419,1.76858198642731,0.812292456626892,fast,train,61_48
192841,4.375,56.125,63.0,5.44776758551598,35.036774771288,0.837449093659719,3.85778374224901,1.90645690759023,0.412060499191284,fast,train,61_48
192843,4.375,56.625,51.0588235294118,6.36180053388371,34.9621839437853,0.364714822348427,3.22805404706913,1.88236917467678,0.241915541536667,fast,train,61_48
192846,4.375,57.375,64.3,6.45907774418593,35.0663777254522,0.648123878240586,3.27021698355675,1.45696790218353,0.598138254880905,fast,train,61_49
192848,4.375,57.875,88.6666666666667,6.54387037083506,35.1095105521381,0.168465554714203,2.76485488191247,2.46407298247019,0.907121181488037,fast,train,61_49
192868,4.375,62.875,668.0,9.08313243091106,35.3297524619848,0.0,1.37333292514086,2.14719533920288,1.18405520915985,slow,train,61_50
193038,4.625,43.375,53.4722222222222,14.1407005079091,38.2876742165536,1.30804076459673,3.7316405698657,1.72178757356273,0.385449542767472,fast,test,61_44
193075,4.625,52.625,18.0,7.79805903509259,33.1812493968755,0.797208666801455,13.1579943113029,4.27421832084655,0.597846850752831,fast,train,61_47
193079,4.625,53.625,33.0,5.91531115025282,34.5919674960897,1.03163611888885,10.1714529767633,2.64059388637543,1.08938014507294,fast,train,61_47
193080,4.625,53.875,41.1153846153846,11.705508130101,34.5233595392738,1.19294151434532,10.4393021962964,2.22117899472897,0.709457275959162,fast,train,61_47
193081,4.625,54.125,47.0,8.16179897636176,34.583914000541,0.795141448577245,8.49651579558849,2.5008501874076,0.649036275015937,fast,train,61_48
193082,4.625,54.375,48.6,11.4634296789765,34.6861170977354,0.566026127338409,9.89634692519904,2.0986825466156,0.664528274536133,fast,train,61_48
193083,4.625,54.625,47.4285714285714,5.77823944496257,34.7481568676553,0.515744862811907,8.9493174669998,2.01576214177268,0.604814095156533,fast,train,61_48
193084,4.625,54.875,46.2,6.22381665855646,34.7239600494504,0.582167959213258,7.83217260539532,1.84955494403839,0.593157172203064,fast,train,61_48
193086,4.625,55.375,33.75,10.4656209088862,34.7754600341432,0.600649654865265,9.94769126549362,2.48468834161759,0.871845334768296,fast,train,61_48
193087,4.625,55.625,32.5,14.1241798214614,34.8780785221606,0.533901184797287,9.67778556793928,2.2047420591116,0.861810028553009,fast,train,61_48
193093,4.625,57.125,58.4,6.45243691653013,35.0613930355757,0.768732357025147,3.46006652712822,1.53694003423055,0.717439309755961,fast,train,61_49
193094,4.625,57.375,61.3571428571429,6.41792484213199,35.0705631210336,0.640568381973675,3.24226900456207,1.58183372446469,0.633419466870172,fast,train,61_49
193095,4.625,57.625,83.5625,7.66351818619296,35.1990950934123,0.402785612270236,2.57170323561877,1.86981929838657,0.842956908047199,fast,train,61_49
193124,4.625,64.875,858.0,-0.716971322894096,34.9055451806635,1.05440437793732,0.235114596784115,1.75023698806763,0.458193778991699,slow,train,61_51
193126,4.625,65.375,858.0,-0.70598465949297,34.9024933297187,0.0,0.273201696574688,1.72154581546783,0.513155281543732,slow,train,61_51
193327,4.875,53.625,32.0,5.27661978453398,34.3867305200547,1.58796572685242,11.5916623324156,2.45611357688904,1.05909860134125,fast,train,61_47
193328,4.875,53.875,38.0,6.44468521513045,34.6018860116601,1.51449319720268,10.1375774312764,2.03110498189926,0.68583145737648,fast,train,61_47
193329,4.875,54.125,42.0,7.42469559051096,34.5236823312007,0.0,10.9128696452826,3.41904354095459,0.616761386394501,fast,train,61_48
193330,4.875,54.375,44.25,14.7733085174114,34.5851008314639,1.08719427883625,9.84514907374976,2.43800151348114,0.68681937456131,fast,train,61_48
193331,4.875,54.625,42.0,13.0478530302644,34.5027008559555,0.875823140144348,9.1189306229353,2.15454924106598,0.594959229230881,fast,train,61_48
193332,4.875,54.875,43.6428571428571,10.6189633394991,34.6172542610605,0.468886671321733,9.2784465120307,1.9272882768086,0.618417744125638,fast,train,61_48
193333,4.875,55.125,41.875,7.92916655167937,34.7684979991755,0.666537523269653,8.58200322696939,1.57886261492968,0.86075758188963,fast,train,61_48
193334,4.875,55.375,45.5,8.38364819437265,34.8300118697807,1.04191553592682,7.44309823215008,1.36132347583771,0.862824529409408,fast,train,61_48
193335,4.875,55.625,37.75,6.82299265824258,34.8540451959707,0.792495489120485,8.12500380724669,2.02975061535835,0.781524702906609,fast,train,61_48
193336,4.875,55.875,40.5,5.74267404600978,34.8406933480874,0.424244123697282,7.00106814131141,1.39346588253975,0.786691391468048,fast,train,61_48
193337,4.875,56.125,56.2222222222222,6.40010784566402,34.9594612140208,0.302373634444343,4.68446912616491,1.21169596910477,0.809136039680905,fast,train,61_48
193338,4.875,56.375,60.0,6.97149572521448,34.9612414604052,0.455176755785942,3.19821771606803,1.46074932813644,0.814321279525757,fast,train,61_48
193341,4.875,57.125,54.5384615384615,5.98810483801823,35.0473388707122,0.739246964454651,3.71090050385549,1.34502657560202,0.692744511824388,fast,train,61_49
193342,4.875,57.375,57.0,6.09869687352329,35.060998838162,0.488651301711798,3.15482039563358,1.71210668236017,0.710457526147366,fast,train,61_49
193343,4.875,57.625,95.0,8.04818873852491,35.0321969948709,0.0,1.69707327336073,1.15796482563019,0.716419279575348,fast,train,61_49
193344,4.875,57.875,96.0,6.67925047874451,35.1680043619126,0.284478366374969,3.62413403391838,2.51259803771973,0.764788508415222,fast,train,61_49
193345,4.875,58.125,180.217391304348,7.33179459396912,35.1944758516291,0.624945596508358,1.85381633788347,2.57997540805651,0.717560737029366,fast,train,61_49
193365,4.875,63.125,512.666666666667,7.65681937336921,35.2387055754662,0.257384091615677,1.23001800477505,2.46919039885203,0.623636424541473,slow,train,61_51
193373,4.875,65.125,770.0,-0.648121565580368,34.9009674042463,0.0,0.27393414080143,1.59106504917145,0.480311304330826,slow,train,61_51
193434,4.875,80.375,704.0,1.80117192864418,35.0733969826251,0.0,2.29035309702158,0.0,0.0092161707580089,fast,train,61_56
193575,5.125,53.625,28.8,12.3436811506748,34.2213201988488,1.38863960504532,11.1976073384285,5.75972428321838,0.626604914665222,fast,train,61_47
193576,5.125,53.875,38.0,9.27027193084361,34.2074342770502,0.50486868619919,10.5900448523462,3.75002992153168,0.666094541549683,fast,train,61_47
193577,5.125,54.125,42.0,10.0589922890067,34.4350514933467,1.09870274861653,9.2346568107605,4.25293509165446,0.681238194306691,fast,train,61_48
193578,5.125,54.375,41.0,8.5091403052211,34.569332934916,0.772316875557105,10.8125858232379,2.14309191703796,0.688511312007904,fast,train,61_48
193579,5.125,54.625,44.125,5.42759485077113,34.6463285910431,1.25874346494675,9.21716970484704,2.13148637115955,0.677847810089588,fast,train,61_48
193580,5.125,54.875,40.0,11.3112277686596,34.7163304220885,0.359342068433762,9.12918484210968,1.38388562202454,0.695810437202454,fast,train,61_48
193581,5.125,55.125,40.9375,7.46992402151227,34.7204313467955,0.75502328760922,8.91027557384223,1.52691524475813,0.781051993370056,fast,train,61_48
193582,5.125,55.375,44.4,10.4885464131832,34.6589556243271,0.376209530234337,8.15825677514075,1.43937368392944,0.841694331169128,fast,train,61_48
193583,5.125,55.625,48.1,9.86809290871024,34.7729422571137,0.330308270454407,7.86630450636148,1.49819350242615,0.780113995075226,fast,train,61_48
193584,5.125,55.875,51.3333333333333,6.11221657320857,34.879604447633,0.770721773306529,7.86046936735511,1.58969666560491,0.78036367893219,fast,train,61_48
193585,5.125,56.125,51.3333333333333,7.04937896132469,34.9180069053546,0.603626877069473,5.71452985703945,1.26118032137553,0.682703395684561,fast,train,61_48
193589,5.125,57.125,53.4827586206897,6.31317990555845,35.0534547152447,0.636135090014031,3.91496490532982,1.35998723835781,0.590020520933743,fast,train,61_49
193619,5.125,64.625,730.0,-0.933774814009666,34.9070711061358,0.205864056944847,1.04666280001402,3.57044768333435,0.447117894887924,slow,train,61_51
193622,5.125,65.375,673.0,1.12805568426847,34.911648882553,0.0,1.25687429308891,1.28677690029144,0.507541656494141,slow,train,61_51
193623,5.125,65.625,840.5,-0.571947365999222,34.8979155533016,0.245568439364434,0.518204290419817,4.05801957845688,0.496498331427574,slow,train,61_51
193685,5.125,81.125,682.0,0.940549962222576,34.9848933052272,0.0,0.77712332457304,0.0,0.0162548795342445,fast,train,61_57
193823,5.375,53.625,30.25,16.7164830509573,34.053506545024,1.92870309948921,12.1675466056913,4.14091120660305,0.64009328186512,fast,train,61_47
193824,5.375,53.875,34.8333333333333,8.29575488716365,34.4070761930197,0.800616363684338,11.4284493438899,2.41997424761454,0.666264981031418,fast,train,61_47
193825,5.375,54.125,39.3333333333333,6.32401502877474,34.5380514627322,0.368299742539723,11.7718436121941,3.99129384756088,0.720035831133525,fast,train,61_48
193826,5.375,54.375,43.6,12.75165258497,34.6394237782806,1.17758215665817,10.7553575143218,3.42105898857117,0.710566532611847,fast,train,61_48
193828,5.375,54.875,43.0,9.69435713812707,34.5736563904211,0.339638650417328,8.75380717590452,2.15495681762695,0.693319976329803,fast,train,61_48
193829,5.375,55.125,42.0,8.67530748546124,34.7347941203043,0.431470143795013,9.24828027337789,1.51623929738999,0.772885352373124,fast,train,61_48
193830,5.375,55.375,43.6666666666667,8.4861903861165,34.7799106501043,0.610262433687847,8.94753867387772,1.39598286151886,0.820725957552592,fast,train,61_48
193831,5.375,55.625,52.625,9.06317332573235,34.6360285941046,0.263531394302845,8.86413158755749,1.23936212062836,0.773812063038349,fast,train,61_48
193832,5.375,55.875,53.0,8.87914671376348,34.7778252186254,0.417179697751999,6.98561356812716,1.28808326721191,0.75338613986969,fast,train,61_48
193833,5.375,56.125,45.375,7.23828853480517,34.7815637360327,0.281436279416084,6.69985045306385,1.67770363390446,0.724003575742245,fast,train,61_48
193836,5.375,56.875,53.4,6.77944884896278,34.9339273944497,0.412335622310638,4.14109316915273,1.55098974704742,0.842943692207336,fast,train,61_48
193837,5.375,57.125,51.6774193548387,6.59688594408574,35.0529692706562,0.651868819709747,3.98964733029565,1.56628481995675,0.597708900128641,fast,train,61_49
193838,5.375,57.375,69.0,6.8406811863184,35.0997954932973,0.591128072142601,3.191479229182,1.83512876033783,0.610844004154206,fast,train,61_49
193839,5.375,57.625,103.5,7.31244851276278,35.1954710204155,1.04992239177227,2.08343760296702,1.86838459968567,0.770510733127594,fast,train,61_49
193867,5.375,64.625,659.5,0.0268257893621921,34.8933377768845,0.0993916541337965,0.969389934092761,1.59360283613205,0.408067405223846,slow,train,61_51
193871,5.375,65.625,742.0,0.911252193152905,34.9147007334978,0.0686355605721475,0.759544663131237,1.70690989494324,0.483754485845566,slow,train,61_51
194071,5.625,53.625,28.6666666666667,5.80153814703226,34.1629281174391,1.34277705351512,12.8060548603535,7.56955607732138,0.949865579605103,fast,train,61_47
194072,5.625,53.875,33.3333333333333,11.0938139073551,34.178441693075,1.38344325621923,12.2254096996039,3.57840718825658,0.732241958379746,fast,train,61_47
194073,5.625,54.125,37.4,10.943052470684,34.3673004023731,0.964449381828308,11.1795403808355,2.94145325819651,0.722126924991608,fast,train,61_48
194074,5.625,54.375,39.875,11.6325876731426,34.3965536652831,0.909427223727107,11.3397472961806,2.62434434890747,0.721625998616219,fast,train,61_48
194075,5.625,54.625,43.2941176470588,12.0830516438274,34.5408489927649,0.810838949209189,9.63297721524449,2.25786630546345,0.676347788642435,fast,train,61_48
194076,5.625,54.875,43.7,5.62899870201945,34.6713156206533,1.16254671216011,10.1696218661964,2.09464536905289,0.694575488567352,fast,train,61_48
194077,5.625,55.125,43.4166666666667,10.1029999796301,34.6402884693816,0.625962826112906,8.98916592076421,1.44308740397294,0.697945207357406,fast,train,61_48
194079,5.625,55.625,52.0,5.46559039503336,34.6911526517942,0.651106894016266,8.19788200780749,1.59591439366341,0.59053222835064,fast,train,61_48
194080,5.625,55.875,51.6666666666667,6.3572191670537,34.8562069237232,0.673424879709879,7.1105685532093,1.62878463665644,0.610385000705719,fast,train,61_48
194081,5.625,56.125,53.75,7.09472946636378,34.7796563291922,0.901637658476831,6.68465223535895,1.6858920454979,0.605598881840706,fast,train,61_48
194082,5.625,56.375,53.3,7.58403883203864,34.7680592956021,0.653761464357376,6.28400524333119,1.68238116502762,0.644437783956528,fast,train,61_48
194083,5.625,56.625,55.75,6.57158117741346,34.951704426203,0.436158105731011,6.08569596894086,1.30245751142502,0.85899443924427,fast,train,61_48
194084,5.625,56.875,52.1428571428571,6.57053482851812,34.8742637084797,0.668265052139759,5.7494517514216,1.43000515018191,0.96370847097465,fast,train,61_48
194085,5.625,57.125,53.48,6.44568866372108,35.0559403952211,0.729284723997116,3.76666768044233,1.33951412677765,0.635228314399719,fast,train,61_49
194086,5.625,57.375,71.1666666666667,7.38190864026546,35.1344340015203,0.677934979399045,2.66463209688663,1.63293743133545,0.685715506474177,fast,train,61_49
194115,5.625,64.625,559.0,4.05246133357286,35.0459303241223,0.275581697622935,1.84356211870909,2.11635804176331,0.571532885233561,slow,train,61_51
194119,5.625,65.625,671.0,1.73744928091764,34.923856286332,0.0,0.768333993852139,1.29860663414001,0.686217963695526,slow,train,61_51
194120,5.625,65.875,599.0,5.38648641854525,35.0886562373489,0.0,2.13727225363255,1.34166789054871,0.695045292377472,slow,train,61_51
194121,5.625,66.125,651.5,0.625232722610233,34.9253822118044,0.121583446860313,0.971221044659616,2.9489935040474,0.64022421836853,slow,train,61_52
194320,5.875,53.875,32.4444444444444,8.71015555411577,33.9294615201652,0.932138489352332,12.4808496236801,4.64021531740824,0.976496087180242,fast,train,61_47
194322,5.875,54.375,39.5,6.68987092003226,34.4515823526308,0.0,10.6717123836279,2.07120269536972,0.722699463367462,fast,train,61_48
194324,5.875,54.875,41.25,11.6569414436817,34.4798119738698,0.685241311788559,9.35825677402317,1.82802808284759,0.688045933842659,fast,train,61_48
194325,5.875,55.125,44.0,10.3971373736858,34.7697378136218,0.21175916492939,7.46287422627211,1.52380549907684,0.684221982955933,fast,train,61_48
194326,5.875,55.375,49.0,6.49247720092535,34.6552934031934,1.09839725494385,10.5135044306517,1.48348951339722,0.720242083072662,fast,train,61_48
194327,5.875,55.625,48.0,9.15051729977131,34.3966490356252,0.827034533023835,8.4315317161381,1.85334873199463,0.613806456327438,fast,train,61_48
194328,5.875,55.875,48.0,5.91164892911911,34.8658711183816,0.933498620986938,8.5827814489603,1.55358016490936,0.54651540517807,fast,train,61_48
194329,5.875,56.125,48.9166666666667,9.35254983231425,34.6743674715981,0.83216737707456,8.23993651382625,1.68293116490046,0.599520290891329,fast,train,61_48
194331,5.875,56.625,50.5,5.33521532267332,34.8414563108236,0.283093720674515,8.98013244196773,1.12571257352829,0.839137673377991,fast,train,61_48
194332,5.875,56.875,56.4166666666667,8.45011750794948,34.8371328553185,0.521567561974128,5.52653583884239,1.56507348020871,0.836191197236379,fast,train,61_48
194333,5.875,57.125,51.3684210526316,6.52859826621256,35.0385416323613,0.604994060177552,3.98889125883579,1.62457581570274,0.645485884264896,fast,train,61_49
194334,5.875,57.375,76.5,5.57289347425104,34.9101229570806,0.486566722393036,3.79955442622304,3.04109907150269,0.691528141498566,fast,train,61_49
194363,5.875,64.625,375.5,6.84441665187478,35.1931821322069,0.273183465003967,1.52421643584967,2.27631890773773,0.572781622409821,slow,train,61_51
194365,5.875,65.125,568.0,5.60036013275385,35.0856043864042,0.596992909908294,1.83184301108122,1.94967395067215,0.647116392850876,slow,train,61_51
194366,5.875,65.375,496.0,6.99145483039319,35.2092043496668,0.0986983962357045,1.86700033396483,3.19973492622375,0.696118071675301,slow,train,61_51
194367,5.875,65.625,373.0,5.34888761490583,35.0881475955248,0.257066518068314,1.77007354795933,3.64095060030619,0.700258612632751,slow,train,61_51
194567,6.125,53.625,26.0,7.26337474957108,33.7427899707109,0.0,13.9977416172623,11.5529265403747,0.853565096855164,fast,test,62_47
194568,6.125,53.875,29.6470588235294,7.36348264138488,33.5832858786863,0.82986419691759,13.1508206663763,4.73252990666558,0.95230755034615,fast,test,62_47
194569,6.125,54.125,39.0588235294118,6.80484312115347,34.4303540365003,0.71970796585083,11.5705937896581,3.3251048747231,0.730816553620732,fast,train,62_48
194572,6.125,54.875,41.0,6.41959900036454,34.4870601198636,1.27117124199867,10.8363292235881,2.19971376657486,0.648838236927986,fast,train,62_48
194573,6.125,55.125,46.25,12.1266213040799,34.2766731453594,0.62288561463356,10.3567613661289,1.76785218715668,0.679707750678063,fast,train,62_48
194574,6.125,55.375,48.0,9.68080691993237,34.597308235243,0.0,8.1235389187932,4.43775272369385,0.724224865436554,fast,train,62_48
194577,6.125,56.125,39.25,7.92239144258201,34.5202489988879,0.772334188222885,9.70213933847843,1.6008428633213,0.68920961022377,fast,train,62_48
194580,6.125,56.875,57.0,7.51277200877666,34.98031552881,0.474249303340912,2.63313699513674,1.15622544288635,1.08532118797302,fast,train,62_48
194581,6.125,57.125,54.625,6.77199622895569,35.036774771288,0.610961474478245,4.64804528513923,1.67057533562183,0.868733577430248,fast,train,62_49
194584,6.125,57.875,278.0,7.31794184446335,35.0917080882937,0.812464714050293,1.55571153759956,1.48516166210175,0.70177948474884,fast,train,62_49
194603,6.125,62.625,106.666666666667,8.79625844210386,33.1054617650807,0.0,10.9429608955979,1.55019529660543,0.710333108901978,fast,validation,62_50
194614,6.125,65.375,358.0,7.52668844908476,35.2275154553354,0.0,2.25959043949842,1.33494281768799,0.722304344177246,slow,train,62_51
194617,6.125,66.125,562.333333333333,5.14624471217394,35.0672932807356,0.134425729513168,1.57621997594833,1.67511932055155,0.717692792415619,slow,validation,62_52
194816,6.375,53.875,28.3076923076923,12.2781104898223,33.7689654615063,1.70604873620547,12.5670526749813,5.32954120635986,0.885132111035861,fast,test,62_47
194817,6.375,54.125,35.875,13.5273293321952,34.0187917405274,1.39880894124508,12.5080416155979,3.67722591757774,0.713593766093254,fast,train,62_48
194818,6.375,54.375,36.75,10.0598468072712,34.2892620305065,1.46543519198894,11.7741325004026,3.50492545962334,0.718017593026162,fast,train,62_48
194819,6.375,54.625,39.7272727272727,14.6937883794308,34.1650551650673,1.56002036007968,11.3804520517588,3.20693245801059,0.620966889641501,fast,train,62_48
194820,6.375,54.875,41.75,8.78420363087207,34.2080064991023,0.859419159591199,11.378063284792,3.03395111858845,0.631267860531807,fast,train,62_48
194821,6.375,55.125,46.6,8.66549273282291,34.5298623293638,0.852514123916627,11.095651102066,3.46784138679505,0.661246514320373,fast,train,62_48
194824,6.375,55.875,42.6923076923077,7.86451426320352,34.4620877626137,0.78866000358875,10.5386892436789,2.14943603368906,0.622646400561699,fast,train,62_48
194825,6.375,56.125,42.7142857142857,11.379031177078,34.4340342096985,1.26101051058088,10.2925155439547,2.83548338072641,0.695436256272452,fast,train,62_48
194827,6.375,56.625,42.0,10.7683034855872,34.5496230642311,0.425781264901161,8.28247931599617,1.67389443516731,0.825155526399612,fast,train,62_48
194828,6.375,56.875,50.3636363636364,6.15455406904221,34.7711250185967,0.527309320189736,6.86473363637924,1.43747423453765,0.796319942582737,fast,train,62_48
194829,6.375,57.125,62.8285714285714,6.78821725270578,34.9846317180033,0.48237977709089,4.16601719983987,1.76830172198159,0.840387657710484,fast,train,62_49
194850,6.375,62.375,97.0,9.15051729977131,33.0103457439691,0.0,11.774773389101,0.494707405567169,0.299200683832169,fast,validation,62_50
194861,6.375,65.125,367.0,7.67610707134008,35.2076784241945,0.307561367750168,0.849635303020477,2.28143548965454,0.726157426834106,slow,train,62_51
194865,6.375,66.125,450.5,6.09585865214467,35.1222265977412,0.134573742747307,1.94793542101979,1.61602652072906,0.72878509759903,slow,validation,62_52
195064,6.625,53.875,23.0,8.32596821151674,34.025467664469,0.99789336323738,12.004760876298,4.54611998796463,0.0972369574010371,fast,test,62_47
195065,6.625,54.125,37.0,16.6338999643922,34.0418713632971,2.32130712270737,11.9241920113564,4.85134541988372,0.741437077522278,fast,train,62_48
195066,6.625,54.375,37.75,15.6398510746658,34.065777529031,1.88727751374245,11.8717001751065,3.08128888408343,0.739054188132286,fast,train,62_48
195067,6.625,54.625,41.25,6.41850033402443,34.3443860881962,1.07496109604835,11.6343272086233,3.31689834594727,0.65113390982151,fast,train,62_48
195068,6.625,54.875,42.2666666666667,8.98654745221139,34.0385143272579,0.84445641040802,11.4039124622941,4.00895968278249,0.682379206021626,fast,train,62_48
195069,6.625,55.125,41.5625,9.95290995016694,34.0633296902524,0.93827011808753,11.5018463591114,3.16039182990789,0.737378921359777,fast,train,62_48
195070,6.625,55.375,41.0,8.27477559181196,34.0856872232897,1.26842552423477,11.3595298299832,3.17072475808007,0.744968056678772,fast,train,62_48
195071,6.625,55.625,35.7142857142857,10.2626815406339,34.1022544141327,0.615283974579402,11.9689757440771,2.3568126474108,0.782248377799988,fast,train,62_48
195072,6.625,55.875,40.6666666666667,6.10525835305453,34.2254910618067,0.12592339515686,10.992400880903,3.58348486820856,0.818318963050842,fast,train,62_48
195073,6.625,56.125,39.9523809523809,9.97270338343722,34.3056384806654,0.840347225467364,10.549463954355,2.07382589294797,0.751220195066361,fast,train,62_48
195075,6.625,56.625,38.0,15.6553544774652,34.2158268671483,1.50158214569092,9.14676350355148,1.5840528011322,0.65412175655365,fast,train,62_48
195077,6.625,57.125,65.0,6.88543352857232,35.0344858830794,1.07259255647659,5.508713029325,1.64958643913269,0.711803138256073,fast,train,62_49
195110,6.625,65.375,414.0,7.33698539435863,35.213782126084,1.68742227554321,0.56837671995163,2.33461427688599,0.744152367115021,slow,train,62_51
195168,6.625,79.875,844.0,0.510605201125145,35.0032044108957,0.887315154075623,2.01055940240622,1.29499912261963,0.0575267300009727,fast,test,62_56
195169,6.625,80.125,712.0,1.55580311268568,35.0535599514842,1.16828310489655,1.80327768623829,2.28649806976318,0.0673120692372322,fast,test,62_56
195171,6.625,80.625,745.0,1.43128759413958,35.0047303363681,0.0,0.360362559556961,1.12736904621124,0.0928893536329269,fast,test,62_56
195312,6.875,53.875,12.0,6.95098728686571,33.9350565802306,0.0,13.4117862358689,3.8972315788269,0.0607074722647667,fast,test,62_47
195315,6.875,54.625,39.0,9.8504898324609,33.6619159206748,0.63527766863505,11.4041566103697,3.82025742530823,0.671197712421417,fast,train,62_48
195316,6.875,54.875,36.125,5.51530504692346,34.1507842938881,0.535811141133309,11.9291360098869,3.53590615093708,0.674019873142242,fast,train,62_48
195317,6.875,55.125,35.875,8.44627217575908,33.5871455725283,0.522968858480453,11.9849848821759,3.55938977003097,0.697527125477791,fast,train,62_48
195318,6.875,55.375,28.6666666666667,12.8439893871546,33.7906023021787,1.20086220900218,11.9542222246528,3.02878046035767,1.11525738239288,fast,train,62_48
195319,6.875,55.625,34.5882352941176,11.355002082446,33.9677293374039,1.03167194478652,11.6575823128224,2.93573846536524,0.782248377799988,fast,train,62_48
195321,6.875,56.125,39.5,7.24198737815023,34.3241675756872,0.664900586009026,10.7609973348677,2.39228702783585,0.753066599369049,fast,train,62_48
195323,6.875,56.625,38.3809523809524,11.7896184836115,34.1112646407315,0.929893465269179,10.6998940472092,1.97975890977042,0.628271108581907,fast,train,62_48
195348,6.875,62.875,175.0,10.2088992074132,33.6634418461472,0.0,6.71871089190245,3.83110451698303,1.17075079679489,fast,validation,62_50
195363,6.875,66.625,649.75,1.14178901351988,34.9539933144115,0.131828241050243,0.728782005608082,1.59004974365234,0.702774360775948,slow,validation,62_52
195419,6.875,80.625,703.0,1.80263681709766,35.0199895910919,0.483696222305298,1.15359965711832,0.483696222305298,0.153011992573738,fast,test,62_56
195421,6.875,81.125,778.0,0.9339579641819,34.9665821995586,0.0,0.213873714208603,0.0,0.112652339041233,fast,train,62_57
195560,7.125,53.875,24.2857142857143,5.4348277375102,33.0718187415706,0.334757736751011,14.2261595811163,6.16421811921256,0.0142031237483025,fast,test,62_47
195562,7.125,54.375,39.3478260869565,15.707007718151,33.5860177145704,1.9898653652357,12.3171005709016,3.77405025648034,0.654516157896623,fast,train,62_48
195564,7.125,54.875,28.2413793103448,8.99958327566755,33.5254245180765,1.02530452634754,12.7396044892998,4.01412722571143,0.838931297433788,fast,train,62_48
195565,7.125,55.125,23.3333333333333,16.4444410577416,33.2916246727109,1.8476091225942,12.5328531637788,6.3799212773641,1.21202611923218,fast,train,62_48
195566,7.125,55.375,29.6470588235294,10.2780505594085,33.6776239770081,1.29143855151008,12.463744896738,4.34712919066934,1.18589092002195,fast,train,62_48
195567,7.125,55.625,29.6666666666667,12.109103679657,33.4165193606168,1.18297941305421,12.6570801436901,3.29036770806168,0.923887158885146,fast,train,62_48
195568,7.125,55.875,30.0,5.23438216745854,34.0241960599087,0.887902607520421,12.3584093637765,3.6408343911171,0.840364659825961,fast,train,62_48
195569,7.125,56.125,29.1666666666667,8.00350964069367,33.8789788191207,0.848966936270396,11.9970702119172,3.02468219399452,1.12160740296046,fast,train,62_48
195570,7.125,56.375,34.35,9.10708335712552,34.1718039172701,0.982995074987411,11.2425061695278,2.98357846736908,0.758069011569023,fast,train,62_48
195571,7.125,56.625,34.4444444444444,9.7545396387577,33.8945347815752,0.832380384206772,11.2770368456841,2.04690987533993,0.518012265364329,fast,train,62_48
195574,7.125,57.375,126.25,7.63765374943614,35.0627155043185,1.16958844661713,1.75475325621665,3.24924474954605,0.696790993213654,fast,train,62_49
195575,7.125,57.625,217.272727272727,7.58861327916384,35.0831074174494,0.875421816652471,1.7326301112771,3.39278457381509,0.617649891159751,fast,train,62_49
195611,7.125,66.625,435.333333333333,6.4968718662858,35.1512191817164,0.585966482758521,1.42558061331511,1.77848001321157,0.700384736061096,slow,validation,62_52
195664,7.125,79.875,697.5,1.46681113913655,35.0062562618404,0.0,2.05011139065028,1.04395186901093,0.0674210637807846,slow,test,62_56
195808,7.375,53.875,25.0,6.77135534025729,33.590102053131,0.801692407578231,13.2686849450692,4.76847240328789,0.0145650029880926,fast,test,62_47
195810,7.375,54.375,42.0,5.92761621326208,33.5749381687492,0.356464743614196,13.1876583024859,3.61420884132385,0.61543595790863,fast,train,62_48
195811,7.375,54.625,26.25,10.0642414726317,33.2743308506906,1.3553701043129,13.2792138308287,3.45814037322998,0.780362844467163,fast,train,62_48
195812,7.375,54.875,24.5,10.5619373247027,33.1217383034528,1.46401858329773,13.0157170202583,3.80057948827744,0.816863685846329,fast,train,62_48
195813,7.375,55.125,22.9,9.4120731331408,33.1128116394393,1.06203441023827,13.3006378244609,3.83760317564011,1.18002872169018,fast,train,62_48
195814,7.375,55.375,25.4,4.76390882581472,33.3457441627979,0.598915481567382,13.8584307253361,3.26157627105713,1.15970299243927,fast,train,62_48
195816,7.375,55.875,24.0,4.57713554799557,33.5764640942216,1.07676470279694,12.6214789152145,3.50802183151245,1.05403470993042,fast,train,62_48
195817,7.375,56.125,28.8333333333333,11.7240211274475,33.7158319540322,1.43673332283894,12.0659810062498,3.31269091367722,0.949068004886308,fast,train,62_48
195820,7.375,56.875,31.4,11.0972075656056,34.1071809735149,0.372982335090637,9.44354990422725,2.0209331035614,0.859501957893372,fast,train,62_48
195821,7.375,57.125,45.0,7.20485245585442,34.7734000347555,0.614403754472733,6.25053254216909,2.03237292766571,0.486122351884842,fast,train,62_49
195849,7.375,64.125,327.5,7.84017457813025,35.2183599025011,0.578244999051094,0.947782829403877,1.27298814058304,0.761889651417732,slow,train,62_51
195850,7.375,64.375,309.0,7.84017457813025,35.2183599025011,0.594340562820435,0.947782829403877,1.42537522315979,0.761213958263397,slow,train,62_51
195910,7.375,79.375,1125.5,0.0240791235119106,34.96429331135,1.07239477336407,1.39201025292277,2.51787522435188,0.286578245460988,slow,test,62_56
195913,7.375,80.125,612.333333333333,1.94033633172512,35.0505081005394,0.775790214538573,1.63798943907022,2.11969037850698,0.0745541825890541,slow,test,62_56
196057,7.625,54.125,38.5,10.4018982611597,33.5253455908969,1.22073626518249,12.6734824553132,2.95702886581421,0.473087593913078,fast,train,62_48
196058,7.625,54.375,40.625,5.57060458604246,33.5680715041235,0.344635136425495,13.2999053802341,4.55423599481583,0.499173112213611,fast,train,62_48
196059,7.625,54.625,20.6666666666667,11.8234504312277,33.1904049497098,1.72221636772156,14.264595463872,6.13926982879639,0.996939003467561,fast,train,62_48
196060,7.625,54.875,21.6666666666667,9.43342388235033,33.0593025195412,1.43941488613685,13.6577043849975,4.38992428779602,0.906820217768352,fast,train,62_48
196061,7.625,55.125,22.0,11.0831934660673,32.9081087373197,1.31173360347748,14.8644672855735,4.78835233052572,1.20775318145752,fast,train,62_48
196062,7.625,55.375,24.375,12.1401715222746,32.7669606311247,1.75748926401139,13.3953977962956,3.20383405685425,1.21871635317802,fast,train,62_48
196067,7.625,56.625,34.9090909090909,9.75684794783593,34.200151450932,1.22004425525665,10.0157086998224,2.89076220989227,0.59321266412735,fast,train,62_48
196068,7.625,56.875,23.5,8.69157995469867,34.3572292942554,0.861582025885583,9.94488356262446,2.67465684811274,0.631172671914101,fast,train,62_48
196069,7.625,57.125,47.5,6.91692863032222,34.7634433710482,0.288626033812761,5.30555131193251,2.03753045201301,0.544530838727951,fast,train,62_49
196098,7.625,64.375,241.0,7.72884305566549,35.169530287385,0.562729120254517,1.08328501135111,1.48795759677887,0.698723316192627,slow,train,62_51
196099,7.625,64.625,258.5,7.7552110478282,35.1786858402193,0.602755188941956,1.03677480295301,1.46194571256637,0.787314236164093,slow,train,62_51
196158,7.625,79.375,928.526315789474,0.377030503985129,34.970678104774,0.863605955713674,1.56581155798937,2.32911421123304,0.330410038170061,slow,test,62_56
196160,7.625,79.875,625.375,2.31342510972172,35.0430692138616,0.202694043517113,1.24378185253591,0.924842715263367,0.0639473646879196,slow,test,62_56
196305,7.875,54.125,37.6923076923077,5.75913150436603,33.5939535477127,0.41960098193242,12.9387399491209,4.73662612988399,0.461875349283218,fast,train,62_48
196306,7.875,54.375,24.0,17.1634571403265,33.0332346260548,3.68326568603516,13.4894253239036,5.17162322998047,0.704169452190399,fast,train,62_48
196308,7.875,54.875,18.0,4.56065555289388,32.5334940338507,1.31346020102501,13.3641773611307,5.71903800964355,0.964061200618744,fast,train,62_48
196313,7.875,56.125,19.0,17.1700491383672,31.9727164227515,2.53447914123535,13.939146079123,7.30210447311401,1.10360479354858,fast,train,62_48
196317,7.875,57.125,45.25,8.13168738037348,34.8410748294555,0.337552905082703,6.31128879077733,2.00088292360306,0.670810341835022,fast,train,62_49
196357,7.875,67.125,942.0,-0.241248797625303,34.9154636962339,0.155084356665611,0.868678852915763,1.85593891143798,0.513299107551574,slow,validation,62_52
196406,7.875,79.375,744.6,1.40814235657454,35.0151066295803,1.03093469142914,1.56537980139256,2.1294086933136,0.360062539577484,slow,test,62_56
196407,7.875,79.625,704.166666666667,2.1405987907201,35.0431327940896,0.931131000320116,1.27311014011502,2.37750001748403,0.0493839476257563,slow,test,62_56
196408,7.875,79.875,634.055555555556,1.89382612332702,35.0232109893113,0.16472523411115,1.46403393521905,1.69630494051509,0.0615975426303016,slow,test,62_56
196411,7.875,80.625,824.5,0.457869216799736,34.9391155410558,0.0,0.369518112391233,0.524738013744355,0.0702412202954292,fast,test,62_56
196553,8.125,54.125,23.0,5.89077426865697,33.5467085475102,0.0,13.0495925657451,8.4008505344391,0.548016145825386,fast,train,62_48
196554,8.125,54.375,17.3684210526316,5.19454748144275,33.0570872505441,0.709586356815539,13.9140116772369,7.12563783244083,0.663204469178852,fast,train,62_48
196556,8.125,54.875,16.6666666666667,3.86605427786708,32.6503544929437,1.95864889025688,14.7162083666772,6.92290552457174,0.67780679743737,fast,train,62_48
196558,8.125,55.375,16.25,3.35560168884694,32.3308002669364,1.31981473167737,15.9097262341529,6.39438203970592,0.925715019305547,fast,train,62_48
196604,8.125,66.875,518.4,5.18960541039705,35.0947599392384,0.342415702342987,1.91885738521814,1.49956736564636,0.782562327384949,slow,validation,62_52
196605,8.125,67.125,667.0,4.85692924261093,35.0505081005394,0.0,1.4897915571928,1.30438286066055,0.738012552261353,slow,validation,62_52
196653,8.125,79.125,639.8,2.38068180084229,35.0529495812953,0.755827116966248,1.37333292514086,2.15889524618785,0.471136804421743,slow,test,62_56
196654,8.125,79.375,463.066666666667,2.1411237090826,35.0557979755104,0.644117118914922,1.29935605823994,2.20710514386495,0.29940313945214,slow,test,62_56
196655,8.125,79.625,605.789473684211,2.33901728924952,35.0397463103658,0.337370436442526,1.25841628093468,1.70953971461246,0.39621808242641,slow,test,62_56
196656,8.125,79.875,608.1,2.19661856666207,35.0280769960955,0.137096118927002,1.49469893351197,1.48512293100357,0.286417519301176,slow,test,62_56
196658,8.125,80.375,709.5,1.63270975649357,35.0192266283557,0.348163664340973,1.24808496236801,2.04643607139587,0.0861442647874355,fast,test,62_56
196813,8.375,57.125,28.6666666666667,16.0721152424812,33.4126814268529,1.15977942943573,11.7825861275196,3.22224656740824,0.341104199488958,fast,train,62_49
196839,8.375,63.625,268.0,9.64418470859528,33.8709677103907,0.0,4.42909023910761,2.39833903312683,0.743026673793793,fast,train,62_51
196841,8.375,64.125,447.0,7.67281107231974,35.1817376911641,1.32350432872772,1.5187231041491,1.56900352239609,1.22703266143799,slow,train,62_51
196852,8.375,66.875,231.0,7.56477554887533,35.2351450826973,0.0,0.882595293223858,1.36494719982147,0.800646901130676,slow,validation,62_52
196899,8.375,78.625,970.125,-0.539170486852526,34.9362544307951,0.851375602185726,0.88570818118751,2.11240130662918,0.165068564470857,slow,test,62_56
196900,8.375,78.875,684.085714285714,1.27942051546914,35.0124907573419,0.700393159048898,1.48801276407072,1.70761536359787,0.328872073548181,slow,test,62_56
196901,8.375,79.125,627.0,2.17984559386969,35.0489821750671,1.14699220657349,1.80913724005222,1.54089546203613,0.487586408853531,slow,test,62_56
196903,8.375,79.625,521.666666666667,2.77214882522821,35.0774661172181,0.430385947227477,0.955595567822456,2.50283209482829,0.52378448843956,slow,test,62_56
196906,8.375,80.375,861.0,1.01379438489676,34.9757377523929,0.431471824645996,0.333262123167515,0.82745772600174,0.0870488211512566,fast,test,62_56
197062,8.625,57.375,42.4090909090909,9.51792131178082,34.4892796478234,0.399978020990437,6.53804686479271,2.41518022526394,0.331886840814894,fast,train,62_49
197063,8.625,57.625,122.0,7.19880697389061,34.7381042047905,0.245327231975702,4.61273654349721,3.12192216286293,0.712116461533766,fast,train,62_49
197101,8.625,67.125,365.0,7.01251260191202,35.2336191572249,0.205132201313972,0.897244177758694,1.37156081199646,0.771417915821075,slow,validation,62_52
197146,8.625,78.375,1093.0,-0.470625914633274,34.947762452066,0.972769439220429,0.99002044647932,1.95729088783264,0.0565462671220303,slow,test,62_56
197147,8.625,78.625,835.375,0.370891464874149,34.9769775668392,0.698929093778134,1.07225257018581,2.01039720699191,0.224325350718573,slow,test,62_56
197148,8.625,78.875,430.0,2.04331799000502,35.0486769899726,0.584665739536285,1.37479781359434,2.07499308586121,0.330255591869354,slow,test,62_56
197149,8.625,79.125,421.230769230769,2.62410118832038,35.0789137901022,0.563608073271237,1.20554685535339,2.20451525541452,0.495534821198537,slow,test,62_56
197150,8.625,79.375,237.0,3.59492783993483,35.0835698191076,0.35581107934316,1.34379100799561,2.18074103196462,0.533683955669403,slow,test,62_56
197151,8.625,79.625,396.333333333333,3.2907193377614,35.1084932684898,0.340904513994853,1.27445295453072,3.91595462958018,0.554702738920848,slow,test,62_56
197152,8.625,79.875,501.0,2.68523211032152,35.0489821750671,0.0,1.08474989980459,1.64626002311707,0.571368873119354,slow,test,62_56
197310,8.875,57.375,25.0,17.7669911831617,32.8333383891732,1.39281034469604,12.1615039408207,3.05515360832214,0.501030027866364,fast,train,62_49
197311,8.875,57.625,74.1315789473684,9.62841788287226,34.5470330065214,0.428006452165152,6.11764402962045,2.84888802547204,0.695840256778817,fast,train,62_49
197394,8.875,78.375,1078.0,-0.700857549905777,34.9299599882215,0.887652695178986,0.856959745287895,0.925067722797394,0.0565462671220303,slow,test,62_56
197395,8.875,78.625,697.290322580645,1.21991836664177,35.0058132512195,0.66590981137368,1.27771351270137,1.872110247612,0.299350717255185,slow,test,62_56
197400,8.875,79.875,459.714285714286,2.82879117876291,35.0712170890931,0.697865281786238,1.19827875494957,4.2949527331761,0.578770978110177,slow,test,62_56
197558,9.125,57.375,22.2592592592593,15.1814901903272,33.4136987105012,1.30596800645192,11.6644455865025,3.81012855194233,0.629385506665265,fast,validation,63_49
197559,9.125,57.625,40.25,13.9663838683627,33.8454084587283,0.869917805306613,9.7749259835109,3.16468538343906,0.581006310880184,fast,validation,63_49
197641,9.125,78.125,784.909090909091,0.693050399422645,34.9897485226393,0.796110394326123,1.69234567880631,1.70579501173713,0.321245090527968,slow,train,63_56
197642,9.125,78.375,801.0,0.820638378815992,34.9916509751763,0.859653174877167,1.67928534213986,1.87969948564257,0.343900970050267,slow,train,63_56
197643,9.125,78.625,525.4375,2.08792384341359,35.0498405081453,0.409980945289135,1.47097689611837,1.90798553079367,0.402917286381126,slow,train,63_56
197742,9.375,41.375,90.5909090909091,13.8978212624788,38.6590444017202,0.0903281430629167,0.344848059117794,0.503952812064778,0.150393962860107,fast,validation,63_43
197743,9.375,41.625,110.916666666667,13.9314249157906,38.6705119628459,0.0866191399594149,0.328867457807064,0.463446794698636,0.0043142295908182,fast,validation,63_43
197839,9.375,65.625,413.0,7.27838985621929,35.2366710081697,1.12211245298386,0.581560716032981,2.13819098472595,1.14464509487152,slow,validation,63_51
197845,9.375,67.125,406.0,7.15094456076622,35.2275154553354,1.53157091140747,0.659199804067612,1.53157091140747,0.789801478385925,slow,train,63_52
197888,9.375,77.875,845.7,1.16936553865671,35.0102236680687,0.717658942937851,0.76467177271843,2.10568165779114,0.0630707580596208,slow,validation,63_55
197889,9.375,78.125,604.68,1.23546130567789,35.0122989267111,0.793024616241456,1.52105227679014,1.84873344182968,0.260853717029095,slow,train,63_56
197890,9.375,78.375,608.6,0.931760631501674,34.9971007090062,0.600441557168961,1.64704733267427,1.44862626194954,0.335140845179558,slow,train,63_56
197891,9.375,78.625,314.0,3.40537127405405,35.0770592037588,0.282650923728943,1.4900845348835,1.82990987300873,0.441038727760315,slow,train,63_56
197892,9.375,78.875,211.0,3.07074192166329,35.0856043864042,0.463327904542287,3.21469771116972,2.91559994220734,0.505137264728546,slow,train,63_56
197897,9.375,80.125,502.25,2.74382764846087,35.0756858708337,0.94605526328087,1.06808679364622,4.14399075508118,0.0923980548977852,slow,train,63_56
198055,9.625,57.625,35.4,11.2552690297365,34.1590624395758,0.845688027143478,8.60365610942245,2.28816769123077,0.346258991956711,fast,validation,63_49
198056,9.625,57.875,177.260869565217,7.03397640229567,34.9279696506489,0.396886089573736,1.90546957856935,3.184987368791,0.411822898232419,fast,validation,63_49
198057,9.625,58.125,266.8,6.71924193352461,35.0633258745074,0.520808696746826,0.929618212580683,2.28630921840668,0.571614015102387,fast,validation,63_49
198082,9.625,64.375,232.0,8.30088199675083,35.141300666146,0.0,1.02981658279896,1.76116859912872,0.708215892314911,slow,validation,63_51
198095,9.625,67.625,566.666666666667,0.166112266480923,34.9218217190355,0.230452716350555,1.97198400646448,1.33536005020142,0.717899858951569,slow,train,63_52
198096,9.625,67.875,929.333333333333,0.0603961497545243,34.911648882553,0.190288116534551,1.92876979708672,2.10282210508982,0.706326405207316,slow,train,63_52
198136,9.625,77.875,658.666666666667,1.53863950297236,35.0214646523818,0.762723097205162,1.00017700642347,2.10185693502426,0.188881284743548,slow,validation,63_55
198138,9.625,78.375,409.785714285714,3.06563225122435,35.082661530136,0.694813168474606,1.46603943726846,2.02959227561951,0.460030779242516,slow,train,63_56
198139,9.625,78.625,257.25,2.36002687364816,35.0512710632756,0.264402508735657,0.99685659259558,1.82586032152176,0.329861346632242,slow,train,63_56
198303,9.875,57.625,38.0,11.2460402324796,34.3531601596624,1.08112136522929,7.76976835727692,2.7349496682485,0.333310037851334,fast,validation,63_49
198304,9.875,57.875,65.6486486486486,7.95991931130757,34.4278480253509,0.322791022223395,5.02203353433996,3.19826952186791,0.369400246723278,fast,validation,63_49
198339,9.875,66.625,269.0,7.11285746097565,35.2290413808078,1.66598117351532,0.708273567259312,1.66598117351532,0.825065910816193,slow,train,63_52
198384,9.875,77.875,500.583333333333,0.707876846194267,34.992522932589,0.750900606314342,0.911465803161264,2.57118636369705,0.20676189661026,slow,validation,63_55
198387,9.875,78.625,126.333333333333,3.80074466764927,35.1349426433444,0.609285016854604,1.7930234670639,1.8377879858017,0.193969860672951,slow,train,63_56
198388,9.875,78.875,241.0,4.13034456968307,35.0856043864042,0.0,2.65437787771225,1.23743796348572,0.19870525598526,slow,train,63_56
198391,9.875,79.625,210.0,3.74068424105644,35.1145969703794,0.0,2.43977171927691,1.65955638885498,0.474371761083603,slow,train,63_56
198396,9.875,80.875,992.0,-0.180822148919106,34.9330118391663,0.0,0.247566148638725,0.0,0.112272143363953,fast,train,63_56
198551,10.125,57.625,74.3571428571429,8.35445506019252,34.0050311626068,0.816032609769277,9.22728005104831,3.18054371220725,0.389029643365315,fast,validation,63_49
198552,10.125,57.875,82.5,10.7574999332428,33.7565232999623,0.305602371692658,8.71791740879416,3.01838660240174,0.373410359025002,fast,validation,63_49
198553,10.125,58.125,175.166666666667,7.21460617147386,34.7327341209166,1.08308676878611,3.32639545574784,5.53116210301717,0.671135927240054,fast,validation,63_49
198554,10.125,58.375,498.0,6.78399000316858,35.0978117901832,0.932389318943024,0.442396312952042,3.52945923805237,1.0062495470047,slow,validation,63_49
198580,10.125,64.875,329.0,8.19248025119305,35.3068635798991,0.0,0.873805962502956,1.27883696556091,1.13440692424774,slow,validation,63_51
198593,10.125,68.125,1074.0,-0.828302845358849,34.9070711061358,0.28753924369812,0.176519058644772,1.14764654636383,0.644778847694397,slow,train,63_52
198632,10.125,77.875,208.0,1.17200233787298,35.0062562618405,0.601167142391205,1.23343607783318,3.703040599823,0.30466365814209,slow,validation,63_55
198633,10.125,78.125,207.5,3.90456863678992,35.1081117871218,0.230098500847816,1.89867854677141,2.71219849586487,0.533054731786251,slow,train,63_56
198639,10.125,79.625,147.5,4.14957123063505,35.1035340107046,0.637806266546249,4.00152592174709,2.84594032168388,0.563923090696335,slow,train,63_56
198800,10.375,57.875,88.0,12.2707297056913,34.1685231775045,0.780049800872803,8.22534866631031,2.73829078674316,0.266390264034271,fast,validation,63_49
198801,10.375,58.125,184.291666666667,6.50111393909901,34.8925112339202,1.51942116767168,1.59462263714522,5.53197026252746,0.701723247766494,fast,validation,63_49
198803,10.375,58.625,219.791666666667,6.04709007404745,34.8577328491956,0.999713204801084,1.66716513410211,5.41436007618904,0.861183268328508,fast,validation,63_49
198804,10.375,58.875,165.777777777778,6.62819640338421,34.6437076727549,0.660599015377185,2.59274405241012,5.79683333414572,0.753084465309425,fast,validation,63_49
198806,10.375,59.375,20.0,10.0126041546464,29.287087591365,0.0,14.7316507324576,4.0080246925354,0.15155953168869,fast,validation,63_49
198837,10.375,67.125,207.0,8.45689261704683,35.1496932562441,0.0,1.18509475886822,1.35110807418823,1.15224182605743,slow,train,63_52
198840,10.375,67.875,231.0,7.85628835111856,35.2961821015924,0.0,0.815942868590355,1.41727924346924,1.2022248506546,slow,train,63_52
198841,10.375,68.125,725.411764705882,2.14206008876071,35.0064357824843,0.454725030590506,1.26721468217233,1.74683806475471,0.658899307250976,slow,train,63_52
198879,10.375,77.625,864.090909090909,2.52882197499275,35.0573054049164,0.734490914778276,1.17124490439892,2.52120597796007,0.32094283266501,slow,validation,63_55
198882,10.375,78.375,127.666666666667,3.57100132852793,35.1135796867311,0.882288008928299,3.75402081012726,2.28547008832295,0.754042506217957,slow,train,63_56
198883,10.375,78.625,108.0,4.95141454786062,35.1344340015203,0.0,3.85558640956879,1.37056708335876,0.75216281414032,slow,train,63_56
198888,10.375,79.875,427.0,3.35175635665655,35.0856043864042,0.0,1.58354441821575,1.73285007476807,0.420640885829926,slow,train,63_56
199047,10.625,57.625,25.0,14.1421247050166,33.5741752060131,1.15384316444397,10.1813409738243,6.88722419738771,0.583712339401245,fast,validation,63_49
199049,10.625,58.125,213.36,7.02291330993175,34.8463392723352,1.68828033208847,1.87212744355202,4.32389868736267,0.688846155405045,fast,validation,63_49
199051,10.625,58.625,154.428571428571,6.90636050647923,34.893991744944,1.45244067055838,1.54791623832924,6.0168977039201,0.798755935260228,fast,validation,63_49
199090,10.625,68.375,646.2,4.33704033046961,35.0914029031992,0.0298950791358948,3.00536515116692,2.37533142566681,1.08840253353119,slow,train,63_52
199127,10.625,77.625,720.727272727273,0.95093735307455,34.9901646841317,0.816430557857861,1.25001595169306,2.19059146534313,0.645730492743579,slow,validation,63_55
199289,10.875,56.125,21.0555555555556,10.6254972070456,27.801768691279,1.19738670190175,11.1312804445624,6.52440236674415,0.48856411046452,fast,train,63_48
199290,10.875,56.375,21.5,9.44953765533863,27.8912472655065,0.857237875461577,11.2102420013398,8.19695544242857,0.467888876795769,fast,train,63_48
199294,10.875,57.375,40.1363636363636,11.2101504653692,33.3176116459072,1.86672283573584,11.7638866044581,6.21453846584667,0.432770729064941,fast,validation,63_49
199295,10.875,57.625,29.7714285714286,12.1733774044684,33.6942219428186,1.09232648951667,10.0757957607508,4.72254103933062,0.545999906744276,fast,validation,63_49
199296,10.875,57.875,91.1785714285714,8.15619810324694,34.2421490815468,0.762957681502615,6.77895442955196,4.42679901633944,0.435795493423939,fast,validation,63_49
199297,10.875,58.125,164.875,7.16010011360049,34.8355433496181,1.22348680719733,2.28179265512154,4.42309337854385,0.704456698149443,fast,validation,63_49
199299,10.875,58.625,82.2051282051282,7.41284032337941,34.3448262590055,0.965791845932985,4.98300588073639,5.67501555344997,1.02582279841105,fast,validation,63_49
199301,10.875,59.125,23.0,10.9852900877595,30.6398205226287,0.0,15.8808557242155,9.30333018302916,0.112137466669083,fast,validation,63_49
199336,10.875,67.875,183.0,6.84771265089512,34.923856286332,0.0,1.37626270204782,2.32737445831299,1.33868336677551,fast,train,63_52
199338,10.875,68.375,493.4,7.4386486530304,35.2088991645723,0.516184502840042,1.18084658235311,1.81221315860748,1.06471824645996,slow,train,63_52
199373,10.875,77.125,1153.0,-0.035798192024231,34.9625130649656,0.743622422218322,1.20572527125478,2.00042430559794,0.135484178860982,slow,validation,63_55
199374,10.875,77.375,723.0,0.68053226172924,34.9726859014481,0.694347083568573,1.08694723248482,1.56516492366791,0.157185718417168,slow,validation,63_55
199375,10.875,77.625,613.153846153846,2.13446222274349,35.0486887278608,0.777831093623088,1.43049174575852,2.01061872794078,0.618665468807404,slow,validation,63_55
199538,11.125,56.375,18.1818181818182,10.6116103604436,26.946040475741,1.41759424859827,11.992109566927,6.20613729953766,1.10960268974304,fast,train,63_48
199543,11.125,57.625,36.75,14.5791375529021,33.4985655988567,1.33487201929092,10.3879268679768,4.59549952149391,0.667257687449455,fast,validation,63_49
199544,11.125,57.875,63.1071428571429,8.36238115307476,34.0834528324194,1.13913895402636,8.10109473498804,3.98960601431983,0.491416936474187,fast,validation,63_49
199545,11.125,58.125,111.6875,8.11420027446002,33.3450956444722,1.30236748605967,6.62344736466184,4.98217125982046,0.484511831775308,fast,validation,63_49
199546,11.125,58.375,62.1071428571429,7.92461493398462,31.8339117021034,1.04971543699503,11.1928464509547,4.19136763896261,0.468017041683197,fast,validation,63_49
199586,11.125,68.375,423.8,7.1169591486454,35.1918087992817,0.484461116790772,1.11800286769867,2.67431757450104,1.05424647331238,slow,train,63_52
199621,11.125,77.125,946.5,1.35265447465437,35.0147578466151,0.710864156484604,1.42727221069591,1.97541587693351,0.308826341160706,slow,validation,63_55
199622,11.125,77.375,605.133333333333,2.08653219938278,35.04145427607,0.686878410975139,1.30360423475504,2.0285976489385,0.321101726094882,slow,validation,63_55
199623,11.125,77.625,414.5,2.85113072767854,35.0779747590423,0.477123338729143,1.31134983245283,1.97902949154377,0.578135557472706,slow,validation,63_55
199789,11.375,57.125,70.0,10.0078955846174,33.7119808087924,1.70130811986469,8.79041194809335,4.35897502445039,0.606975915886107,fast,validation,63_49
199790,11.375,57.375,39.4761904761905,10.7073798211558,33.4955173810678,1.91194993541354,10.5163644509656,5.75285215604873,0.74691379070282,fast,validation,63_49
199791,11.375,57.625,67.8666666666667,8.66295359283686,33.8872442487627,0.400748797257742,8.66647540926933,4.69947991371155,0.748530135552089,fast,validation,63_49
199792,11.375,57.875,75.25,10.6978057287633,34.0868861647323,2.44414901733399,9.02151554077863,4.9771566092968,0.789570748806,fast,validation,63_49
199794,11.375,58.375,38.8,16.3852351494134,30.932493028231,1.60344433784485,13.7132602795958,5.60517513751983,0.347107101976872,fast,validation,63_49
199826,11.375,66.375,196.75,7.85280924104154,35.2423932286911,0.0,0.863002410158515,1.83131411671638,1.48237800598145,slow,train,63_52
199834,11.375,68.375,306.5,3.48735009413213,35.0255210709292,0.420075610280037,1.29326761560515,1.85951089113951,1.1106014251709,slow,train,63_52
199835,11.375,68.625,606.5,0.0997039899229992,34.9284340627491,0.127445578575134,1.35941648483276,2.41734910011292,1.28817245364189,slow,train,63_52
199869,11.375,77.125,725.533333333333,1.71806392371655,35.0248725526035,0.837300550937653,1.3398358091712,1.92512362798055,0.372286687294642,slow,validation,63_55
199870,11.375,77.375,596.8125,1.78208260098472,35.0334368093172,0.616208728402853,1.49148533446714,1.98836945742369,0.359921813011169,slow,validation,63_55
199882,11.375,80.375,347.0,2.8917813822627,35.097048827447,0.669525057077408,0.930570390075444,1.21758449077606,0.318877950310707,slow,train,63_56
200036,11.625,56.875,58.0454545454545,9.80675403401255,33.4027860313654,1.4185471561822,9.01535635069012,5.30166840553284,0.498642738569866,fast,train,63_48
200037,11.625,57.125,71.9047619047619,9.93876680093152,33.694178344948,1.53985616280919,8.66069956336703,4.8202938976742,0.446008452347346,fast,validation,63_49
200038,11.625,57.375,62.7727272727273,9.87533744797111,33.6889664176852,1.15114324743097,8.76392822340131,5.16348741271279,0.648183909329501,fast,validation,63_49
200039,11.625,57.625,46.2727272727273,6.18917870521545,32.0947904605418,1.89924370158802,9.93993401527405,7.51371955871583,0.285771876573562,fast,validation,63_49
200117,11.625,77.125,603.111111111111,0.61062452942133,34.9842151161283,0.740755226877,0.962513096630573,1.84258845117357,0.46945971581671,slow,validation,63_55
200129,11.625,80.125,109.0,4.65037997066974,35.081026609987,0.0,3.69847712293267,2.43495351076126,0.170121073722839,slow,train,63_56
200282,11.875,56.375,31.1363636363636,10.1810330338776,31.1189611209556,0.808655917644501,9.5240388661623,5.37559096379714,0.564918396147815,fast,train,63_48
200283,11.875,56.625,33.7727272727273,10.3769951574504,31.6473474958912,1.02636313709346,9.57607569918037,4.35143878785047,0.889791304414922,fast,train,63_48
200284,11.875,56.875,44.3333333333333,10.0609105953148,32.6079373979675,1.10864347219467,9.40688583893434,5.41480957894098,0.576565174829392,fast,train,63_48
200285,11.875,57.125,54.2727272727273,9.79799799621105,33.5388014791533,1.90477469021624,8.94377657398582,5.14070070873607,0.436326125806028,fast,validation,63_49
200331,11.875,68.625,729.142857142857,3.06955605958189,35.024567367509,0.285315134695598,0.912154649517366,1.59009801489966,0.699542156287602,slow,train,63_52
200365,11.875,77.125,418.0,0.848994433879852,34.98031552881,0.0,1.29935605823994,1.50040340423584,0.475687503814697,slow,validation,63_55
200379,11.875,80.625,1111.0,2.03482163697481,35.0795006845146,0.631042778491974,0.732444226741791,0.687859833240509,0.293710201978683,fast,train,63_56
200532,12.125,56.875,38.1818181818182,9.54523815214634,33.0256743589416,1.80777335979722,9.13288035616278,5.96791875362396,0.572461664676666,fast,test,64_48
200533,12.125,57.125,30.3720930232558,10.5986617375598,29.9117588957902,1.87882549714211,11.5791426462143,6.79927564776221,0.237686077522677,fast,train,64_49
200566,12.125,65.375,225.333333333333,8.36281422525644,33.3975917194039,0.0,10.7828811407089,1.63759524292416,0.744006878799862,fast,train,64_51
200613,12.125,77.125,444.727272727273,2.24596533179283,35.0460690446198,0.77516667951237,1.50523947179317,1.95600974559784,0.799623548984528,slow,train,64_55
200618,12.125,78.375,234.8,2.17369306236506,35.0260932929814,0.583353531360626,2.76014282405376,1.19375131130218,0.0064550503157079,fast,train,64_56
200778,12.375,56.375,32.5909090909091,9.76334006711841,31.104464828968,1.21752503040162,9.66040666401387,5.52389439669522,0.706012500958009,fast,test,64_48
200780,12.375,56.875,26.4090909090909,10.057649474591,29.9578705569729,2.20843991163102,11.2717839628458,7.31753676587885,0.902991078116677,fast,test,64_48
200824,12.375,67.875,124.0,5.87722405046225,34.395886072889,0.379783421754837,2.49031037092209,7.51259660720825,1.00211811065674,slow,test,64_52
200828,12.375,68.875,2101.0,-0.715506434440613,34.9040192551911,1.71939289569855,0.274666585028172,2.32091069221497,0.937739729881287,slow,test,64_52
200862,12.375,77.375,153.0,4.35593739151955,35.1222265977412,0.0,2.26544999331236,3.81947159767151,0.885009348392487,slow,train,64_55
201026,12.625,56.375,23.0909090909091,10.1543654054403,29.4435643125325,1.90629243850708,10.896938983351,7.7712036262859,0.337285995483398,fast,test,64_48
201027,12.625,56.625,22.6363636363636,9.80841867998243,30.4358320310712,2.75827930190346,9.9996615126729,7.82542063973166,0.173539191484451,fast,test,64_48
201071,12.625,67.625,104.0,5.7204809859395,34.4187749549747,0.533687889575958,5.44645527005196,3.16398310661316,0.707882225513458,slow,test,64_52
201076,12.625,68.875,761.888888888889,4.83560697734356,35.1230743341148,0.690259277820587,2.03432314842939,1.86106423536936,1.08564515908559,slow,test,64_52
201107,12.625,76.625,940.0,-0.450361624360085,34.9208044353873,0.740457773208618,0.936063721776009,1.5970516204834,0.326737642288208,slow,train,64_55
201108,12.625,76.875,825.5,0.592272732406855,34.9747204687446,0.717698415120443,1.19547105208039,2.18494204680125,0.362716431419055,slow,train,64_55
201111,12.625,77.625,90.5,2.29300822690129,34.98031552881,0.0,4.25257118046284,2.47614520788192,0.413790196180344,slow,train,64_55
201324,12.875,68.875,535.428571428571,5.62219394637006,35.1506378767746,0.385082247711363,2.02576633968524,1.95153072334471,1.08154495557149,slow,test,64_52
201356,12.875,76.875,608.25,1.54499956034124,35.020466442802,0.757825344800949,1.46035645483062,2.08585635572672,0.356798758730292,slow,train,64_55
201359,12.875,77.625,103.0,3.72969757765532,34.9971007090062,0.94877028465271,5.83245337754488,8.114670753479,0.420523852109909,slow,train,64_55
201572,13.125,68.875,118.75,6.67174292542041,35.1622821413912,0.743470571935178,1.52659687958657,1.32082425057888,1.04890313744545,slow,test,64_52
201604,13.125,76.875,373.0,3.78609578311444,35.1145969703794,0.359105587005615,1.34476760029793,3.76633721590042,0.51180000603199,slow,train,64_55
201608,13.125,77.875,65.5,3.3964354544878,35.0001525599509,0.38307848572731,3.37803277373314,1.8389121890068,0.330059990286827,slow,train,64_55
201820,13.375,68.875,138.25,3.54695274308324,35.0310525507666,0.2191879786551,1.00051881372928,2.19859901070595,0.904726848006248,slow,test,64_52
201836,13.375,72.875,1315.16666666667,-0.763115309178829,34.9065624643117,0.246711889902751,0.308969389647245,1.84926703572273,0.380484521389008,slow,train,64_54
201846,13.375,75.375,1340.0,-0.691946145147085,34.9124118452892,0.490027899543444,0.291390728205443,1.13897284865379,0.0977038306494554,slow,train,64_55
201850,13.375,76.375,1348.16666666667,-0.201696809381247,34.9419130710885,0.603359927733739,1.14188054949045,1.6649826169014,0.402366176247596,slow,train,64_55
202067,13.625,68.625,95.0,7.34284494817257,35.0291451439261,0.426589965820312,1.62382885068655,1.3217066526413,0.969754338264465,slow,test,64_52
202069,13.625,69.125,386.0,5.48536638915539,35.1207006722689,0.282036989927292,2.02008117735386,1.76020538806915,1.07260930538177,slow,test,64_53
202084,13.625,72.875,1228.6,-0.766484552621841,34.9073762912303,0.487197560071945,0.382482375204563,1.13819276094437,0.387155711650848,slow,train,64_54
202094,13.625,75.375,1099.7,-0.232752444595099,34.9232459161431,0.338372065778822,1.02696005031467,1.12354793548584,0.108635345101356,slow,train,64_55
202098,13.625,76.375,1148.6,-0.275453943014145,34.9394207261503,0.796555793285371,1.14817956984043,1.41156873703003,0.105299928784371,slow,train,64_55
202099,13.625,76.625,824.833333333333,-0.114352835342288,34.9475081311539,0.92975460489591,1.57103182934225,1.53155447045962,0.640799880027771,slow,train,64_55
202102,13.625,77.375,38.5,2.39188819751143,35.0360118085518,0.351659625768661,2.78438672795891,1.49926450848579,0.530214220285415,slow,train,64_55
202342,13.875,75.375,936.0,1.24359876103699,34.9875636748038,0.61879438906908,1.508011107333,1.06824389100075,0.10204704105854,slow,train,64_55
202343,13.875,75.625,756.923076923077,1.5870165051176,35.0046129574856,0.575298946637374,1.5867559044407,1.40627730809725,0.0974104788440924,slow,train,64_55
202344,13.875,75.875,785.56,1.151406006217,34.997222783044,0.649145472049713,1.62705160528421,1.35792737960815,0.0898574611544609,slow,train,64_55
202347,13.875,76.625,575.0,1.64694465081329,35.0209847598782,0.738255384175674,1.61933864912261,1.50604538813881,0.614351127458655,slow,train,64_55
202359,13.875,79.625,184.333333333333,4.40696433931589,34.7928810166195,0.714622835318248,4.77993102371692,1.82774851719538,0.0025833224256833,fast,train,64_56
202361,13.875,80.125,44.0,3.43232522159815,35.1527451071888,0.845875322818756,4.6532181724906,2.79071974754333,0.214448004961014,slow,train,64_56
202579,14.125,72.625,1042.0,-0.555101148784161,34.911648882553,0.408379852771759,0.722922451794147,0.850521445274353,0.361240774393082,slow,train,64_54
202580,14.125,72.875,1016.83333333333,-0.175206743180752,34.9205501144752,0.627136677503586,1.0317697674036,1.19741664330165,0.36093670129776,slow,train,64_54
202590,14.125,75.375,700.4,2.1783807054162,35.0157169997692,0.305512094497681,1.77896053791046,1.43048424720764,0.33256778717041,slow,train,64_55
202591,14.125,75.625,623.066666666667,1.7030732318759,35.0057476200163,0.559574409325917,1.59809564352035,1.36225898663203,0.181393248339494,slow,train,64_55
202592,14.125,75.875,558.0,2.21147386729717,35.0401040632278,0.58705870942636,1.54552390426397,1.71132066033103,0.206288047812202,slow,train,64_55
202593,14.125,76.125,744.357142857143,1.06611182966403,34.9982996504488,0.525529378226825,1.6686649008521,1.23471247724124,0.271991275250912,slow,train,64_55
202594,14.125,76.375,810.111111111111,0.738802269101143,34.9845542106777,0.58393626080619,1.56759341061115,1.32715498076545,0.294587430026796,slow,train,64_55
202595,14.125,76.625,401.333333333333,2.82781458646059,35.0650043925271,0.751515845457713,1.42094179987907,1.57988291978836,0.554685155550639,slow,train,64_55
202597,14.125,77.125,67.0,4.44969025254249,35.0993377156556,0.52657872438431,3.18356883153319,1.70054382085801,0.0662941355258227,slow,train,64_55
202612,14.125,80.875,682.0,-0.133213274180889,34.9131748080254,1.00230121612549,1.6370128467679,3.01168608665466,0.69142758846283,slow,train,64_56
202806,14.375,67.375,247.5,7.0593890324235,33.0896938685328,0.0,9.33573411405087,2.19647121429443,1.22807109355927,fast,test,64_52
202827,14.375,72.625,913.833333333333,-0.0665608495473862,34.919532830827,0.671365564068159,1.07901242002845,1.19805911183357,0.41274777551492,slow,train,64_54
202828,14.375,72.875,966.25,0.0109866829589009,34.9246192490682,0.627369567751884,1.35996581800282,1.43727627396583,0.37578695639968,slow,train,64_54
202829,14.375,73.125,903.444444444444,-0.0207423940300942,34.9255517590791,0.349288016557693,1.00515762716532,1.6583424144321,0.350542177756627,slow,train,64_54
202830,14.375,73.375,941.0,0.0066835731267929,34.9269081372768,0.0,0.848902858793736,1.37525284290314,0.442698657512665,slow,train,64_54
202837,14.375,75.125,655.0,-0.450361624360085,34.8963896278292,0.259223014116287,1.43412579596043,1.98089349269867,0.369625091552734,slow,train,64_55
202838,14.375,75.375,546.545454545455,2.19243031740189,35.0134697277099,0.49908223612742,1.62722472846508,1.50818790089,0.340755925937133,slow,train,64_55
202839,14.375,75.625,410.0,2.62517168372869,35.052796988748,0.832576096057892,1.30008850246668,0.865354508161545,0.314785614609718,slow,train,64_55
202841,14.375,76.125,569.8125,2.5401165978983,35.0500312488293,0.613287955522537,1.59956663567573,1.30485115200281,0.310509037226438,slow,train,64_55
203061,14.625,69.125,110.615384615385,4.99406533860243,34.9752682368629,0.64457853940817,2.57380901277065,1.89284178385368,0.654094324662135,slow,test,64_53
203074,14.625,72.375,786.818181818182,0.81250539422035,34.9571492057293,0.431442870335145,1.67576580494642,1.36660361831839,0.433364152908325,slow,train,64_54
203075,14.625,72.625,779.142857142857,1.47868719909872,34.9908880124401,0.555401501911027,2.11948432241167,1.25534062726157,0.44690551502364,slow,train,64_54
203076,14.625,72.875,755.25,2.11133154015988,35.0093716930132,0.532784897834062,2.1573839513585,1.42747044314941,0.471996977925301,slow,train,64_54
203077,14.625,73.125,727.166666666667,1.81322673987597,34.9990081158467,0.409894711648425,2.21713919285685,1.66991613805294,0.475649065027635,slow,train,64_54
203078,14.625,73.375,810.454545454545,0.526386044919491,34.9464677274227,0.392519352110949,1.52767889946699,1.84876884655519,0.424510327252475,slow,train,64_54
203085,14.625,75.125,872.222222222222,1.41859189420938,34.9820110015571,0.339155269993676,1.74118269234896,1.17163482639525,0.366800165838665,slow,train,64_55
203086,14.625,75.375,438.0,2.37040316686034,35.0227871211246,0.788292268911998,1.71233252808452,1.33754743138949,0.340327277779579,slow,train,64_55
203108,14.625,80.875,783.0,1.14831997454166,35.0006612017751,0.279950380325317,1.05203405767679,1.36915752291679,0.690710127353668,slow,train,64_56
203321,14.875,72.125,977.0,-0.105746615678072,34.9181340658106,0.617513224482536,1.17813653871417,2.08766251802444,0.368241585791111,slow,train,64_54
203322,14.875,72.375,721.885714285714,1.53851742893457,34.9943104452853,0.445907857588359,1.93300402228321,1.50667221035276,0.387345679317202,slow,train,64_54
203323,14.875,72.625,653.024390243902,2.49265287216844,35.0299267155095,0.500646727114189,2.14790162716697,1.51037783593666,0.437879770994186,slow,train,64_54
203324,14.875,72.875,667.434782608696,2.6432598715891,35.0360449808447,0.385265636703243,2.21386044342881,1.66679314167603,0.472196417010349,slow,train,64_54
203325,14.875,73.125,621.551724137931,2.16565132988938,35.0117285462931,0.397085532546043,2.20824357353408,1.63329972686439,0.48292008453402,slow,train,64_54
203326,14.875,73.375,652.571428571429,0.854644717914717,34.9574266467243,0.473184242135002,1.92245682541813,2.11416978495462,0.466029001133782,slow,train,64_54
203327,14.875,73.625,1000.5,-0.336588621139526,34.915718017146,0.46277192234993,0.764183476567268,1.49690711498261,0.103603194157283,slow,train,64_54
203328,14.875,73.875,1118.6,-0.658229295909405,34.9073762912303,0.76461011171341,0.683223974704743,1.33432562351227,0.282151207327842,slow,train,64_54
203333,14.875,75.125,722.85,3.09975892044604,35.0592821720056,0.612358863651752,1.51875972636044,1.19854941666126,0.34289779663086,slow,train,64_55
203334,14.875,75.375,402.666666666667,2.48014772683382,35.0377920549363,0.338425040245057,1.47001556307077,1.50896465778351,0.327874263127645,slow,train,64_55
203557,15.125,69.125,74.4,7.15343487113714,35.0419629178941,0.80100394487381,2.29928891658783,1.55624370574951,0.525795328617096,slow,train,65_53
203558,15.125,69.375,506.794117647059,3.61022299878738,34.9903238047024,0.49583984736134,1.15984697552288,1.97847411562415,0.466709704960094,slow,train,65_53
203569,15.125,72.125,918.5,-0.139805272221565,34.9135562893935,0.513029158115387,1.23270363360643,1.43281051516533,0.39428186416626,slow,train,65_54
203570,15.125,72.375,651.083333333333,1.93725396227092,35.0150303333066,0.477964227398236,1.76546525303274,1.6372509325544,0.417836933086316,slow,train,65_54
203571,15.125,72.625,499.4,3.84088261127472,35.0955229019746,0.710268902778625,2.0679097853601,1.51370047330857,0.45518867969513,slow,train,65_54
203572,15.125,72.875,502.25,3.27869504503906,35.0661488366313,0.638630740344524,1.83697012066841,1.3888164460659,0.469696760177612,slow,train,65_54
203573,15.125,73.125,488.25,3.45741143636406,35.0722525385208,0.0,1.98620563186705,1.64965412020683,0.472885996103287,slow,train,65_54
203574,15.125,73.375,630.0,2.1871700361371,35.0016784854233,0.0,1.82305368036032,1.18873298168182,0.481277465820312,slow,train,65_54
203575,15.125,73.625,405.0,0.920773968100548,34.9284340627491,0.0,2.27204199135303,1.31736767292023,0.339129149913788,slow,train,65_54
203576,15.125,73.875,921.25,0.541184747591616,34.9410229478963,0.772099986672402,2.08270515874028,0.981721967458726,0.339129149913788,slow,train,65_54
203581,15.125,75.125,621.142857142857,3.54679579074894,35.0754678814805,0.532436160104616,1.30793611918177,1.32685818842479,0.339374423027039,slow,test,65_55
203583,15.125,75.625,383.0,4.75145727396011,35.1451154798269,0.0,1.34842982143164,5.19914627075195,0.334429949522018,slow,test,65_55
203585,15.125,76.125,354.0,2.56035036966205,35.0741599453613,1.29134699702263,2.70967741683125,1.4679001569748,0.675701081752777,slow,test,65_55
203815,15.375,71.625,924.0,-0.96380502730608,34.9040192551911,0.842742919921875,0.242439039051533,1.46393013000488,0.286675125360489,slow,train,65_53
203816,15.375,71.875,903.0,0.929458663931915,34.9471811471241,0.570320452962603,1.99465489919697,1.82993834359305,0.301461445433753,slow,train,65_53
203817,15.375,72.125,914.0,1.85537280142307,35.0032044108957,0.0,1.85747855901718,1.38318061828613,0.384534448385239,slow,train,65_54
203818,15.375,72.375,731.571428571429,1.34391746137823,34.9737758482141,0.788589060306548,2.25101037855659,1.50376525947026,0.40463079724993,slow,train,65_54
203819,15.375,72.625,446.666666666667,5.39478745311498,35.1481673307717,0.758404890696208,1.78252509981394,1.03257675965627,0.4654201567173,slow,train,65_54
203820,15.375,72.875,466.8,3.91881467700004,35.0981169752776,0.62089593410492,1.77324747294187,1.22186313867569,0.469389796257019,slow,train,65_54
203821,15.375,73.125,479.5,5.25135045871138,35.1489302935079,0.0,1.53190710023045,2.42371499538421,0.491523891687393,slow,train,65_54
203822,15.375,73.375,490.4,3.15121312737465,35.0608843937516,0.595235270261765,2.06095156520605,1.64091527462006,0.446949672698975,slow,train,65_54
203823,15.375,73.625,556.8,2.98575397655368,35.0462355092168,0.216293355822563,2.19813836887479,1.26972798109055,0.348459002375602,slow,train,65_54
203824,15.375,73.875,776.714285714286,1.28746693847435,34.9720319333885,0.45401882486684,2.1100148649088,1.4192162326404,0.342964470386505,slow,train,65_54
203828,15.375,74.875,814.48,1.44447159022093,34.9871516749263,0.588703609704972,1.378020568192,1.24699392795563,0.225897009670735,slow,train,65_54
203829,15.375,75.125,430.666666666667,3.3964354544878,35.064750071615,0.63242644071579,1.49076814949512,0.979991177717844,0.35155071814855,slow,test,65_55
203848,15.375,79.875,154.666666666667,3.39488918334246,35.0616982206702,0.47012597322464,3.6717429086566,1.38309466838837,0.0015660203061997,fast,train,65_56
204063,15.625,71.625,855.666666666667,1.28040408343077,34.9584439303726,0.280850450197856,2.57747123390436,1.55421775579452,0.402967075506846,slow,train,65_53
204064,15.625,71.875,698.324324324324,1.2928952268652,34.9809753884738,0.622666653749106,2.03463108293914,2.12021978481396,0.40442203508841,slow,train,65_53
204065,15.625,72.125,750.5,2.86632894538343,35.0524155073799,0.936835363507271,2.42896816693246,1.77202391624451,0.387726031243801,slow,train,65_54
204066,15.625,72.375,704.0,3.29389326274395,35.0550858769566,1.09711933135986,2.78548539429903,2.58029818534851,0.400178909301758,slow,train,65_54
204068,15.625,72.875,442.0,5.91824092715979,35.1298562251031,0.0,1.53740043193102,2.20892071723938,0.512623071670532,slow,train,65_54
204069,15.625,73.125,462.0,5.65236367285252,35.1649525109679,0.272538423538208,2.01055940240622,1.49195659160614,0.504786431789398,slow,train,65_54
204071,15.625,73.625,470.333333333333,4.34446243196726,35.1323994342238,0.335213005542755,2.04522842913866,1.62312193711599,0.366618424654007,slow,train,65_54
204072,15.625,73.875,628.571428571429,2.36808376014233,35.0295811226326,0.523759973900659,1.7636210631047,1.18065292494638,0.366743977580751,slow,train,65_54
204073,15.625,74.125,1365.5,-0.777764193713665,34.907834068872,0.67147608101368,0.83718375116587,0.895015060901642,0.438968017697335,slow,train,65_54
204074,15.625,74.375,1346.0,-0.755424644798041,34.9028748110868,0.702248424291611,0.621112704277038,1.23165762424469,0.441970184445381,slow,train,65_54
204075,15.625,74.625,811.0,1.82461014389992,35.0001525599509,0.0,1.62089907377958,1.15407407283783,0.446625977754593,slow,train,65_54
204076,15.625,74.875,581.666666666667,2.02110865339637,35.0110883591697,0.687843634022607,1.75778476148844,1.26468598511484,0.416663643386629,slow,train,65_54
204077,15.625,75.125,490.714285714286,3.84783036793981,35.0906181415277,0.677631786891392,1.54179509729147,1.14984789064952,0.397957418646131,slow,test,65_55
204080,15.625,75.875,365.5,3.43635366484523,35.0871303118765,0.80833113193512,2.32990508526563,2.0772597193718,0.777050167322159,slow,test,65_55
204082,15.625,76.375,139.5,3.69161047786474,35.1199377095327,0.0,1.92706076055765,2.83770406246185,0.770379781723022,slow,test,65_55
204303,15.875,69.625,244.25,4.78698081895709,35.109256231226,0.132758885622025,1.19168675690889,2.11243450641632,0.503795899450779,slow,train,65_53
204310,15.875,71.375,1006.0,-0.852107282727957,34.8986785160377,0.685186296701431,1.160191655159,1.2267559170723,0.293956518173218,slow,train,65_53
204311,15.875,71.625,842.352941176471,1.55748342591173,34.99162532937,0.712323288707172,1.76656930499217,2.08842339936425,0.385774046182633,slow,train,65_53
204312,15.875,71.875,516.733333333333,3.9195959508419,35.0898769777268,0.603559625148773,2.11178319454193,1.75901140769323,0.411526000499725,slow,train,65_53
204313,15.875,72.125,631.666666666667,3.94709399981158,35.0944692867675,0.666309170779728,2.29718924313784,1.65319192693347,0.399025617610841,slow,train,65_54
204314,15.875,72.375,596.2,4.83451644927263,35.1344340015203,0.255323362350464,1.49755546599626,2.02631189823151,0.419777715206146,slow,train,65_54
204319,15.875,73.625,454.4,3.57734917849302,35.0883510522544,0.667202508449555,1.84400158524513,1.88466899394989,0.3731949031353,slow,train,65_54
204320,15.875,73.875,532.3,1.96238290295005,35.006942928303,0.416921989247203,1.96382946074009,1.42520067095756,0.377313864231109,slow,train,65_54
204321,15.875,74.125,1084.88888888889,-0.254636250436306,34.9184307735413,0.866977956559922,1.19014048576355,1.0415270725886,0.468242943286896,slow,train,65_54
204322,15.875,74.375,1124.0,-0.165807042270899,34.9330118391663,0.563414454460145,0.881130404770376,1.18818175792694,0.468242943286896,slow,train,65_54
204323,15.875,74.625,751.033333333333,1.44183479100466,34.9864192306995,0.444068410992622,1.84383068159222,1.3151322722435,0.429730229576429,slow,train,65_54
204558,16.125,71.375,1200.54545454545,-0.7823586165905,34.9017997272313,0.657366774298928,0.761009551584721,1.84039135412736,0.307294092395089,slow,train,65_53
204559,16.125,71.625,653.0,4.33500169403851,35.1062043802813,0.699104013542335,1.91625720821321,1.70455033580462,0.440134602288405,slow,train,65_53
204566,16.125,73.375,479.0,4.0746788084507,35.1222265977412,0.0,2.18341623991728,0.70104843378067,0.512077808380127,slow,train,65_54
204567,16.125,73.625,448.0,3.1272622011602,35.1001006783918,1.16854476928711,1.60515152290464,1.16854476928711,0.375855177640915,slow,train,65_54
204568,16.125,73.875,400.0,5.33814509958029,35.1268043741584,0.186756581068039,2.38044373691082,0.941381454467773,0.408188462257385,slow,train,65_54
204569,16.125,74.125,698.307692307692,2.32799652419411,35.0192266283557,0.566191258338781,1.61047582901441,1.15833944999255,0.538012587107145,slow,train,65_54
204570,16.125,74.375,783.2,1.97351605519652,35.0122073711828,0.58946061730385,1.54662922918797,1.23881206512451,0.533111235499382,slow,train,65_54
204571,16.125,74.625,648.857142857143,1.81163541759763,34.9942668474146,0.54800524030413,2.1422947283302,1.19481094394411,0.418989481670516,slow,train,65_54
204806,16.375,71.375,820.388888888889,2.42737105116248,35.0311797112227,0.820797287755542,2.00177007168532,1.94412313567268,0.312108907434676,slow,train,65_53
204807,16.375,71.625,683.875,1.64818264078349,34.9958608945599,0.744733162224293,2.12193670263514,1.90146304666996,0.320593113079667,slow,train,65_53
204814,16.375,73.375,480.0,4.47898802161217,35.1237525232136,0.0,1.70146793872118,1.45075154304504,0.51295018196106,slow,train,65_54
204818,16.375,74.375,378.25,3.82943206652999,35.0917080882937,0.39192741115888,1.32163457013667,1.06555520494779,0.497993782162667,slow,train,65_54
205053,16.625,71.125,707.4,3.79591053575277,35.1170384511352,1.24536062479019,2.85301675200462,2.39502947330475,0.463346207141876,slow,train,65_53
205054,16.625,71.375,548.857142857143,2.98893487719553,35.0512710632756,0.519813350268772,2.39090722586427,2.00499891383307,0.464257823569434,slow,train,65_53
205057,16.625,72.125,375.0,6.21341595053673,35.1222265977412,0.0,1.4985808879137,0.926237761974335,0.462484806776047,slow,train,65_54
205060,16.625,72.875,436.0,4.85033724457026,35.1420636288822,0.0,1.39750358462334,0.861781358718872,0.470557451248169,slow,train,65_54
205062,16.625,73.375,483.0,4.10690635442734,35.1542710326612,0.0,1.43632312864065,1.64635562896729,0.489318311214447,slow,train,65_54
205068,16.625,74.875,322.0,4.33030184358358,35.1008636411279,0.0,1.09793389588594,0.91530567407608,0.629670023918152,slow,train,65_54
205074,16.625,76.375,66.0,2.87127294391394,35.0550858769566,2.13689970970154,3.27109591662884,3.33888149261475,0.824573040008545,fast,test,65_55
205300,16.875,70.875,904.444444444444,0.759636238217354,34.9570027785376,0.758542971478568,2.48082928732038,1.71106227901247,0.326329631937874,slow,train,65_53
205301,16.875,71.125,661.736842105263,2.46997060705172,35.0259326692474,0.672453957168679,2.73602613414589,1.96874920004292,0.468527657421011,slow,train,65_53
205341,16.875,81.125,966.0,-0.484786503016949,34.9177525844425,0.975261807441711,0.224127933382988,0.975261807441711,0.0239336434751749,fast,train,65_57
205545,17.125,70.125,474.428571428571,2.06223597803286,34.9302869722513,0.786103674343654,1.47059105496321,2.22939756086894,0.890330599887031,slow,train,65_53
205546,17.125,70.375,613.185185185185,3.68303816765547,35.0775791487346,0.571769815904123,1.64981705695391,1.52490892675188,0.83441835531482,slow,train,65_53
205547,17.125,70.625,667.666666666667,4.3465376906097,35.1028982084244,0.630942103763421,2.21198156476021,2.56191212932269,0.497341555853685,slow,train,65_53
205548,17.125,70.875,620.657142857143,3.0638220676354,35.0461483134755,0.715280344656536,2.66726889610291,1.7939229454313,0.514532804489136,slow,train,65_53
205556,17.125,72.875,425.0,5.676534332335,35.125278448686,0.0,1.3678395934403,1.82094901800155,0.524220615625381,slow,train,65_54
205558,17.125,73.375,467.4,3.55332500785589,35.1084932684898,0.571076059341431,1.71479842364788,1.30301897525787,0.50844578742981,slow,train,65_54
205564,17.125,74.875,286.0,4.04538103938103,35.0779747590423,1.06238496303558,1.4004333615303,3.78223633766174,0.876273930072784,slow,train,65_54
205587,17.125,80.625,155.0,3.57734917849302,35.0489821750671,0.0,3.71861933916807,0.476566791534424,0.0805275067687035,fast,train,65_56
205792,17.375,69.875,248.5,5.83730584010481,34.7590563353152,0.690254509449005,3.09750663489103,1.5342887043953,0.706803411245347,slow,train,65_53
205798,17.375,71.375,288.5,6.73821223899722,35.0772117963061,0.0,1.44291512668133,3.28218638896942,0.487473085522652,fast,train,65_53
205806,17.375,73.375,459.0,3.95822017639875,35.1260414114222,0.0,2.10321359708905,1.50791196028392,0.534829278786977,slow,train,65_54
205818,17.375,76.375,163.0,2.89031649380922,35.0505081005394,2.30972719192505,4.25330362468958,2.30972719192505,0.941671848297119,fast,test,65_55
206060,17.625,74.875,301.0,4.64622945338487,35.1095105521381,0.643651227156322,1.90093691647053,1.50764127572378,0.911110818386078,slow,train,65_54
206083,17.625,80.625,137.166666666667,3.59102147072554,35.0065105827525,0.340722113847733,4.03833124414086,1.40598546465238,0.0785692073404789,fast,train,65_56
206300,17.875,72.875,422.5,4.66374707780778,35.1222265977412,0.0,1.74211859330535,1.1073625087738,0.5472531914711,slow,train,65_54
206303,17.875,73.625,283.333333333333,5.10180976241827,35.1481673307717,0.711734533309937,2.32380138337612,1.71762923399607,0.665872315565745,slow,train,65_54
206306,17.875,74.375,121.428571428571,4.58508779960019,35.0537779408374,0.0,2.29443385771343,2.79716668810163,0.799838968685695,slow,train,65_54
206308,17.875,74.875,284.0,3.93844418227673,35.0749229080975,1.61009156703949,1.7666554749012,2.60634136199951,0.930367529392242,fast,train,65_54
206541,18.125,71.125,223.0,7.78450881689787,35.113071044907,0.0,1.33011871576309,2.17094254493713,1.13967490196228,fast,train,66_53
206550,18.125,73.375,441.8,3.63008516281843,35.1182591915131,0.404462778568269,1.60346690118313,1.37221560478211,0.605906951427459,slow,train,66_54
206554,18.125,74.375,115.5,3.89815974980593,35.0711080944166,0.0,2.32551041990518,1.35014390945435,0.784812867641449,slow,train,66_54
206555,18.125,74.625,110.6,2.81560718268156,34.9510177597404,0.0,2.60750144720078,1.89719181060791,0.775988030433655,slow,train,66_54
206796,18.375,72.875,423.0,4.87670523673296,35.137485852465,0.0,1.51176488399506,1.63116037845612,0.584256768226624,slow,train,66_54
206797,18.375,73.125,438.833333333333,3.35187843069434,35.1084932684899,0.679987013339997,1.76274910569191,2.04143631458283,0.592876762151718,slow,train,66_54
206798,18.375,73.375,457.666666666667,3.84530169144273,35.105187096633,0.128982663154602,1.64970854669809,1.40035166343053,0.584133227666219,slow,train,66_54
206800,18.375,73.875,250.0,3.97872861474752,35.1329080760479,0.836581170558929,1.59526352584362,2.45002746582031,0.651590466499329,slow,train,66_54
206801,18.375,74.125,81.0,3.01556445658207,34.9906918220222,0.0,2.25944395065308,1.40034359693527,0.776393866539001,slow,train,66_54
206802,18.375,74.375,77.0,3.51655630767345,35.0352488458157,0.0,3.05941953510046,3.97559499740601,0.770398437976837,slow,train,66_54
207045,18.625,73.125,409.5,4.35886716842651,35.1321451133117,0.0,1.51542710512876,1.93827068805695,0.566309452056885,slow,train,66_54
207046,18.625,73.375,459.5,4.22959076240659,35.1268043741583,0.0,1.70842615887522,1.66463226079941,0.579518914222717,slow,train,66_54
207049,18.625,74.125,99.2222222222222,3.45153153687716,35.0442348513752,0.0,2.16819767653942,1.76717915799883,0.269074923462338,slow,train,66_54
207282,18.875,70.375,98.8,6.24051638692618,34.7828607726842,0.0991749942302704,3.20751975774765,1.8117362499237,0.530802524089813,slow,train,66_53
207290,18.875,72.375,365.0,6.41483811289072,35.1329080760479,0.211309537291527,1.03860591351986,3.00918531417847,0.589599609375,slow,train,66_54
207293,18.875,73.125,415.4,4.7395916774869,35.1289406698197,0.0,1.47177342921495,2.2658798456192,0.56301839351654,slow,train,66_54
207295,18.875,73.625,384.0,3.80294200032949,35.1268043741584,0.0,1.38651692122221,1.87322354316711,0.59999668598175,slow,train,66_54
207297,18.875,74.125,102.0,3.1334879770875,35.0306710693985,0.0,1.81353190541267,1.14605593681335,0.435782372951508,slow,train,66_54
207300,18.875,74.875,63.0,3.81392866373062,35.0268562557175,0.672635525465011,3.78197576478123,2.82227790355683,0.272788569331169,slow,train,66_54
207301,18.875,75.125,60.0,3.62788783013821,34.8963896278292,0.524275720119476,3.56114383041859,4.00200939178467,0.247045114636421,slow,validation,66_55
207306,18.875,76.375,270.0,1.51112401485443,35.0054932991042,0.949162483215334,2.85543381795287,2.78584885597229,1.24093037843704,fast,validation,66_55
207310,18.875,77.375,121.0,-0.831232622265816,35.1390117779374,0.0,0.839381083846092,1.03066074848175,0.559538662433624,fast,validation,66_55
207542,19.125,73.375,475.5,3.16278574615717,35.1168858585879,0.0,1.20267342031002,3.6829491853714,0.534315407276154,slow,train,66_54
207543,19.125,73.625,359.5,3.92489396408201,35.100863641128,0.272143065929413,1.51762443780899,2.84363186359406,0.720620453357697,slow,train,66_54
207549,19.125,75.125,60.0,3.75005952715874,34.8435926064849,0.969081652164459,2.81844538450241,3.81168332099915,0.245549529790878,slow,validation,66_55
207553,19.125,76.125,255.0,1.3668325021863,35.1725821383297,0.0,1.81646168231964,2.27098059654236,1.2718642950058,slow,validation,66_55
207558,19.125,77.375,131.0,-0.801934853196144,35.1084932684898,0.0,1.31839960813522,0.822069704532623,0.570442318916321,fast,validation,66_55
207790,19.375,73.375,469.333333333333,3.28778956085443,35.1074759848416,0.211089471975962,0.834986418485641,1.4819461107254,0.529951771100362,slow,train,66_54
207793,19.375,74.125,111.333333333333,3.20819728821516,35.0184636656195,0.0,2.19415875524282,1.33414963881175,0.246142491698265,slow,train,66_54
207798,19.375,75.375,57.6666666666667,2.74748986959457,34.8867254331708,0.548421601454417,3.98767051845789,1.43149328231812,0.843668341636658,slow,validation,66_55
207806,19.375,77.375,146.5,-1.01104767993093,35.084841423668,0.134679228067398,1.79448835551739,0.803364902734756,0.578768759965897,fast,validation,66_55
207819,19.375,80.625,134.0,1.86782435327768,35.024567367509,0.752542495727539,3.48057496547699,1.10988903045654,0.0587920397520065,fast,train,66_56
207820,19.375,80.875,113.0,3.39790034294128,35.0703451316804,0.0,2.76790673285723,0.38312754034996,0.062022790312767,fast,train,66_56
208036,19.625,72.875,418.545454545455,4.37597972899675,35.119036026299,0.275298701091246,1.19654752314091,2.39425200765783,0.63164202191613,slow,train,66_54
208037,19.625,73.125,428.0,2.66472367197276,35.1222265977412,0.0800930336117745,0.891018401831388,2.63923293352127,0.557224839925766,slow,train,66_54
208038,19.625,73.375,477.0,3.55024874210358,35.0962858647108,0.0,0.781517989933491,1.95877170562744,0.51147723197937,slow,train,66_54
208039,19.625,73.625,477.0,3.62569049745798,35.1115451194346,0.0,0.992828149348498,1.65478777885437,0.690476596355438,slow,train,66_54
208041,19.625,74.125,94.1,3.43254495486617,35.0306710693985,0.157970583438873,1.95342875272035,1.76938076615334,0.776454138755798,slow,train,66_54
208054,19.625,77.375,156.5,-0.11600083485246,35.2053895359859,1.10033175349236,2.46760459989309,1.57698231935501,0.562776803970337,fast,validation,66_55
208067,19.625,80.625,91.5,3.10968353971839,35.0566118024289,0.273151695728302,4.36646625772119,1.04098419845104,0.0015372046618722,fast,train,66_56
208068,19.625,80.875,120.25,2.93646048009396,35.0524155073799,0.119725979864597,3.11838129535318,1.45363622158766,0.0015577999874949,fast,train,66_56
208278,19.875,71.375,232.0,6.25370038300753,35.1390117779374,0.618392527103424,1.23416852205992,3.1347222328186,1.27287328243256,fast,train,66_53
208283,19.875,72.625,410.5,4.23142187297344,35.1222265977412,0.0,1.00454725697637,1.55309700965882,0.611796498298645,slow,train,66_54
208285,19.875,73.125,430.714285714286,3.02812064332622,35.0910541202341,0.0598069131374359,0.882595293223859,3.30714563812528,0.550414962427957,slow,train,66_54
208287,19.875,73.625,475.0,3.08368176966906,35.0680562434718,0.0,0.755516219884157,1.72748816013336,0.685441583395004,slow,train,66_54
208315,19.875,80.625,88.0,3.03827022761106,35.0321969948709,0.0,4.27600939571857,0.0,0.0015358506934717,fast,train,66_56
208533,20.125,73.125,445.666666666667,2.84905546903611,35.0957772228867,0.0,0.862331002950667,0.967055579026542,0.511799474557241,slow,train,66_54
208534,20.125,73.375,470.833333333333,2.81414229422808,35.1026438875124,0.982319990793864,0.919705800712107,1.49004474282265,0.480597481131554,slow,train,66_54
208535,20.125,73.625,480.4,3.08631856888533,35.1008636411279,0.422582197189332,0.919510482251644,1.68786950111389,0.663997018337249,slow,train,66_54
208536,20.125,73.875,299.555555555556,3.61812190711498,35.1059500593692,0.239248262511359,1.14399649947882,2.35279975997077,0.673596852355533,slow,train,66_54
208550,20.125,77.375,126.0,-1.10223698616028,35.1344340015203,0.0,1.07815790176392,1.1665426492691,0.574827253818512,fast,validation,66_55
208780,20.375,72.875,422.0,4.40501115471125,35.1176488213241,0.0,0.804956205189228,1.17095303535461,0.503638327121735,slow,train,66_54
208782,20.375,73.375,472.666666666667,2.9069185629487,35.0876389537007,0.944656670093537,0.622333444654942,1.9468678633372,0.456290443738302,slow,train,66_54
208784,20.375,73.875,303.333333333333,3.62398146092892,35.0784834008664,0.249841590722402,1.05984679609537,2.19548666477204,0.66150285800298,slow,train,66_54
208812,20.375,80.875,68.0,3.20673239976168,34.7972044721246,0.56086140871048,4.75283058732748,1.53182542324066,0.0021498000714927,fast,train,66_56
208814,20.375,81.375,496.0,1.80043948441744,35.0489821750671,0.0,1.16165654361248,0.0,0.152968406677246,slow,test,66_57
209027,20.625,72.625,425.2,4.0395214855671,35.1152073405683,0.650212442874907,1.13045441955328,1.70850729942322,0.520013105869293,slow,train,66_54
209029,20.625,73.125,458.0,2.42448196560144,35.0184636656195,0.105004601180553,1.04226813465357,4.44677448272705,0.412366956472397,slow,train,66_54
209030,20.625,73.375,469.0,3.27265238016844,35.0917080882937,0.992376267910004,1.40849024802446,1.14185953140259,0.424482345581055,slow,train,66_54
209032,20.625,73.875,327.0,3.12543109059334,35.0993377156556,0.0,1.73589281737804,1.59604728221893,0.43439707159996,slow,train,66_54
209033,20.625,74.125,134.25,2.88775293901563,35.0276192184538,0.0,1.65202795341611,2.21854346245527,0.733983270823956,slow,train,66_54
209039,20.625,75.625,50.0,3.45503099262714,34.7468489315361,0.798576533794403,5.31974241882563,10.0994834899902,0.729506313800812,slow,validation,66_55
209276,20.875,72.875,439.857142857143,3.07845002519233,35.1026075559535,0.0,0.903626906020301,1.61936777830124,0.468275866338185,slow,train,66_54
209277,20.875,73.125,461.8,2.41305583566427,35.0843836460263,0.0,0.970928066968917,1.10156240463257,0.411999475955963,slow,train,66_54
209278,20.875,73.375,472.2,2.43649405092001,35.0993377156556,0.256835222244263,0.981914730370046,2.35534346103668,0.412330317497253,slow,train,66_54
209279,20.875,73.625,490.75,2.80224007554352,35.0936154951342,0.0,0.945524459704756,2.9815468788147,0.39350293080012,slow,train,66_54
209280,20.875,73.875,345.142857142857,3.5754657504814,35.0877842799361,0.0219363399914333,1.22485601689134,3.77898466587067,0.42961476956095,slow,train,66_54
209287,20.875,75.625,43.2857142857143,3.26354914477893,34.7492468144212,0.582921198436192,5.04204142200095,4.31030300685338,0.720528244972229,slow,validation,66_55
209524,21.125,72.875,438.0,4.04135259613395,35.0962858647108,0.194320239126683,1.32389293983579,3.12211334705353,0.466314941644669,slow,train,67_54
209526,21.125,73.375,473.0,2.85259561613202,35.1031525293365,0.0,0.915555283427236,1.87784379720688,0.412139594554901,slow,train,67_54
209527,21.125,73.625,497.25,3.12634664587677,35.100863641128,0.804705932736397,1.31125827692449,2.58469188213349,0.381925642490387,slow,train,67_54
209528,21.125,73.875,372.5,3.54402296617627,35.1001006783917,0.0,0.92837305739522,0.815939366817474,0.426706582307815,slow,train,67_54
209533,21.125,75.125,45.1666666666667,1.63002412766218,34.6591082168743,0.641108830769857,3.68883327394724,5.67285378774008,0.550750970840454,slow,train,67_55
209549,21.125,79.125,97.0,-0.796807743608952,34.9635303486139,1.5235036611557,3.69078645855188,1.63688826560974,0.0005856801290065,fast,train,67_56
209555,21.125,80.625,82.0,2.68523211032152,34.9650562740862,0.0,3.77135532349348,0.0,0.001927608042024,fast,train,67_56
209769,21.375,72.125,337.0,5.4813379459083,35.1008636411279,0.774861842393875,0.521134067326784,2.91529273986816,0.646673828363419,slow,train,67_54
209770,21.375,72.375,324.0,5.1894589215517,35.113071044907,0.0,0.645283363759518,2.14027166366577,0.602161943912506,slow,train,67_54
209774,21.375,73.375,468.666666666667,3.06683555245399,35.0978117901832,1.00378183523814,1.51615954935551,1.2283131480217,0.414424588282903,slow,train,67_54
209775,21.375,73.625,475.0,2.23697624355555,35.1527451071888,0.314501285552979,1.20706808567047,2.94222474098206,0.368700623512268,slow,train,67_54
209776,21.375,73.875,381.0,2.96868802607059,35.068819206208,0.0,0.982940152287483,1.43724834918976,0.426014512777328,slow,train,67_54
209781,21.375,75.125,45.6666666666667,1.72304454445839,34.8323007579893,0.81773942708969,3.49766533076763,2.3084458510081,0.554843048254649,slow,train,67_55
209804,21.375,80.875,112.0,3.23236794769764,35.0657673552632,0.0,2.6411938816309,0.263319492340088,0.0019563965033739,fast,train,67_56
209805,21.375,81.125,178.0,2.08316295593977,35.0276192184538,0.574177205562592,1.01809747517109,0.574177205562592,0.152576476335526,fast,validation,67_57
210014,21.625,71.375,376.0,5.17773981392384,35.1176488213241,0.0,0.780053101480007,2.0270562171936,1.28785717487335,slow,train,67_53
210021,21.625,73.125,450.5,3.20050662383438,35.1107821566984,0.0,0.887356180697678,2.72748583555222,0.42320841550827,slow,train,67_54
210022,21.625,73.375,464.0,3.12323375791311,35.0993377156556,0.431336164474487,0.755882441997528,1.47616493701935,0.414306074380875,slow,train,67_54
210023,21.625,73.625,478.5,2.41935485601425,35.0718710571527,0.479155659675598,1.03018280491233,1.40348374843597,0.380216851830482,slow,train,67_54
210024,21.625,73.875,426.833333333333,2.9547715857625,35.092979692854,0.448616494735082,1.3979918807745,1.61496655146281,0.420122161507607,slow,train,67_54
210025,21.625,74.125,211.0,3.01776178926229,35.0611895788461,0.0,1.16458632051945,2.7032527923584,0.642528414726257,slow,train,67_54
210026,21.625,74.375,172.428571428571,2.95592256954738,35.0461483134755,0.0908629042761667,1.27100000317608,2.96036450351988,0.659049323626927,slow,train,67_54
210270,21.875,73.375,452.0,2.02554401010275,35.0993377156556,0.0,1.22586748749018,2.95752318700155,0.400790760914484,slow,train,67_54
210271,21.875,73.625,477.4,2.38471024408936,35.0881984597072,0.126528978347778,1.1059907823801,2.31128141880036,0.391170290112495,slow,train,67_54
210272,21.875,73.875,465.777777777778,2.91644033789635,35.1010331884027,0.728000117672815,1.41866308450699,2.67919782797496,0.411121858490838,slow,train,67_54
210299,21.875,80.625,181.0,3.10052798688412,35.0581377279013,0.0,2.43024994432926,0.404690533876419,0.0380595810711384,fast,train,67_56
210300,21.875,80.875,168.0,2.06558429449797,35.0047303363681,0.548851132392883,1.49272133409977,0.548851132392883,0.0406185537576675,fast,train,67_56
210517,22.125,73.125,432.0,3.38325145840645,35.1329080760479,0.0,1.41727957874537,1.43988978862762,0.428537458181381,slow,train,67_54
210518,22.125,73.375,445.833333333333,2.51200905069709,35.076703154482,0.515964945157369,1.25016022101045,2.91105912129084,0.40486678481102,slow,train,67_54
210519,22.125,73.625,476.75,2.92162848450244,35.100863641128,0.447237491607665,1.32773827202618,2.77306690812111,0.387285090982914,slow,train,67_54
210520,22.125,73.875,472.0,3.2982879281044,35.0947599392384,0.0,1.04593035578728,0.654755413532257,0.407398253679276,slow,train,67_54
210525,22.125,75.125,58.0,0.684926927089691,34.8536637146026,0.0,4.22327341139317,2.61997485160828,0.523045539855957,fast,train,67_55
210528,22.125,75.875,53.0,0.760734904557467,34.8681600065902,0.0,4.60304574295878,3.14897692203522,0.76689925789833,fast,train,67_55
210763,22.375,72.625,402.0,4.09372235834599,35.1046784548089,0.0190674029290677,1.17386394739151,2.35519965489705,0.472600137193998,slow,train,67_54
210764,22.375,72.875,409.0,3.52388074994087,35.1028982084245,0.927184184392293,1.51152073591948,1.64526077111562,0.482984850804011,slow,train,67_54
210765,22.375,73.125,425.0,2.60072635766119,35.101245122496,0.0,1.08539078850299,1.74595988541842,0.441355779767036,slow,train,67_54
210766,22.375,73.375,438.833333333333,2.779839489609,35.10111796204,0.834818462530772,1.11697744578123,2.05320325493812,0.42150434354941,slow,train,67_54
210769,22.375,74.125,420.5,2.33036288246513,35.1008636411279,0.0,1.02505569532514,1.51596707105637,0.67403981089592,slow,train,67_54
210770,22.375,74.375,175.0,3.38021704660995,35.0812445993402,0.0,1.36674092710018,3.57480774606977,0.647189029625484,slow,train,67_54
210779,22.375,76.625,189.0,1.88760034739971,35.0901821628213,0.0,2.07647938281298,1.25345706939697,1.30793702602386,fast,train,67_55
210788,22.375,78.875,112.0,-0.510422050952911,34.8506118636578,1.35697841644287,2.62800988554955,2.00353407859802,0.000486135832034,fast,train,67_56
211002,22.625,70.375,476.0,4.10470902174711,34.5713675022125,0.343785613775253,3.85705129802227,1.56092941761017,0.952399611473083,slow,train,67_53
211004,22.625,70.875,83.8,7.19547716975212,34.8585466761142,0.121296346187592,3.09018219262361,2.91088917255402,0.701455450057984,slow,train,67_53
211011,22.625,72.625,396.0,3.62349316477776,35.081026609987,0.0,1.05178990960121,1.04165613651276,0.484989583492279,slow,train,67_54
211012,22.625,72.875,400.875,3.84395887702703,35.117267339956,0.880845427513122,1.1683400971815,2.34884665906429,0.492343656718731,slow,train,67_54
211013,22.625,73.125,421.5,2.00296031311154,35.0489821750671,0.0,1.12503433227539,5.01874494552612,0.452326625585556,slow,train,67_54
211014,22.625,73.375,434.0,3.10711998492479,35.0932340137661,0.91453742980957,1.78350169211626,1.66405701637268,0.46515816450119,slow,train,67_54
211017,22.625,74.125,383.4,2.68713646531105,35.0862147565931,0.0,1.03611560314894,4.6996376991272,0.666963243484497,slow,train,67_54
211018,22.625,74.375,206.5,3.5462202988565,35.1023895666004,0.0,1.06424146145582,2.19772243499756,0.667373657226562,slow,train,67_54
211043,22.625,80.625,114.0,0.933225519955158,34.8643451929092,0.381652593612671,3.31723990291357,0.381652593612671,0.0001372147817164,fast,train,67_56
211264,22.875,73.875,458.333333333333,2.53402306884527,35.0847566500306,0.0615296098921034,1.09899187088013,2.41115658150779,0.402789476845,slow,train,67_54
211265,22.875,74.125,441.8,3.0168828561902,35.0999480858445,0.200416660308838,1.27679677605629,1.94536871910095,0.659688210487366,slow,train,67_54
211284,22.875,78.875,146.0,0.319437257945538,34.6140934154391,0.0,0.608661152422428,1.84942841529846,0.0441643632948399,fast,train,67_56
211501,23.125,71.125,255.75,5.78695029951632,34.99633774627,0.622104488313199,1.81829279288649,1.9956810772419,1.22376120090485,slow,train,67_53
211510,23.125,73.375,432.0,3.10052798688412,35.1069673430175,0.0,0.877468183636665,0.868432283401489,0.364211440086365,slow,train,67_54
211512,23.125,73.875,462.0,3.1737724095583,35.0947599392384,0.770244836807251,0.856959745287895,2.16639304161072,0.271772593259811,slow,train,67_54
211750,23.375,71.375,378.0,5.20520647242665,35.1283302996307,0.70186549425125,0.621112704277038,2.60806739330291,1.34091103076935,slow,train,67_53
211757,23.375,73.125,382.0,2.76140630990267,35.1420636288822,0.0,0.586687825620174,4.47582769393921,0.416515171527863,slow,train,67_54
211758,23.375,73.375,422.875,2.47080906294286,35.0892284594011,0.217588782310486,1.05307168699801,2.07646648585796,0.366318192332983,slow,train,67_54
211759,23.375,73.625,444.0,2.91595204174519,35.0947599392384,0.928377211093903,1.71098971366882,1.23621201515198,0.275180548429489,slow,train,67_54
211761,23.375,74.125,436.5,2.73979920521379,35.0997191970237,0.0,0.861171299591661,3.50111097097397,0.587071314454078,slow,train,67_54
211762,23.375,74.375,230.583333333333,3.13660086505115,35.0825525354594,0.0,1.32145145907998,3.79858787854513,0.668432593345642,slow,train,67_54
212003,23.625,72.625,360.0,4.98730431497097,35.0978117901832,0.0,0.748557999730111,2.09272543589274,0.465137859185537,slow,train,67_54
212004,23.625,72.875,372.0,4.11056857556105,35.1100191939622,0.792568981647491,1.16238898783922,0.87136709690094,0.398577153682709,slow,train,67_54
212007,23.625,73.625,444.5,2.78191474825144,35.0863673491403,0.0,0.929105501621962,3.19838261604309,0.274782702326775,slow,train,67_54
212009,23.625,74.125,425.8,2.97557300180197,35.0909451255575,0.0749352633953094,1.24852442890406,2.82836365103722,0.650935819745064,slow,train,67_54
212016,23.625,75.875,70.5,1.36353650316596,34.8902859259397,0.0,2.57564012333751,1.61925703287125,0.791205167770386,fast,train,67_55
212018,23.625,76.375,87.0,1.77187415957451,35.0505081005394,0.0,3.42088076099753,1.85517686605453,0.776713520288467,fast,train,67_55
212245,23.875,71.125,152.5,5.6285592354834,35.0283821811899,0.378449618816376,1.99810785055161,2.04998910427094,0.857551991939545,slow,train,67_53
212252,23.875,72.875,395.0,4.45481736212969,35.0932340137661,0.0,0.627704702317715,2.55975413322449,0.49114865064621,slow,train,67_54
212256,23.875,73.875,451.0,2.95916625112295,35.1145969703794,0.0,1.25028229504824,1.12123167514801,0.289251536130905,slow,train,67_54
212257,23.875,74.125,444.5,2.90533160045743,35.0993377156556,1.04689973592758,0.920316170901062,3.90000921487808,0.719988465309143,slow,train,67_54
212276,23.875,78.875,147.75,0.989623725414277,34.8090303945355,0.0,0.820337533950805,1.25459266453982,0.015331415575929,fast,train,67_56
212503,24.125,73.625,424.0,2.83098851144314,35.1176488213241,1.24668389558793,0.510879848152399,2.53193634748459,0.273398160934448,slow,train,68_54
212504,24.125,73.875,449.285714285714,2.64222717072283,35.0882202586425,0.0,0.874015232282025,2.86107231889452,0.293516469853265,slow,train,68_54
212505,24.125,74.125,450.125,2.9189733741805,35.0991469749715,0.77436551079154,0.918851282447576,3.23207945376635,0.495165634900331,slow,train,68_54
212506,24.125,74.375,292.0,2.90496537834406,35.0459303241223,0.0,0.709738455712795,3.62848520278931,0.508242249488831,fast,train,68_54
212524,24.125,78.875,147.0,0.219824843108654,34.8498489009216,0.0,1.54875331744551,2.22223350405693,0.0974369011819363,fast,test,68_56
212533,24.125,81.125,350.0,2.44206062704325,35.0428784731776,0.0,1.87285988777876,3.85706353187561,0.0285595543682575,fast,train,68_57
212748,24.375,72.875,429.666666666667,3.95822017639876,35.1237525232136,0.828629930814107,1.06814783066511,2.32085645198822,0.584824681282043,slow,train,68_54
212749,24.375,73.125,407.666666666667,3.77779474854469,35.1166315376759,1.04609169562658,1.29593798518181,1.32425371805827,0.514122764269511,slow,train,68_54
212750,24.375,73.375,407.2,3.02845547497273,35.1054414175451,0.65176050066948,1.03772698044777,1.93171142935753,0.401072341203689,slow,train,68_54
212751,24.375,73.625,423.3,2.55287943854928,35.0859095714986,0.157248842716217,0.982573930174112,2.33201242685318,0.283639964461326,slow,train,68_54
212770,24.375,78.375,114.0,0.189794629812241,34.597308235243,0.0,2.52693258225918,0.762386441230774,0.0697948336601257,fast,test,68_56
212771,24.375,78.625,126.0,0.748649574816227,34.7712637390941,0.0,0.87527085095644,1.15970551967621,0.182378619909286,fast,test,68_56
212781,24.375,81.125,223.0,2.42155218869448,35.0230414420366,0.0,1.61577196419239,0.475403636693954,0.0286195036023855,fast,train,68_57
212996,24.625,72.875,428.833333333333,4.10580768808722,35.1207006722689,0.902956227461497,1.07559434697032,1.61576288938523,0.603740642468135,slow,train,68_54
212999,24.625,73.625,445.0,3.01116979122162,35.1145969703794,0.0,0.58082827180624,9.36258125305176,0.291199564933777,slow,train,68_54
213001,24.625,74.125,440.8,2.90613728910685,35.0914029031992,0.0,0.875563828647137,2.4591516494751,0.457127952575684,slow,train,68_54
213005,24.625,75.125,138.0,3.11004976183176,35.1557969581336,0.0,2.74739829450846,3.46311283111572,0.883571028709412,slow,train,68_55
213012,24.625,76.875,43.0,2.59733880311251,34.879604447633,0.0,2.45954771339893,1.23393893241882,0.195227727293968,slow,train,68_55
213018,24.625,78.375,126.0,-0.0848719552159309,34.7926266957074,0.0,1.7930234670639,0.92735356092453,0.117528490722179,fast,test,68_56
213244,24.875,72.875,387.0,5.18872647732496,35.1237525232136,0.0,0.969023711979389,3.069007396698,0.63110077381134,slow,train,68_54
213245,24.875,73.125,400.666666666667,3.01572722196579,35.0905212573707,0.0,0.917671233415603,2.14881859885322,0.617096066474915,slow,train,68_54
213249,24.875,74.125,436.833333333333,2.66899626329541,35.0767031544819,0.0,1.02395702898502,5.17909492055575,0.465903103351593,slow,train,68_54
213260,24.875,76.875,49.0,1.84438613802195,34.9452192429453,0.0,2.6360667720437,0.954244077205658,0.975349903106689,slow,train,68_55
213268,24.875,78.875,133.0,-0.518478937447071,34.6034119371325,0.512854337692261,1.3916440308094,0.512854337692261,0.324717670679092,fast,test,68_56
213276,24.875,80.875,185.0,0.64757227152586,35.0016784854233,0.276187241077423,2.84188359975815,0.516966640949249,0.0117700332775712,fast,test,68_56
213278,24.875,81.375,299.5,0.655995380133392,34.9597155349329,0.260905027389526,1.43302712962031,0.260905027389526,0.031330505385995,slow,train,68_57
213492,25.125,72.875,388.25,5.05606251675636,35.1266136334743,0.0,0.874446851201356,2.34392126649618,0.632344894111156,slow,train,68_54
213496,25.125,73.875,443.0,2.77629934251308,35.0708537735045,0.581268628438313,0.895779289305211,3.03715389966965,0.313785980145136,slow,train,68_54
213506,25.125,76.375,55.0,0.616077169775963,34.5545823220164,0.0,3.07553330808878,1.47937715053558,0.995885372161865,slow,train,68_55
213511,25.125,77.625,128.0,1.40125738084316,34.8582414910197,0.0,2.10650959610939,1.0404942035675,0.388357102870941,fast,train,68_55
213517,25.125,79.125,180.5,1.49061557650566,34.8902859259397,0.0,0.563615832477808,0.933480694890024,0.0040922439657151,fast,test,68_56
213524,25.125,80.875,164.0,1.65907774865627,34.9982451531105,0.238703606650233,1.75768303312362,1.97394993901253,0.0118307215161622,fast,test,68_56
213731,25.375,70.625,64.2307692307692,7.0166255579545,34.3944775262991,0.0558440180925222,4.58476280822204,1.26943919291863,0.60677556349681,slow,train,68_53
213741,25.375,73.125,413.0,3.8608050942421,35.1222265977413,0.332356214523315,1.00857570022345,3.40220808982849,0.609672407309214,slow,train,68_54
213744,25.375,73.875,446.4,2.48776514679193,35.0807214248926,0.1651575922966,0.988213750720024,4.10580959320068,0.312915104627609,slow,train,68_54
213746,25.375,74.375,335.0,2.95784785151482,35.0883510522544,0.0,0.835718862712383,6.15181255340576,0.489024651050568,slow,train,68_54
213754,25.375,76.375,74.0,0.842036213725807,34.6354563720524,0.890054225921632,2.8777733668685,2.18561375141144,1.03248107433319,slow,train,68_55
213759,25.375,77.625,137.0,1.2284005433321,34.9864192306995,0.0,1.12063966691494,2.29149007797241,0.4370496571064,fast,train,68_55
213988,25.625,72.875,359.0,5.1894589215517,35.0718710571527,0.0,0.522965177893639,1.6963005065918,0.61799031496048,slow,train,68_54
213989,25.625,73.125,430.0,4.11935790628195,35.1145969703794,0.753084421157837,0.681173130869865,0.958513736724854,0.618114709854126,slow,train,68_54
213990,25.625,73.375,440.0,3.26899015903473,35.0993377156556,0.712197005748749,0.646015807986259,1.09982812404633,0.329760909080505,slow,train,68_54
213991,25.625,73.625,436.142857142857,2.41443701620613,35.0714350784464,0.0,0.875898660293646,4.29077751295907,0.329749358551843,slow,train,68_54
213992,25.625,73.875,445.0,2.25382246077061,35.0596636533737,0.0,0.486342966556549,6.92625904083252,0.308071196079254,slow,train,68_54
213993,25.625,74.125,434.75,2.75554675608873,35.0920895696618,0.187257081270218,0.898525955155492,3.25166791677475,0.438711956143379,slow,train,68_54
213994,25.625,74.375,407.0,2.91961426287889,35.1115451194346,0.0,0.921414837241173,1.39904320240021,0.445893287658691,slow,train,68_54
214005,25.625,77.125,55.0,0.666615821421146,35.0413525477052,0.0,2.6763512045145,3.16075730323792,1.03601288795471,fast,train,68_55
214006,25.625,77.375,101.0,1.10461746901274,34.8323007579893,0.0,1.58281197398901,0.98661595582962,1.07903361320496,fast,train,68_55
214022,25.625,81.375,646.0,-0.35441143065691,34.8826562985778,0.0,0.25782036781311,0.0,0.0263608321547508,fast,train,68_57
214241,25.875,74.125,430.0,2.89873960241676,35.0825525354594,0.0,0.611590929329396,2.89249873161316,0.426024287939072,slow,train,68_54
214247,25.875,75.625,126.0,3.25434127449989,35.1985228713602,0.0,2.61482588946819,2.95906591415405,1.16899871826172,slow,train,68_55
214258,25.875,78.375,196.5,0.812372222542763,34.8193303914741,0.0,0.455580309033394,0.600522190332412,1.2206284403801,fast,test,68_56
214477,26.125,71.125,161.0,6.16287729889155,34.9368266528472,0.0,2.01532028988004,1.60362815856934,0.528220295906067,slow,train,68_53
214486,26.125,73.375,427.0,3.09009065665305,35.097048827447,0.0,0.728232672438026,1.876085922122,0.532747894525528,slow,train,68_54
214487,26.125,73.625,435.0,3.05182044580579,35.0909451255575,0.290658801794053,0.982024597004056,4.84792056679726,0.315581366419792,slow,train,68_54
214488,26.125,73.875,441.0,2.89837338030338,35.1161228958517,1.17400300502777,0.599139377474785,3.23973798751831,0.352648049592972,slow,train,68_54
214489,26.125,74.125,425.833333333333,2.83233132585883,35.0942512974143,0.752204512556395,0.770897548645735,3.46136395136515,0.415733113884926,slow,train,68_54
214490,26.125,74.375,396.0,2.65886411815882,35.0863673491404,0.0,0.714377269148827,3.72466976443926,0.445191944638888,slow,train,68_54
214498,26.125,76.375,89.0,0.805047780275344,34.9444562802091,0.0,2.41084017232061,3.11826109886169,1.25203371047974,fast,train,68_55
214506,26.125,78.375,248.0,0.810907334089279,34.8567155655473,0.0,0.331064790487289,0.487654387950897,1.26617121696472,fast,test,68_56
214509,26.125,79.125,265.318181818182,1.32228657603264,34.8844596650452,0.0223312946883115,0.466766729950905,0.70492869886485,0.298174484209581,slow,test,68_56
214732,26.375,72.875,363.461538461538,4.29136961583908,35.1230482499187,0.4478830741002,0.982602101105909,1.64532265754846,0.55366411117407,slow,train,68_54
214733,26.375,73.125,435.0,3.82711265981197,35.1084932684898,0.893423676490784,0.9324015006423,1.70353221893311,0.588500916957855,slow,train,68_54
214735,26.375,73.625,427.333333333333,3.2581255696714,35.1145969703794,0.647918264071147,0.9361857958138,2.20200401544571,0.325831025838852,slow,train,68_54
214736,26.375,73.875,433.142857142857,2.588235567723,35.0873483012298,0.0,0.843357209648404,5.38408754553115,0.276390365191868,slow,train,68_54
214740,26.375,74.875,272.0,2.89471115916967,35.1084932684898,0.0,1.00271614640951,1.7911559343338,0.639792740345001,slow,train,68_54
214982,26.625,73.375,422.5,3.59877317212522,35.1123080821708,0.0,1.03585924766958,1.65528373420239,0.592274516820907,slow,train,68_54
214983,26.625,73.625,421.444444444444,2.6272062510252,35.0937426555902,0.119929167959426,0.939237646758556,2.78431847360399,0.305829816394382,slow,train,68_54
215014,26.625,81.375,624.0,1.18665122240782,34.9436933174729,0.0,1.30594805628061,4.62727117538452,0.0026023385580629,fast,train,68_57
215230,26.875,73.375,430.5,4.25669119879604,35.1123080821708,0.0,0.835352640599012,5.58874750137329,0.561736017465591,slow,train,68_54
215235,26.875,74.625,370.5,2.54814296588302,35.0858587073162,0.0,1.12930692359805,4.01483201980591,0.541145881017049,slow,train,68_54
215261,26.875,81.125,129.0,1.68324840813875,35.0184636656195,0.164142519235611,1.78130435943604,0.164142519235611,0.0037660496309399,fast,train,68_57
215480,27.125,73.875,407.0,3.87472153455019,35.1405377034098,0.515276849269867,1.02468947321177,0.799169659614563,0.320023268461227,slow,train,69_54
215492,27.125,76.875,125.0,0.452009662985802,34.7895748447627,0.660168886184692,2.45881526917219,2.17008233070374,1.10143744945526,fast,train,69_55
215496,27.125,77.875,142.0,0.925168633460999,34.8475600127131,0.0,0.668721579015255,0.743881583213806,0.917775511741638,fast,train,69_55
215502,27.125,79.375,290.0,1.48109380155802,34.9147007334977,0.0,0.421887874603271,0.429438024759293,0.133567482233047,slow,train,69_56
215503,27.125,79.625,124.0,1.22620321065187,34.8475600127131,0.791323125362396,0.610858485102654,0.791323125362396,0.0006805959856137,fast,train,69_56
215719,27.375,71.625,361.0,4.52769556269049,35.1359599269926,0.165737941861153,1.1235694438219,2.42283028364182,0.409901931881904,slow,train,69_53
215726,27.375,73.375,382.0,3.54676963202655,35.1058228989132,0.0,1.29917294718325,3.66609400510788,0.49957999587059,slow,train,69_54
215728,27.375,73.875,404.333333333333,3.2819300070405,35.0947599392384,0.662961741288504,1.37455366551876,1.77363892396291,0.352543205022812,slow,train,69_54
215729,27.375,74.125,407.0,3.07196266204119,35.1023895666003,0.250259518623352,0.981841485947369,1.80344533920288,0.531032770872117,slow,train,69_54
215730,27.375,74.375,398.142857142857,2.91333616950682,35.0958498860044,0.103094850267683,0.834881783596107,3.00882259437016,0.588496914931706,slow,train,69_54
215738,27.375,76.375,108.5,1.40601826831699,35.0032044108957,0.0,1.86516922339797,2.46166336536408,1.09372615814209,fast,train,69_55
215743,27.375,77.625,135.666666666667,1.48451187461615,34.8902859259397,0.0,1.72978911548853,2.89327432711919,0.775728782018026,fast,train,69_55
215744,27.375,77.875,197.5,1.46058536320924,34.9345377646386,0.0,0.902005065232518,1.37990260124206,0.776956856250763,fast,train,69_55
215748,27.375,78.875,99.5,-1.09308143332601,34.5583971356973,0.0,1.72453993186355,2.0353017449379,0.0100271720439196,fast,train,69_56
215967,27.625,71.625,372.666666666667,4.77953430265188,35.1181574631482,0.852181057135265,1.03323465585709,4.08622789382935,0.400335202614466,slow,train,69_53
215974,27.625,73.375,373.4,3.89068881869316,35.1182591915131,0.0,1.08108767867088,1.83460557460785,0.481376838684082,slow,train,69_54
215975,27.625,73.625,396.0,3.49110387079418,35.1134525262751,0.0,0.913907283917071,3.4290147870779,0.350502155721188,slow,train,69_54
215977,27.625,74.125,402.4,2.8651204124093,35.0807214248926,0.0,0.839381083846092,3.52381570339203,0.573673844337464,slow,train,69_54
215978,27.625,74.375,393.0,2.35343487560749,35.1062043802813,0.0,0.891384623944761,2.96375268697738,0.63783985376358,slow,train,69_54
215984,27.625,75.875,246.5,2.50907927379012,35.0886562373489,0.0,1.27372051030398,2.44721865653992,0.91566789150238,slow,train,69_55
215988,27.625,76.875,115.0,0.062349334359169,34.6324045211077,0.0,2.38337351381779,0.699175000190735,1.01707351207733,fast,train,69_55
215995,27.625,78.625,84.0,0.0843226611614227,34.5789971295744,0.0,2.07135227322578,2.03268194198608,0.0096686594188213,fast,train,69_56
216220,27.875,72.875,308.0,4.26804408431053,35.113071044907,0.0,0.8833277374506,5.50228214263916,0.609890282154083,fast,train,69_54
216222,27.875,73.375,355.5,4.47459335625171,35.1275673368945,0.0,1.0858485661447,4.0030951499939,0.458581700921058,slow,train,69_54
216223,27.875,73.625,392.0,3.13495286554098,35.0856043864042,0.0,0.744895778596401,2.8537118434906,0.352100610733032,slow,train,69_54
216225,27.875,74.125,401.0,3.45991395413876,35.1095105521381,0.0,0.763206884264946,1.58421105146408,0.577796041965485,slow,train,69_54
216227,27.875,74.625,371.0,1.93594166636467,35.0550858769566,0.0,0.780053101480007,10.6523685455322,0.578727543354034,slow,train,69_54
216228,27.875,74.875,326.0,2.90459915623068,35.0878932746127,0.0,1.28104495257139,1.63472390174866,0.565276086330413,slow,train,69_54
216236,27.875,76.875,112.0,1.82094792276621,35.0352488458157,0.0,1.62968840450048,1.77855348587036,1.21870827674866,fast,train,69_55
216239,27.875,77.625,151.0,2.25601979345083,35.0413525477052,0.0,1.10965300351381,0.860861122608185,0.659084796905518,fast,train,69_55
216469,28.125,73.125,324.0,4.52366711944342,35.1176488213241,0.930932819843292,0.622577592730522,1.80047917366028,0.520757913589478,slow,train,69_54
216473,28.125,74.125,393.0,3.40620137751103,35.1054414175451,0.652553776899973,0.88283944129944,3.29883583386739,0.534174660841624,slow,train,69_54
216474,28.125,74.375,391.666666666667,2.56730858981609,35.0942512974143,1.11816291014353,1.4394970536232,1.38316905498505,0.602535605430603,slow,train,69_54
216476,28.125,74.875,348.0,2.36442153900862,35.0978117901832,0.87886518239975,0.505386516451836,2.81459355354309,0.514825165271759,slow,train,69_54
216481,28.125,76.125,130.0,2.02456741780043,35.0001525599509,0.0,2.12408825755119,2.22430634498596,1.05508077144623,slow,train,69_55
216494,28.125,79.375,246.5,1.57814266160131,34.9261451745406,0.0,0.506485182791948,0.441252037882805,0.343189358711242,slow,train,69_56
216495,28.125,79.625,309.5,1.80629903823137,34.9528488703072,0.0,0.554460279643536,0.527893364429474,0.195444941520691,slow,train,69_56
216709,28.375,71.125,83.0,5.66042055934668,34.9192785099149,0.0,1.4319284632802,1.3083188533783,0.364599525928497,slow,train,69_53
216713,28.375,72.125,269.0,5.02392652630806,35.1344340015203,0.0,1.21829889714718,4.58842778205871,0.704410890738169,slow,train,69_54
216716,28.375,72.875,333.8,4.58768274486065,35.106662157923,0.688418591022491,0.830884730815887,3.18928604125977,0.529238176345825,slow,train,69_54
216717,28.375,73.125,337.5,4.44346447661519,35.0795006845146,0.464753806591034,0.628803368657827,2.17798507213592,0.531358242034912,slow,train,69_54
216718,28.375,73.375,352.333333333333,4.90942107886076,35.1222265977412,0.93852839867274,0.632587663829327,1.34788930416107,0.501479128996531,slow,train,69_54
216719,28.375,73.625,376.545454545455,4.27044117450714,35.1205619517714,0.618408609520305,1.10252831876278,2.64494036544453,0.29433939944614,slow,train,69_54
216720,28.375,73.875,386.0,3.61445968598127,35.1095105521381,0.730876584847767,1.39652699232102,1.42252779006958,0.360836982727051,slow,train,69_54
216721,28.375,74.125,389.875,3.43726922012865,35.117076599272,0.406814709305763,1.09637745190412,2.72039323300124,0.536855779588223,slow,train,69_54
216723,28.375,74.625,378.6,2.87178565487265,35.0933866063133,0.144236940145493,1.47770622745156,3.22992690801621,0.559431633353233,slow,train,69_54
216732,28.375,76.875,156.0,1.9645069912076,34.9879451561719,1.27525734901428,1.59526352584362,3.44880151748657,1.22449743747711,fast,train,69_55
216742,28.375,79.375,287.0,1.48841824382543,34.9200414726511,0.0,0.348277229815721,0.493330955505371,0.454967364668846,slow,train,69_56
216743,28.375,79.625,317.0,1.80629903823137,34.9528488703072,0.0,0.554460279643536,0.495667040348053,0.195444941520691,slow,train,69_56
216964,28.625,72.875,350.0,4.42735070362687,35.1016266038641,1.10609167814255,1.14041566103697,2.80880892276764,0.522978007793427,slow,train,69_54
216965,28.625,73.125,315.0,4.2533951997757,35.0947599392384,1.21995651721954,1.37626270204782,5.7572169303894,0.523406684398651,slow,train,69_54
216968,28.625,73.875,379.6,3.4718772098422,35.1075777132064,0.0,0.968291267752648,3.86045582294464,0.343778258562088,slow,train,69_54
216970,28.625,74.375,391.0,2.73796809464693,35.0535599514842,0.0,0.591082490980625,4.85577821731567,0.562113881111145,slow,train,69_54
216971,28.625,74.625,378.0,2.68254648149014,35.0856043864042,0.817363739013673,1.31302835047245,2.26235357920329,0.562526742617289,slow,train,69_54
216987,28.625,78.625,201.0,1.54481644928455,34.9253822118044,0.255923569202423,0.472426526248455,1.10221719741821,0.0136112570762634,fast,train,69_56
216991,28.625,79.625,346.25,1.69569995999336,34.9467451684177,0.0,0.473158970475197,0.492399219423533,0.0774626405909658,slow,train,69_56
216992,28.625,79.875,306.0,1.85830257833004,35.0108340382576,0.0,0.513443402945995,0.534277856349945,0.0794367641210556,fast,train,69_56
216999,28.625,81.625,1334.0,-0.446699403226376,34.899441478774,0.0,0.0615253150463104,0.0,0.001517130061984,slow,test,69_57
217204,28.875,70.875,47.0,7.1839045509696,34.8605303792283,0.0,2.9645680077374,2.79752540588379,0.514669805765152,slow,train,69_53
217210,28.875,72.375,294.0,4.6144902035594,35.1496932562441,0.0,0.762474440038204,5.00483655929565,0.621388733386993,slow,train,69_54
217216,28.875,73.875,377.0,3.48188728094101,35.1023895666003,0.0,0.900906398892402,4.51961398124694,0.341010878483454,slow,train,69_54
217224,28.875,75.875,248.666666666667,2.15689567476511,35.0464389659464,0.0,1.46293526887894,1.61143819491068,1.15626156330109,slow,train,69_55
217452,29.125,70.875,59.5,6.3466161649142,34.9054361859869,0.0389838644436428,2.63444493125592,2.15892159938812,0.481328998293195,slow,train,69_53
217482,29.125,78.375,260.0,1.12878812849522,34.8887600004673,0.0,0.413830988109112,0.360729873180389,0.968424201011658,fast,train,69_56
217486,29.125,79.375,308.0,1.70009462535381,34.9482710938901,0.0,0.437269203364849,0.443075150251389,0.46524840593338,fast,train,69_56
217491,29.125,80.625,538.5,1.8348643630743,34.9955747835338,0.0,1.00198370218277,1.84006947278977,0.0375090129673481,fast,train,69_56
217711,29.375,73.625,387.666666666667,3.47773676365614,35.1013722829521,0.744099895159403,1.1199072226882,1.89981869856517,0.354044884443283,slow,train,69_54
217713,29.375,74.125,359.636363636364,3.57541818916798,35.1162616163492,0.22272359512069,1.13508879393339,3.21583790128881,0.49604655937715,slow,train,69_54
217714,29.375,74.375,371.428571428571,3.11507223652942,35.109801204609,0.124729258673532,0.908858650497028,3.99638935497829,0.605116222585951,slow,train,69_54
217715,29.375,74.625,378.0,2.23184913396835,35.0917080882937,0.0,1.33744315803051,2.22916436195374,0.627694547176361,slow,train,69_54
217717,29.375,75.125,356.333333333333,2.38590656965971,35.0733969826252,0.0,1.07254249602556,3.95761636892954,0.704835295677185,slow,train,69_55
217718,29.375,75.375,336.166666666667,1.79531237483024,35.0512710632756,0.0,1.08352915942669,6.1752704779307,0.859207014242808,slow,train,69_55
217963,29.625,74.625,370.75,2.46769617497921,35.060808097478,0.0,1.01828058622778,5.15911513566971,0.635087355971336,slow,train,69_54
217965,29.625,75.125,364.0,1.76015505194664,35.0556962471455,0.0,1.29847712516785,3.50842156410217,0.723008573055267,slow,train,69_55
218204,29.875,72.875,276.0,4.40501115471125,35.137485852465,0.0,1.57841730862856,4.11762809753418,0.673441171646118,slow,train,69_54
218209,29.875,74.125,348.0,3.44477677345276,35.1100191939622,0.0,1.55790887027979,1.6196004152298,0.630931258201599,slow,train,69_54
218211,29.875,74.625,369.333333333333,2.53337200731039,35.0962858647108,0.0,1.20267342031002,1.93053235610326,0.648702085018158,slow,train,69_54
218212,29.875,74.875,374.0,2.71013521403074,35.1084932684898,0.0,0.927274391055107,1.30700695514679,0.713239789009094,slow,train,69_54
218237,29.875,81.125,151.0,1.61415450274944,34.9864192306996,0.108253508806229,1.27982421219349,1.08145046234131,0.0760663251082103,fast,test,69_57
218443,30.125,70.625,37.0,6.21854306012392,35.0184636656195,0.0,2.13434247672558,2.09706997871399,0.336561560630798,slow,train,70_53
218448,30.125,71.875,354.0,3.98019350320101,35.0993377156556,0.0,1.13968321681023,2.45041346549988,0.481892764568329,slow,train,70_53
218452,30.125,72.875,284.0,4.48118535429239,35.0795006845146,0.0,1.56230353564024,4.52256107330322,0.249038800597191,slow,train,70_54
218455,30.125,73.625,384.333333333333,3.81685844063759,35.0983204320073,0.222433904806773,1.11673329770565,3.70595757166544,0.231301074226697,slow,train,70_54
218479,30.125,79.625,227.0,1.33753473311663,34.9462365265936,0.0,0.859889522194862,0.889676014582316,0.533496121565501,fast,train,70_56
218480,30.125,79.875,221.0,1.36610005795956,34.9686167668551,0.0,1.12186040729284,1.70205930868785,0.564086735248566,fast,train,70_56
218483,30.125,80.625,377.0,0.966185510158539,34.9909970071167,0.308114498853683,1.72783593088388,2.93098020553589,0.471682965755463,fast,train,70_56
218691,30.375,70.625,84.8,5.47887205034495,34.9317910987884,0.0948551654815674,1.87725455313921,1.87433242003123,0.337549032767614,slow,train,70_53
218696,30.375,71.875,349.5,4.16055789403617,35.0739692046773,0.780033696442842,1.16174809914082,3.38145780563354,0.469650004059076,slow,train,70_53
218705,30.375,74.125,332.2,3.08573261350393,35.0907925330102,0.582301482558251,1.47133396267891,3.78670046925544,0.320544096827507,slow,train,70_54
218708,30.375,74.875,371.0,3.37812434881926,35.0947599392385,0.792611797650654,1.55058442801237,1.28291535377502,0.407124787569046,slow,train,70_54
218724,30.375,78.875,100.0,1.0145268291235,34.8948637023568,0.0,1.11770989000797,1.28095030784607,0.0204638987779617,fast,train,70_56
218726,30.375,79.375,336.0,1.73012483865023,34.9848933052272,0.0,0.820337533950806,0.897346973419189,0.0618479549884796,fast,train,70_56
218729,30.375,80.125,245.0,1.51918090134859,34.911648882553,0.639162719249725,0.447523422539234,0.639162719249725,0.598539531230927,fast,train,70_56
218732,30.375,80.875,140.0,1.63563953340054,34.9696340505034,0.0,0.522232733666897,0.494942396879196,0.457008928060532,fast,train,70_56
218733,30.375,81.125,139.0,1.68105107545853,34.9093599943444,0.161531791090965,0.755516219884158,0.342489317059517,0.110768437385559,fast,train,70_57
218944,30.625,71.875,344.333333333333,4.08371228724718,35.0586463697255,1.25312350193659,1.26444288343191,3.28482317924499,0.441405167182287,slow,train,70_53
218951,30.625,73.625,382.333333333333,3.73604542762041,35.1023895666003,0.0,1.06936857104301,3.90470031897227,0.202364817261696,slow,train,70_54
218958,30.625,75.375,370.0,2.72258676588535,35.0672932807356,0.0,1.59086886048317,1.85098278522491,0.519262552261353,slow,train,70_55
218961,30.625,76.125,296.5,2.1368144955486,35.068819206208,0.0,0.920865504071118,4.0396294593811,0.532833591103554,slow,train,70_55
218963,30.625,76.625,284.0,2.15689567476511,35.0637327879667,0.0,0.997100740671157,2.21352914969126,0.450177242358525,slow,train,70_55
218969,30.625,78.125,235.0,1.70668662339449,34.9986266344786,0.0,0.934598833322525,1.05081903934479,0.273324489593506,fast,train,70_56
218972,30.625,78.875,108.5,0.881954424083232,34.8597674164921,0.0,0.623310036957264,0.468192517757416,0.230553016066551,fast,train,70_56
218978,30.625,80.375,207.0,1.98355054110289,34.9879451561719,0.0,0.383800774812698,1.26494348049164,0.494511783123016,fast,train,70_56
219192,30.875,71.875,333.0,5.08691672980785,35.1176488213241,0.660087108612061,1.80620746314526,6.62814235687256,0.271259248256683,slow,train,70_53
219205,30.875,75.125,358.0,3.1334879770875,35.1115451194346,0.0,1.50590533018112,1.89019548892975,0.455682814121246,slow,train,70_55
219209,30.875,76.125,329.0,2.88079471886158,35.0886562373489,0.0,1.20853297412395,1.01323616504669,0.50139445066452,slow,train,70_55
219442,31.125,72.375,292.5,3.75276957079768,35.0901821628213,0.465951353311538,1.53776665404439,4.51487088203431,0.286913752555847,fast,train,70_54
219444,31.125,72.875,274.0,3.58980073034763,35.1237525232136,0.0,1.86626788973808,5.39164352416992,0.370410323143005,slow,train,70_54
219446,31.125,73.375,353.5,4.12228768318892,35.1077303057536,0.0,0.643818475306034,4.88137781620026,0.285849779844284,slow,train,70_54
219447,31.125,73.625,353.0,3.20709862187505,35.0886562373489,0.0,1.1488387696445,1.66697907447815,0.252949863672256,slow,train,70_54
219454,31.125,75.375,355.285714285714,2.06401477115495,35.0672932807356,0.0,1.22192623998438,3.5088677406311,0.550826166357313,slow,train,70_55
219474,31.125,80.375,157.0,2.00552386790514,34.955900721252,0.0,0.757347330451012,4.6756477355957,0.0,fast,train,70_56
219475,31.125,80.625,148.0,1.62465286999941,34.9421673920006,0.0,0.263679921627045,0.819287836551666,0.60895848274231,fast,train,70_56
219695,31.375,73.625,347.75,4.12091435026378,35.1178395620082,0.157541804946959,1.0224005850032,2.85105867683887,0.257632698863745,slow,train,70_54
219706,31.375,76.375,314.666666666667,1.92324596643448,35.0657673552633,0.407494147618612,0.875759147107601,4.58683355649312,0.603049159049988,fast,train,70_55
219725,31.375,81.125,190.0,1.67079685628414,34.9589525721967,0.325926929712296,1.30008850246668,0.325926929712296,0.108483150601387,fast,train,70_57
219963,31.625,78.625,274.0,1.4737693592906,34.9452192429453,0.0,0.589617602527142,2.75374054908752,0.295030176639557,fast,train,70_56
219970,31.625,80.375,171.5,0.781609565019608,34.7445600433275,0.0,1.11770989000797,3.608453810215,0.0,fast,train,70_56
220185,31.875,72.125,256.0,3.88497575372458,35.0886562373489,0.312070280313492,0.922147281467915,1.6634269952774,0.262677729129791,slow,train,70_54
220212,31.875,78.875,187.0,1.28260141611099,34.8872340749949,0.0,0.657734915614128,2.27800297737122,0.287469446659088,fast,train,70_56
220432,32.125,71.875,308.0,4.09372235834599,35.0154118146747,0.0,1.13089388608932,1.75985181331635,0.304825782775879,slow,train,70_53
220468,32.125,80.875,200.75,1.66035952605307,34.8967711091973,0.0,0.441114535555243,0.470466479659081,0.0889072511345148,fast,train,70_56
220682,32.375,72.375,278.0,2.47899674304894,35.0749229080975,0.616471331034388,1.81499679386616,3.34090711389269,0.369121368442263,slow,train,70_54
220697,32.375,76.125,317.0,2.86907561123371,35.0795006845146,0.0,1.10086367279291,1.72251665592194,0.513737201690674,slow,train,70_55
220715,32.375,80.625,167.0,1.16541033983231,34.8445081617683,0.0,0.353038117289543,1.38469123840332,0.0890821367502213,fast,train,70_56
220952,32.625,77.875,120.0,1.6436964198947,34.9513229448348,0.0,1.86040833592415,0.309289991855621,0.561097919940948,fast,train,70_55
220956,32.625,78.875,252.0,1.36902983486652,34.879604447633,0.0,0.672383800148964,0.539405167102814,0.33544909954071,fast,train,70_56
220966,32.625,81.375,381.0,1.10681480169296,34.9147007334977,0.0,1.19388408958912,0.27101394534111,0.0121354982256889,slow,train,70_57
221181,32.875,73.125,260.333333333333,3.56099125742912,35.0952685810625,0.0,1.17947935312986,4.00063117345174,0.313730359077454,slow,train,70_54
221198,32.875,77.375,157.0,1.44373914599419,35.01235996373,0.0,1.85528122633696,0.268290847539902,0.812701106071472,fast,train,70_55
221212,32.875,80.875,206.0,1.25183875858784,34.8612933419645,0.401183873414993,0.393322549760342,0.401183873414993,0.0939951613545418,fast,train,70_56
221213,32.875,81.125,143.0,1.50782801583409,34.9093599943444,0.303446218371391,0.813013091683388,0.303446218371391,0.0120943589136004,fast,train,70_57
221422,33.125,71.375,279.5,4.46433913707733,35.0268562557176,0.0,0.782982878386975,4.21445840597153,0.3444884121418,slow,train,71_53
221426,33.125,72.375,291.0,3.23236794769764,35.0993377156556,0.0,2.2573931068182,2.77569365501404,0.378046810626984,slow,validation,71_54
221437,33.125,75.125,197.0,2.40324108302593,35.0535599514842,0.0,1.41581469029188,1.45001375675201,0.699731051921844,slow,train,71_55
221452,33.125,78.875,273.666666666667,1.05017244815826,34.9665821995586,0.0,0.40479750931263,1.01228352387746,0.463478823502858,fast,train,71_56
221456,33.125,79.875,101.0,0.953001514077187,34.8277229815722,0.0,0.528092287480831,0.910665571689606,0.0999028980731964,fast,train,71_56
221460,33.125,80.875,207.666666666667,1.48670920729637,34.8933377768845,0.0890476206938427,0.574724569916725,0.703643669684728,0.103368615110715,fast,train,71_56
221672,33.375,71.875,265.0,4.16110722720623,34.9864192306995,0.0,0.964629046618938,1.71327912807465,0.404418170452118,slow,train,71_53
221674,33.375,72.375,285.0,2.53215126693249,35.0840784609318,0.0,1.12723166495562,1.04553782939911,0.394881308078766,slow,validation,71_54
221678,33.375,73.375,278.0,3.37446212768555,35.0871303118765,0.0,0.591814935207367,3.61080360412598,0.298723191022873,slow,validation,71_54
221697,33.375,78.125,179.0,1.6385693103075,34.9726859014481,0.0,2.07135227322578,1.60992932319641,0.217747956514359,fast,train,71_56
221707,33.375,80.625,113.0,1.08264414221048,34.8261970560998,0.0,0.446790978312492,0.572989404201508,0.104563929140568,fast,train,71_56
221709,33.375,81.125,209.0,1.63270975649357,34.911648882553,0.0,0.684835352003574,0.231122240424156,0.0124849667772651,fast,train,71_57
221926,33.625,73.375,280.0,3.6820887029171,35.0672932807356,0.0,1.05911435186863,1.99100565910339,0.432894259691238,slow,validation,71_54
221928,33.625,73.875,319.666666666667,3.57124547660351,35.0779747590423,0.0,1.29544968903065,4.78752847512563,0.298997690280278,fast,validation,71_54
221945,33.625,78.125,205.0,1.43494981527328,34.9452192429453,0.0,1.04300057888031,2.31313705444336,0.290155857801437,fast,train,71_56
221954,33.625,80.375,226.0,0.794061116874218,34.7773674409837,0.0,0.778588213026524,1.12655055522919,0.0,fast,train,71_56
222171,33.875,72.625,270.666666666667,2.92718285322189,35.0904364837333,0.0,1.53532517328858,4.25707205136617,0.460526903470357,slow,validation,71_54
222189,33.875,77.125,165.0,1.09070102870464,34.9070711061358,0.0,1.93658253550529,2.30107641220093,0.908108830451965,fast,train,71_55
222205,33.875,81.125,198.5,1.40052493661642,34.8879970377312,0.0,0.212042603641749,0.30437684059143,0.0129775432869792,fast,train,71_57
222408,34.125,69.875,214.0,3.61470383405685,34.6919156145304,0.0,1.3916440308094,3.60220885276794,0.477600961923599,fast,train,71_53
222418,34.125,72.375,270.5,3.3699453882873,35.0779747590422,0.0632179925839107,1.55119479820132,3.80745768547058,0.454007893800735,slow,validation,71_54
222433,34.125,76.125,297.0,2.039948746562,34.9940488580614,0.0,1.46635334193707,2.30058169364929,0.34721714258194,slow,train,71_55
222437,34.125,77.125,168.0,1.4737693592906,34.9208044353873,0.310568749904633,1.96514786034822,1.80974793434143,0.84008663892746,fast,train,71_55
222453,34.125,81.125,236.0,0.748649574816227,34.9055451806635,0.342768907546997,1.40189824998379,0.368921369314194,0.0129775432869792,fast,train,71_57
222665,34.375,72.125,288.0,3.78646200522781,35.0344858830795,0.0,1.54655598476529,2.60547190904617,0.445574700832367,slow,validation,71_54
222668,34.375,72.875,210.333333333333,2.9308450743556,35.0586463697255,1.04305122296016,0.966338083148003,4.79676294326782,0.415846476952235,slow,validation,71_54
222671,34.375,73.625,266.666666666667,3.63863034546375,35.0962858647108,0.252802610397339,1.25052644312382,1.77932099501292,0.387445996205012,slow,validation,71_54
222682,34.375,76.375,290.0,1.57264932990074,35.0108340382576,0.0,0.93679616600275,3.88869857788086,0.452836334705353,fast,train,71_55
222699,34.375,80.625,190.0,1.32068851590157,34.8719748202711,0.0,0.551530502736568,0.250718712806702,0.230525344610214,fast,train,71_56
222916,34.625,72.875,225.5,2.61272013187409,35.068819206208,0.0,1.25980406999588,4.7596218585968,0.386428087949753,slow,validation,71_54
222918,34.625,73.375,227.5,3.34955902397633,35.081026609987,0.0,0.892849512398243,2.86929452419281,0.370526909828186,slow,validation,71_54
222931,34.625,76.625,183.0,1.3353374004364,35.0062562618405,0.0,1.32938627153635,2.13212132453918,0.516195297241211,fast,train,71_55
222947,34.625,80.625,151.0,0.662221156060696,34.8368785344064,0.0,0.1962950527668,0.860066711902618,0.321536153554916,fast,train,71_56
222949,34.625,81.125,173.0,1.37195961177349,34.899441478774,0.0,1.09866634011269,1.92447650432587,0.0124878250062466,fast,train,71_57
223180,34.875,76.875,119.0,0.392681680619717,34.9696340505034,0.0,0.662129580974579,0.53558361530304,0.571973502635956,fast,train,71_55
223191,34.875,79.625,323.0,1.03137304633856,34.8780785221606,0.0,0.287850581109524,0.609932482242584,0.206661939620972,fast,train,71_56
223195,34.875,80.625,138.0,1.47303691506386,34.8963896278292,0.0,0.236579485237598,0.739062190055847,0.399548381567001,fast,train,71_56
223198,34.875,81.375,172.0,1.28919341415167,34.8963896278292,0.0,1.04959257692099,0.240432322025299,0.0142261916771531,fast,train,71_57
223401,35.125,70.125,217.0,3.70918913930655,34.8918118514121,0.0,1.21951963752508,5.75561428070068,0.427857309579849,slow,train,71_53
223402,35.125,70.375,232.0,3.10565509647131,34.7056489437819,0.0,1.4407177940011,3.2378625869751,0.427857309579849,slow,train,71_53
223407,35.125,71.625,231.0,4.05465866625309,34.9202957935631,0.0,1.13089388608932,6.54156072934468,0.25784894824028,slow,train,71_53
223414,35.125,73.375,250.0,2.05459763109684,35.0825525354594,0.0,0.801293984055519,9.29113960266113,0.451761484146118,slow,validation,71_54
223433,35.125,78.125,156.0,1.16101567447186,34.8902859259397,0.358429163694382,0.79763176292181,1.25319039821625,0.262468665838242,fast,train,71_56
223445,35.125,81.125,174.0,0.871700204908848,34.8475600127131,0.0,0.273201696574688,0.0,0.0021184373181313,fast,train,71_57
223655,35.375,71.625,232.714285714286,3.53905280892338,34.9580806147839,0.0283065757581166,1.04530254645007,2.9790734733854,0.264643805367606,slow,train,71_53
223662,35.375,73.375,248.0,2.87566760927439,35.0589006906376,0.0,1.20157475396991,3.85015940666198,0.451761484146118,slow,validation,71_54
223679,35.375,77.625,178.0,1.25183875858784,34.9147007334977,0.0,1.2847071737051,2.42317271232605,0.315194875001907,fast,train,71_55
223681,35.375,78.125,113.0,0.142185755074024,34.7911007702351,0.0,0.941923275589943,1.72747576236725,0.284180730581284,fast,train,71_56
223693,35.375,81.125,169.0,1.29432052373886,34.9055451806635,0.0,0.60939359664917,0.351453900337219,0.0054889186285436,fast,train,71_57
223901,35.625,71.125,161.0,3.5172887519002,34.7697378136218,0.0,0.595477156341076,7.24443674087524,0.272568225860596,fast,train,71_53
223914,35.625,74.375,271.333333333333,2.32511369884014,35.0744142662734,0.0,1.86919766664505,1.88897534211477,0.519815325736999,slow,validation,71_54
223919,35.625,75.625,159.0,0.572130516171455,34.9436933174729,0.0,1.77617724984884,1.93195426464081,0.654772698879242,fast,train,71_55
223921,35.625,76.125,244.0,1.92275767028332,34.9879451561719,0.0,0.995391704142094,2.75403833389282,0.351675480604172,fast,train,71_55
223925,35.625,77.125,127.5,0.893673531711102,34.9185155471787,0.0,1.4582964554429,0.614153802394867,0.570621997117996,fast,train,71_55
223927,35.625,77.625,173.666666666667,0.877071462571622,34.8597674164921,0.0,1.36136966943741,0.932104617357252,0.505895495414734,fast,train,71_55
223928,35.625,77.875,171.0,-0.147862158715725,34.7331156022847,0.0,0.611590929329395,0.447146832942963,0.546007513999939,fast,train,71_55
224150,35.875,71.375,206.0,4.35374005883932,34.8933377768844,0.0,1.58574175089598,8.43747615814209,0.268443793058395,slow,train,71_53
224158,35.875,73.375,253.5,1.64882352948189,35.0795006845146,0.0,1.68315683305263,3.19085329771042,0.382450670003891,slow,validation,71_54
224177,35.875,78.125,180.0,0.56993318349123,34.8445081617683,0.0,0.408703878521919,1.25377690792084,0.238236829638481,fast,train,71_56
224410,36.125,74.375,255.5,1.88357190415263,35.0932340137661,0.0,1.15286721289158,6.79525065422058,0.519534826278687,slow,train,72_54
224673,36.375,78.125,131.0,0.105563543736935,34.6766563598067,0.0,0.884792625904083,0.875018894672394,0.23714753985405,fast,test,72_56
225402,37.125,74.375,172.0,1.04528948664665,35.0276192184538,0.0,1.40116580575705,5.87194108963013,0.522203087806702,fast,train,72_54
225409,37.125,76.125,266.0,1.37342450022697,34.9665821995586,0.0,1.23636585474014,7.56826496124268,0.372285097837448,fast,train,72_55
225422,37.125,79.375,302.0,1.18518633395433,34.9070711061358,0.0,0.316415905952454,0.755445003509521,0.219769701361656,fast,test,72_56
225645,37.375,73.125,235.0,0.176610633730888,35.0886562373489,0.0,1.94244208931923,22.6338920593262,0.406249761581421,slow,train,72_54
225660,37.375,76.875,145.5,0.467024769634008,34.9063081433996,0.0,1.41251869127154,1.17484959959984,0.56267300248146,fast,train,72_55
225892,37.625,72.875,241.0,1.90078434348106,35.068819206208,0.0,1.46269112080336,8.10027027130127,0.39673924446106,slow,train,72_54
225893,37.625,73.125,222.0,1.03430282324553,35.0337229203433,0.0,1.03201391547918,4.99359035491943,0.433069676160812,slow,train,72_54
225901,37.625,75.125,199.0,0.97497484087944,34.9986266344786,0.442787706851959,1.58940397202969,3.35408306121826,0.481217682361603,fast,train,72_55
225910,37.625,77.375,203.0,0.391583014279604,34.9017303669825,0.0,1.059480573982,1.68038791418075,0.500283598899841,fast,train,72_55
225913,37.625,78.125,123.0,0.62706383317709,34.9375896155834,0.0,1.2671285122633,2.85669255256653,0.0706734508275986,fast,test,72_56
226156,37.875,76.875,178.333333333333,0.8609576895833,34.8740093875677,0.072688639163971,1.65410321205854,5.54180733362834,0.494222342967987,fast,train,72_55
226160,37.875,77.875,190.0,0.066194666549562,34.8136081709527,0.0,1.2519302945584,1.56933300197124,0.242723532021046,fast,train,72_55
226163,37.875,78.625,175.0,0.623401612043381,34.7956785466522,0.0,0.705343790352345,5.17324542999268,0.0730619207024574,fast,test,72_56
226388,38.125,72.875,253.0,-0.235023021697998,34.9925229325891,0.43287980556488,2.03912472724915,4.01956558227539,0.529947280883789,fast,train,72_54
226404,38.125,76.875,180.5,0.770989123731852,34.8765525966882,0.0,1.14444410428405,2.17113304138184,0.358964473009109,fast,train,72_55
226406,38.125,77.375,225.0,0.397808790206909,34.8460340872407,0.0,0.904568620026112,2.1171669960022,0.325659424066544,fast,train,72_55
226407,38.125,77.625,249.0,0.988158836960792,34.8803674103692,0.0,1.03311258181929,3.61594688892365,0.154324360191822,fast,train,72_55
226420,38.125,80.875,186.0,0.68053226172924,34.8307748325169,0.0,0.147953733801842,0.0,0.227219879627228,fast,test,72_56
226633,38.375,72.125,301.0,0.191991962492466,35.0184636656195,0.0,0.816675312817097,7.68550252914429,0.462063431739807,fast,train,72_54
226655,38.375,77.625,237.5,0.0539262257516385,34.8590044537559,0.0,0.924344614148141,0.339790679514408,0.157104633748532,fast,train,72_55
226657,38.375,78.125,146.333333333333,0.40635397285223,34.8241624888033,0.0,0.812524795532226,0.703426827987036,0.0387127560873827,fast,test,72_56
226665,38.375,80.125,152.0,0.71715447306633,34.8261970560998,0.0,0.635761588811874,1.80369794368744,0.321961998939514,fast,test,72_56
226904,38.625,77.875,245.0,0.536973193287849,34.8612933419645,0.231850892305374,0.476821191608906,3.57054734230042,0.11991024762392,fast,train,72_55
226905,38.625,78.125,165.0,0.517197199165821,34.8261970560998,0.0,0.460707418620586,5.30116176605225,0.0149461086839437,fast,test,72_56
226911,38.625,79.625,310.0,1.16101567447186,34.9024933297187,0.0,0.665059357881546,0.642336070537567,0.549746930599213,fast,test,72_56
227125,38.875,71.125,289.0,1.80336926132441,35.0428784731776,0.0,1.85821100324392,3.96858310699463,0.39065158367157,fast,train,72_53
227130,38.875,72.375,270.0,-0.826837956905365,34.9040192551911,0.0,0.487075410783291,10.8916492462158,0.530472099781036,fast,train,72_54
227137,38.875,74.125,220.428571428571,0.0376555004290172,34.9962287515934,0.643257796764374,0.701367664550032,3.79133135931832,0.480702451297215,fast,train,72_54
227139,38.875,74.625,160.0,-0.506027385592461,34.9330118391663,0.358404994010925,1.28324228525162,2.90625834465027,0.613106787204742,fast,train,72_54
227141,38.875,75.125,213.0,0.494491428136826,34.8979155533016,0.0,0.542008727788925,7.17501020431519,0.517526209354401,fast,train,72_55
227152,38.875,77.875,248.0,-0.107577726244926,34.8277229815722,0.0,0.367687001824379,1.03751909732819,0.119875214993954,fast,train,72_55
227394,39.125,76.375,233.0,1.48036135733128,34.9696340505034,0.0,1.96148563921452,2.04844284057617,0.582705020904541,slow,train,73_55
227405,39.125,79.125,223.0,1.35438095033169,34.9299599882215,0.0,0.281258583068848,0.707646727561951,0.0182227548211813,fast,train,73_56
227625,39.375,72.125,309.5,0.275124382227659,35.0375377340243,0.0,0.575334940105677,6.46000194549561,0.498868227005005,slow,train,73_54
227890,39.625,76.375,229.0,0.380230128765106,35.0184636656195,0.0,1.4546342343092,2.29123735427856,0.468305617570877,fast,train,73_55
228136,39.875,75.875,310.666666666667,0.456648476421834,35.0362661294639,0.297489469250043,2.15875728428364,4.12949051459631,0.372916052738826,fast,train,73_55
228153,39.875,80.125,315.0,0.850459322333336,34.8735007457435,0.0,0.563249610364437,0.59693717956543,0.356725186109543,fast,train,73_56
228403,40.125,80.625,230.0,0.679067373275757,34.8170415032655,0.0,0.411633655428886,0.773801505565643,0.266703337430954,fast,train,73_56
228603,40.375,68.625,77.0,2.53434859961271,34.5851008314639,0.0,3.94714193791151,1.31155705451965,0.425974041223526,slow,validation,73_52
228616,40.375,71.875,343.0,0.0520951151847839,35.0428784731776,0.0,0.534684285521507,2.58096933364868,0.442164182662964,slow,train,73_53
228620,40.375,72.875,350.857142857143,-0.158011743000575,35.0014604960701,0.286521856273924,0.547763646713325,7.74711765561784,0.594839368547712,fast,train,73_54
228638,40.375,77.375,211.0,-0.0401928573846817,34.8643451929092,0.0,0.990264594554901,2.85065531730652,0.397413790225983,fast,train,73_55
228857,40.625,70.125,111.0,2.87859738618135,34.8490859381855,0.0,1.58940397202969,2.19688606262207,0.594857156276703,slow,train,73_53
228859,40.625,70.625,136.0,3.00164801627398,34.9040192551911,0.0,1.60551774501801,9.7525577545166,0.626275360584259,slow,train,73_53
228860,40.625,70.875,136.5,3.03753778338432,34.782708180137,0.0,1.30961027741432,2.26554971933365,0.626275360584259,slow,train,73_53
228866,40.625,72.375,352.0,-0.546311818063259,34.9101229570806,0.0,0.583758048713207,6.27674531936646,1.02989733219147,fast,train,73_54
228884,40.625,76.875,180.5,0.944944627583028,34.9612414604053,0.0,1.42753379791975,2.83534377813339,0.511285483837128,fast,train,73_55
228903,40.625,81.625,418.0,0.302591040730476,34.8612933419645,0.0,0.336191900074482,0.517157256603241,0.204924345016479,slow,train,73_57
229134,40.875,77.375,208.75,0.617542058229447,34.9204229540192,0.0,0.862086854875088,1.35102887451649,0.394366905093193,fast,train,73_55
229362,41.125,72.375,319.0,0.645374938845634,35.0383006967604,0.0,0.878933072090149,5.52494955062866,0.471453607082367,slow,train,73_54
229371,41.125,74.625,205.2,0.0733359977602958,35.0010681152344,0.340017855167389,0.846998503804208,2.7661471247673,0.535764086246491,fast,train,73_54
229390,41.125,79.375,276.0,1.33240762352943,34.9101229570806,0.0,0.269539475440979,0.636677503585815,0.020481925457716,fast,train,73_56
229633,41.375,78.125,271.0,0.604358062148094,34.9284340627491,0.0,1.30521561205387,0.797653436660767,0.0184427201747894,fast,train,73_56
229883,41.625,78.625,302.0,0.651966936886311,34.9070711061358,0.0,0.889919735491276,0.663785815238953,0.0194461811333895,fast,train,73_56
230117,41.875,75.125,191.0,-0.284096784889698,34.9497970193624,0.292926371097565,1.02542191743851,7.03002834320068,0.545241594314575,fast,train,73_55
230119,41.875,75.625,262.0,-0.0178533084690569,34.9906155257486,0.173884831368923,0.910061951726675,4.10457772016525,0.444981552660465,fast,train,73_55
230124,41.875,76.875,212.0,0.296365264803171,34.9299599882215,0.0,1.8420972302556,1.97837018966675,0.529904067516327,fast,train,73_55
230617,42.375,76.125,282.0,-0.120761722326279,35.0032044108957,0.340956896543503,0.457045197486877,4.52343702316284,0.41803714632988,fast,train,74_55
230618,42.375,76.375,283.5,-0.0321359708905221,34.9673451622948,0.0,1.11624500155449,3.32961302995682,0.419111728668213,fast,train,74_55
230865,42.625,76.125,285.0,0.226233730092645,35.0192266283557,0.179243132472038,0.791589098051189,5.49541545286776,0.416561335325241,fast,train,74_55
230868,42.625,76.875,227.0,1.28479874879122,34.9406414665282,0.0,2.10211493074894,1.28862226009369,0.462455302476883,fast,train,74_55
231116,42.875,76.875,217.333333333333,1.78408156335354,35.0347402039915,0.0,1.66313669085503,4.26263507207235,0.565684417883555,fast,train,74_55
231367,43.125,77.625,242.0,0.692983813583851,34.9589525721967,0.0,0.818872645497322,0.899513602256775,0.22969913482666,fast,train,74_55
231378,43.125,80.375,390.0,0.135593757033348,34.8658711183816,0.0,0.763206884264946,0.568434000015259,0.699902713298798,fast,train,74_56
231611,43.375,76.625,240.0,0.8358104377985,34.9658192368224,0.0,1.73809015005827,1.2301065325737,0.59292608499527,fast,train,74_55
231617,43.375,78.125,304.0,0.323099479079247,34.9421673920006,0.0,0.700949124991894,0.388724744319916,0.118514150381088,fast,train,74_56
232327,44.125,69.625,91.0,1.17859433591366,34.621723042801,0.0,4.52577287703753,0.924614787101746,0.664021015167236,fast,train,74_53
232369,44.125,80.125,363.0,0.219092398881912,34.8612933419645,0.0,0.538346506655216,1.30660200119019,0.256644487380981,fast,train,74_56
232611,44.375,78.625,222.0,0.635853163897991,34.9040192551911,0.0,1.06936857104301,0.888567566871643,0.0205642078071833,fast,train,74_56
233071,44.875,69.625,85.6666666666667,0.880977831780911,34.6832687035203,0.0,3.01058991998434,1.63165656725565,0.825269222259521,fast,train,74_53
233100,44.875,76.875,275.0,0.506942979991436,34.9589525721967,0.0,0.733176670968533,0.337268620729446,0.404170513153076,fast,train,74_55
233326,45.125,71.375,207.0,1.67226174473763,34.8735007457435,0.0,1.08987700939178,1.97783696651459,0.659078776836395,slow,train,75_53
233360,45.125,79.875,278.0,0.527451418340206,34.867397043854,0.0,0.394054993987083,0.537149429321289,0.391113758087158,fast,test,75_56
233572,45.375,70.875,139.0,1.02111882716417,34.9055451806635,0.0,1.79375591129065,2.45039129257202,0.583555281162262,slow,train,75_53
233598,45.375,77.375,242.0,0.674672707915306,34.955900721252,0.0,0.787377543747425,0.354626029729843,0.293849110603333,fast,train,75_55
234096,45.875,77.875,295.0,0.348735027015209,34.9330118391663,0.0,0.812280647456646,0.400986224412918,0.125646486878395,fast,train,75_55
234842,46.625,78.375,252.0,0.109958209097385,34.9223303608596,0.0,0.76467177271843,0.698321938514709,0.0093038538470864,fast,test,75_56
235058,46.875,70.375,108.0,1.27014986425638,34.8902859259397,0.0,2.28156376630068,2.37086534500122,0.621879160404205,fast,train,75_53
235066,46.875,72.375,250.0,1.47889646887779,35.0138858892024,0.0,1.06057924032211,2.12263178825378,0.844490468502045,slow,validation,75_54
235307,47.125,70.625,111.0,1.06213570386171,34.7911007702351,0.0,2.55769523978233,0.942067801952362,0.690324544906616,fast,train,75_53
235559,47.375,71.625,64.4,0.387701059877872,34.9098177719861,0.0,2.37956480383873,3.77463335990906,0.827165246009827,fast,train,75_53
235560,47.375,71.875,71.0,0.780144676566126,34.9230933235958,0.0,2.10541092976927,2.83758592605591,0.799471735954284,slow,train,75_53
236547,48.375,70.625,139.5,0.977538395673035,34.8582414910198,0.0,2.43244727700949,1.02267153561115,0.840852320194244,fast,validation,76_53
237044,48.875,70.875,128.0,0.170751079916954,34.8048340994865,0.0,1.75420392304659,0.796797335147858,0.903594493865967,fast,validation,76_53
237045,48.875,71.125,129.75,0.790765117853879,34.8479414940812,0.0,2.01092562451959,1.36017128825188,0.905515596270561,fast,validation,76_53
237058,48.875,74.375,198.0,0.626331388950348,34.9711599759758,0.0,1.80254524201155,6.91583108901978,0.684764087200165,fast,train,76_54
237294,49.125,71.375,128.0,0.0506302267313004,34.810937801376,0.0,1.40336313843727,1.95768702030182,0.983039498329163,fast,validation,76_53
237295,49.125,71.625,132.0,0.70128484815359,34.855189640075,0.0,1.61479537189007,1.9027423063914,0.787294824918111,fast,validation,76_53
237296,49.125,71.875,119.0,-0.173497706651688,34.798730397597,0.0,1.5124973282218,1.57339453697205,0.644171595573425,fast,validation,76_53
237545,49.375,72.125,119.0,-0.21964169293642,34.7849970683455,0.0,1.54838709533215,3.28558659553528,0.564009964466095,fast,train,76_54
237550,49.375,73.375,267.0,0.684926927089691,34.9467451684177,0.0,1.42020935565233,5.99854469299316,0.585870742797852,fast,train,76_54
237794,49.625,72.375,110.0,-0.190343923866749,34.7804192919284,0.0,1.70805993676186,2.3987250328064,0.599407136440277,fast,train,76_54
238547,50.375,74.625,136.0,0.530381195247173,35.0108340382576,0.0,1.40189824998379,4.28804397583008,0.704460918903351,fast,train,76_54
238791,50.625,73.625,269.0,0.765495792031288,34.936063690111,0.0,1.11258278042078,6.56786394119263,0.679546475410461,fast,train,76_54
239289,51.125,74.125,229.0,0.166356414556503,34.9711599759758,0.0,2.52986235916615,1.95830023288727,0.721962451934814,fast,test,77_54
